{
    "count": 163,
    "next": "https://api.rawg.io/api/games?developers=11&key=6144c1f5ae184e6a89a3e2b34caf541c&ordering=-rating&page=2&page_size=10",
    "previous": null,
    "results": [
        {
            "slug": "enduro",
            "name": "Enduro",
            "playtime": 0,
            "platforms": [
                {
                    "platform": {
                        "id": 23,
                        "name": "Atari 2600",
                        "slug": "atari-2600"
                    }
                },
                {
                    "platform": {
                        "id": 22,
                        "name": "Atari Flashback",
                        "slug": "atari-flashback"
                    }
                }
            ],
            "stores": null,
            "released": "1983-02-01",
            "tba": false,
            "background_image": "https://media.rawg.io/media/screenshots/b5a/b5a70d9cc5f4f40f01c452cc958b6b0e.jpg",
            "rating": 4.33,
            "rating_top": 4,
            "ratings": [
                {
                    "id": 4,
                    "title": "recommended",
                    "count": 4,
                    "percent": 66.67
                },
                {
                    "id": 5,
                    "title": "exceptional",
                    "count": 2,
                    "percent": 33.33
                }
            ],
            "ratings_count": 6,
            "reviews_text_count": 0,
            "added": 28,
            "added_by_status": {
                "yet": 1,
                "owned": 12,
                "beaten": 5,
                "toplay": 4,
                "dropped": 6
            },
            "metacritic": null,
            "suggestions_count": 161,
            "updated": "2019-08-28T22:26:30",
            "id": 52525,
            "score": null,
            "clip": null,
            "tags": [
                {
                    "id": 31,
                    "name": "Singleplayer",
                    "slug": "singleplayer",
                    "language": "eng",
                    "games_count": 231472,
                    "image_background": "https://media.rawg.io/media/games/511/5118aff5091cb3efec399c808f8c598f.jpg"
                }
            ],
            "esrb_rating": null,
            "user_game": null,
            "reviews_count": 6,
            "saturated_color": "0f0f0f",
            "dominant_color": "0f0f0f",
            "short_screenshots": [
                {
                    "id": -1,
                    "image": "https://media.rawg.io/media/screenshots/b5a/b5a70d9cc5f4f40f01c452cc958b6b0e.jpg"
                },
                {
                    "id": 727014,
                    "image": "https://media.rawg.io/media/screenshots/6b4/6b43fa4f014687cc65398f6c184a3653.jpg"
                },
                {
                    "id": 727015,
                    "image": "https://media.rawg.io/media/screenshots/f26/f26dbde80deb4c89b523ec39687c48ad.jpg"
                },
                {
                    "id": 727016,
                    "image": "https://media.rawg.io/media/screenshots/f2c/f2ce7377162035f1bde36ff0a2d2a920.jpg"
                },
                {
                    "id": 727017,
                    "image": "https://media.rawg.io/media/screenshots/d9f/d9f42ef804cebe2163e36e24c7f5b1e3.jpg"
                },
                {
                    "id": 727018,
                    "image": "https://media.rawg.io/media/screenshots/9c9/9c91f8ea493e4582a286ca079794956c.jpg"
                },
                {
                    "id": 727019,
                    "image": "https://media.rawg.io/media/screenshots/fe8/fe8e79aaa05114a9f649f8240b56fcc7.jpg"
                }
            ],
            "parent_platforms": [
                {
                    "platform": {
                        "id": 9,
                        "name": "Atari",
                        "slug": "atari"
                    }
                }
            ],
            "genres": [
                {
                    "id": 1,
                    "name": "Racing",
                    "slug": "racing"
                }
            ]
        },
        {
            "slug": "civilization-call-to-power",
            "name": "Civilization: Call to Power",
            "playtime": 6,
            "platforms": [
                {
                    "platform": {
                        "id": 4,
                        "name": "PC",
                        "slug": "pc"
                    }
                }
            ],
            "stores": null,
            "released": "1999-03-01",
            "tba": false,
            "background_image": "https://media.rawg.io/media/screenshots/335/3351dac5aa3422dccd0e8afb7fac417c.jpg",
            "rating": 4.23,
            "rating_top": 4,
            "ratings": [
                {
                    "id": 4,
                    "title": "recommended",
                    "count": 10,
                    "percent": 76.92
                },
                {
                    "id": 5,
                    "title": "exceptional",
                    "count": 3,
                    "percent": 23.08
                }
            ],
            "ratings_count": 13,
            "reviews_text_count": 0,
            "added": 21,
            "added_by_status": {
                "yet": 3,
                "owned": 4,
                "beaten": 8,
                "toplay": 4,
                "dropped": 2
            },
            "metacritic": null,
            "suggestions_count": 420,
            "updated": "2023-01-15T22:16:53",
            "id": 30442,
            "score": null,
            "clip": null,
            "tags": [],
            "esrb_rating": null,
            "user_game": null,
            "reviews_count": 13,
            "saturated_color": "0f0f0f",
            "dominant_color": "0f0f0f",
            "short_screenshots": [
                {
                    "id": -1,
                    "image": "https://media.rawg.io/media/screenshots/335/3351dac5aa3422dccd0e8afb7fac417c.jpg"
                },
                {
                    "id": 303370,
                    "image": "https://media.rawg.io/media/screenshots/2de/2dee23d83c145ec1fbbdd033556bc078.jpg"
                },
                {
                    "id": 303371,
                    "image": "https://media.rawg.io/media/screenshots/a0f/a0f78f1e36798df92db36d724c5ade6e.jpg"
                },
                {
                    "id": 303372,
                    "image": "https://media.rawg.io/media/screenshots/fa9/fa9e9534245cd122ff51e0cce1b170ed.jpg"
                },
                {
                    "id": 303373,
                    "image": "https://media.rawg.io/media/screenshots/64a/64a554a53fde27422c2ff1f83fe61681.jpg"
                },
                {
                    "id": 303374,
                    "image": "https://media.rawg.io/media/screenshots/d12/d12f08395bee20212924f8e550dec4dc.jpg"
                },
                {
                    "id": 303375,
                    "image": "https://media.rawg.io/media/screenshots/840/840d89ffae4debf4e15d847e4db36601.jpg"
                }
            ],
            "parent_platforms": [
                {
                    "platform": {
                        "id": 1,
                        "name": "PC",
                        "slug": "pc"
                    }
                }
            ],
            "genres": [
                {
                    "id": 10,
                    "name": "Strategy",
                    "slug": "strategy"
                }
            ]
        },
        {
            "slug": "x-men-2-clone-wars",
            "name": "X-Men 2: Clone Wars",
            "playtime": 0,
            "platforms": [
                {
                    "platform": {
                        "id": 167,
                        "name": "Genesis",
                        "slug": "genesis"
                    }
                }
            ],
            "stores": null,
            "released": "1995-01-01",
            "tba": false,
            "background_image": "https://media.rawg.io/media/screenshots/08a/08aec7e82d04bb0b0e964376e06886e2.jpg",
            "rating": 4.17,
            "rating_top": 4,
            "ratings": [
                {
                    "id": 4,
                    "title": "recommended",
                    "count": 15,
                    "percent": 50.0
                },
                {
                    "id": 5,
                    "title": "exceptional",
                    "count": 10,
                    "percent": 33.33
                },
                {
                    "id": 3,
                    "title": "meh",
                    "count": 5,
                    "percent": 16.67
                }
            ],
            "ratings_count": 30,
            "reviews_text_count": 0,
            "added": 64,
            "added_by_status": {
                "yet": 3,
                "owned": 16,
                "beaten": 21,
                "toplay": 8,
                "dropped": 15,
                "playing": 1
            },
            "metacritic": null,
            "suggestions_count": 194,
            "updated": "2025-02-04T22:17:31",
            "id": 57270,
            "score": null,
            "clip": null,
            "tags": [
                {
                    "id": 31,
                    "name": "Singleplayer",
                    "slug": "singleplayer",
                    "language": "eng",
                    "games_count": 234608,
                    "image_background": "https://media.rawg.io/media/games/f87/f87457e8347484033cb34cde6101d08d.jpg"
                },
                {
                    "id": 7,
                    "name": "Multiplayer",
                    "slug": "multiplayer",
                    "language": "eng",
                    "games_count": 39888,
                    "image_background": "https://media.rawg.io/media/games/737/737ea5662211d2e0bbd6f5989189e4f1.jpg"
                },
                {
                    "id": 411,
                    "name": "cooperative",
                    "slug": "cooperative",
                    "language": "eng",
                    "games_count": 5630,
                    "image_background": "https://media.rawg.io/media/games/73e/73eecb8909e0c39fb246f457b5d6cbbe.jpg"
                },
                {
                    "id": 37796,
                    "name": "exclusive",
                    "slug": "exclusive",
                    "language": "eng",
                    "games_count": 4491,
                    "image_background": "https://media.rawg.io/media/games/f24/f2493ea338fe7bd3c7d73750a85a0959.jpeg"
                },
                {
                    "id": 37797,
                    "name": "true exclusive",
                    "slug": "true-exclusive",
                    "language": "eng",
                    "games_count": 3980,
                    "image_background": "https://media.rawg.io/media/games/4be/4be6a6ad0364751a96229c56bf69be59.jpg"
                },
                {
                    "id": 418,
                    "name": "2 players",
                    "slug": "2-players",
                    "language": "eng",
                    "games_count": 1244,
                    "image_background": "https://media.rawg.io/media/screenshots/f9a/f9ac59bb4af2ca2193ee9ffb979577cf.jpg"
                }
            ],
            "esrb_rating": null,
            "user_game": null,
            "reviews_count": 30,
            "saturated_color": "0f0f0f",
            "dominant_color": "0f0f0f",
            "short_screenshots": [
                {
                    "id": -1,
                    "image": "https://media.rawg.io/media/screenshots/08a/08aec7e82d04bb0b0e964376e06886e2.jpg"
                },
                {
                    "id": 761018,
                    "image": "https://media.rawg.io/media/screenshots/357/357cf3d980df437828a28d9dfbb8233a.jpg"
                },
                {
                    "id": 761019,
                    "image": "https://media.rawg.io/media/screenshots/5ec/5ec05e2b42f60ab1d7c75e2585b1ad25.jpg"
                },
                {
                    "id": 761020,
                    "image": "https://media.rawg.io/media/screenshots/e67/e6724d935fbc07090de7e167d7aa9120.jpg"
                },
                {
                    "id": 761021,
                    "image": "https://media.rawg.io/media/screenshots/08a/08aec7e82d04bb0b0e964376e06886e2.jpg"
                }
            ],
            "parent_platforms": [
                {
                    "platform": {
                        "id": 11,
                        "name": "SEGA",
                        "slug": "sega"
                    }
                }
            ],
            "genres": [
                {
                    "id": 4,
                    "name": "Action",
                    "slug": "action"
                }
            ]
        },
        {
            "slug": "call-of-duty-strike-team",
            "name": "Call of Duty: Strike Team",
            "playtime": 0,
            "platforms": [
                {
                    "platform": {
                        "id": 3,
                        "name": "iOS",
                        "slug": "ios"
                    }
                },
                {
                    "platform": {
                        "id": 21,
                        "name": "Android",
                        "slug": "android"
                    }
                }
            ],
            "stores": [
                {
                    "store": {
                        "id": 4,
                        "name": "App Store",
                        "slug": "apple-appstore"
                    }
                },
                {
                    "store": {
                        "id": 8,
                        "name": "Google Play",
                        "slug": "google-play"
                    }
                }
            ],
            "released": "2013-09-05",
            "tba": false,
            "background_image": "https://media.rawg.io/media/screenshots/d95/d956767b14c36fe0d17f2f41537294fb.jpg",
            "rating": 4.17,
            "rating_top": 4,
            "ratings": [
                {
                    "id": 4,
                    "title": "recommended",
                    "count": 3,
                    "percent": 50.0
                },
                {
                    "id": 5,
                    "title": "exceptional",
                    "count": 2,
                    "percent": 33.33
                },
                {
                    "id": 3,
                    "title": "meh",
                    "count": 1,
                    "percent": 16.67
                }
            ],
            "ratings_count": 5,
            "reviews_text_count": 0,
            "added": 19,
            "added_by_status": {
                "yet": 1,
                "owned": 6,
                "beaten": 6,
                "toplay": 2,
                "dropped": 4
            },
            "metacritic": null,
            "suggestions_count": 566,
            "updated": "2024-11-14T13:07:33",
            "id": 704,
            "score": null,
            "clip": null,
            "tags": [
                {
                    "id": 1,
                    "name": "Survival",
                    "slug": "survival",
                    "language": "eng",
                    "games_count": 9453,
                    "image_background": "https://media.rawg.io/media/games/5c0/5c0dd63002cb23f804aab327d40ef119.jpg"
                },
                {
                    "id": 70,
                    "name": "War",
                    "slug": "war",
                    "language": "eng",
                    "games_count": 9574,
                    "image_background": "https://media.rawg.io/media/games/f14/f1422eacab98c5f85a5123da4e9d9e89.jpg"
                },
                {
                    "id": 1465,
                    "name": "combat",
                    "slug": "combat",
                    "language": "eng",
                    "games_count": 13614,
                    "image_background": "https://media.rawg.io/media/games/257/257c497aa4060f4a697ccbf5e99ec230.jpg"
                },
                {
                    "id": 744,
                    "name": "friends",
                    "slug": "friends",
                    "language": "eng",
                    "games_count": 15166,
                    "image_background": "https://media.rawg.io/media/games/dd4/dd43f221a21fce6eb3d27381569779d5.jpg"
                },
                {
                    "id": 581,
                    "name": "Epic",
                    "slug": "epic",
                    "language": "eng",
                    "games_count": 4120,
                    "image_background": "https://media.rawg.io/media/games/0a5/0a56e2bb9ce95359e69ff9689c553a45.jpg"
                },
                {
                    "id": 1529,
                    "name": "fight",
                    "slug": "fight",
                    "language": "eng",
                    "games_count": 7903,
                    "image_background": "https://media.rawg.io/media/games/5d0/5d0ed9e749d4f7aa4ced96715dc3d0cc.jpg"
                },
                {
                    "id": 2184,
                    "name": "hunt",
                    "slug": "hunt",
                    "language": "eng",
                    "games_count": 2348,
                    "image_background": "https://media.rawg.io/media/screenshots/d86/d860ad3ffad8a9a580067185fc77d093.jpg"
                },
                {
                    "id": 754,
                    "name": "gun",
                    "slug": "gun",
                    "language": "eng",
                    "games_count": 3212,
                    "image_background": "https://media.rawg.io/media/screenshots/fec/fec8098f8abf31370f688472e828a701.jpg"
                },
                {
                    "id": 3388,
                    "name": "waves",
                    "slug": "waves",
                    "language": "eng",
                    "games_count": 1817,
                    "image_background": "https://media.rawg.io/media/screenshots/d0d/d0dc23db1e877bcd91aaf39141545871.jpg"
                },
                {
                    "id": 982,
                    "name": "run",
                    "slug": "run",
                    "language": "eng",
                    "games_count": 3970,
                    "image_background": "https://media.rawg.io/media/screenshots/578/578756464643170dc64a72e727eadf91.jpg"
                },
                {
                    "id": 3597,
                    "name": "tablet",
                    "slug": "tablet",
                    "language": "eng",
                    "games_count": 1725,
                    "image_background": "https://media.rawg.io/media/screenshots/e14/e143ad42ced586b2ee3ff0537d078d52.jpg"
                },
                {
                    "id": 1724,
                    "name": "Superpowers",
                    "slug": "superpowers",
                    "language": "eng",
                    "games_count": 579,
                    "image_background": "https://media.rawg.io/media/screenshots/052/052a0132456595e1dcbd06a5055d1d6f.jpg"
                }
            ],
            "esrb_rating": {
                "id": 4,
                "name": "Mature",
                "slug": "mature",
                "name_en": "Mature",
                "name_ru": "С 17 лет"
            },
            "user_game": null,
            "reviews_count": 6,
            "saturated_color": "0f0f0f",
            "dominant_color": "0f0f0f",
            "short_screenshots": [
                {
                    "id": -1,
                    "image": "https://media.rawg.io/media/screenshots/d95/d956767b14c36fe0d17f2f41537294fb.jpg"
                },
                {
                    "id": 3689780,
                    "image": "https://media.rawg.io/media/screenshots/f19/f194e2832a3a92dec8ecdf30ee0a1368.jpg"
                },
                {
                    "id": 6147,
                    "image": "https://media.rawg.io/media/screenshots/259/259ec9a495a1ce857823f3f5630e1204.jpeg"
                },
                {
                    "id": 6150,
                    "image": "https://media.rawg.io/media/screenshots/0f7/0f7ad18da812a9b79e71caa5afaee2ab.jpeg"
                },
                {
                    "id": 6152,
                    "image": "https://media.rawg.io/media/screenshots/1c4/1c4a4979eb73a58c6a91bd3929589492.jpeg"
                },
                {
                    "id": 6153,
                    "image": "https://media.rawg.io/media/screenshots/84b/84bcbf92d0601eef11b9ff41e9b197b2.jpeg"
                },
                {
                    "id": 6155,
                    "image": "https://media.rawg.io/media/screenshots/bbe/bbef1cc689f4da38a675fafbf0840ea1.jpeg"
                }
            ],
            "parent_platforms": [
                {
                    "platform": {
                        "id": 4,
                        "name": "iOS",
                        "slug": "ios"
                    }
                },
                {
                    "platform": {
                        "id": 8,
                        "name": "Android",
                        "slug": "android"
                    }
                }
            ],
            "genres": [
                {
                    "id": 3,
                    "name": "Adventure",
                    "slug": "adventure"
                },
                {
                    "id": 4,
                    "name": "Action",
                    "slug": "action"
                }
            ]
        },
        {
            "slug": "interstate-76",
            "name": "Interstate '76",
            "playtime": 0,
            "platforms": [
                {
                    "platform": {
                        "id": 4,
                        "name": "PC",
                        "slug": "pc"
                    }
                }
            ],
            "stores": null,
            "released": "1997-02-28",
            "tba": false,
            "background_image": "https://media.rawg.io/media/screenshots/3b0/3b06effe59335464b8e882bdac1c5861.jpg",
            "rating": 4.15,
            "rating_top": 5,
            "ratings": [
                {
                    "id": 5,
                    "title": "exceptional",
                    "count": 12,
                    "percent": 46.15
                },
                {
                    "id": 4,
                    "title": "recommended",
                    "count": 10,
                    "percent": 38.46
                },
                {
                    "id": 3,
                    "title": "meh",
                    "count": 2,
                    "percent": 7.69
                },
                {
                    "id": 1,
                    "title": "skip",
                    "count": 2,
                    "percent": 7.69
                }
            ],
            "ratings_count": 26,
            "reviews_text_count": 0,
            "added": 56,
            "added_by_status": {
                "yet": 5,
                "owned": 12,
                "beaten": 11,
                "toplay": 9,
                "dropped": 18,
                "playing": 1
            },
            "metacritic": 80,
            "suggestions_count": 211,
            "updated": "2024-12-17T06:40:21",
            "id": 32681,
            "score": null,
            "clip": null,
            "tags": [],
            "esrb_rating": null,
            "user_game": null,
            "reviews_count": 26,
            "saturated_color": "0f0f0f",
            "dominant_color": "0f0f0f",
            "short_screenshots": [
                {
                    "id": -1,
                    "image": "https://media.rawg.io/media/screenshots/3b0/3b06effe59335464b8e882bdac1c5861.jpg"
                },
                {
                    "id": 331346,
                    "image": "https://media.rawg.io/media/screenshots/a17/a174b06990b74b6e6a7af337fe97430b.jpg"
                },
                {
                    "id": 331347,
                    "image": "https://media.rawg.io/media/screenshots/a6b/a6baf988a2638774b675edf43bcdf2c8.jpg"
                },
                {
                    "id": 331348,
                    "image": "https://media.rawg.io/media/screenshots/c58/c58886c07d49034549ee6c0efa5dbf67.jpg"
                },
                {
                    "id": 331349,
                    "image": "https://media.rawg.io/media/screenshots/1f6/1f628d409425fb9618f8589023a71504.jpg"
                },
                {
                    "id": 331350,
                    "image": "https://media.rawg.io/media/screenshots/3b0/3b06effe59335464b8e882bdac1c5861.jpg"
                }
            ],
            "parent_platforms": [
                {
                    "platform": {
                        "id": 1,
                        "name": "PC",
                        "slug": "pc"
                    }
                }
            ],
            "genres": [
                {
                    "id": 1,
                    "name": "Racing",
                    "slug": "racing"
                },
                {
                    "id": 4,
                    "name": "Action",
                    "slug": "action"
                }
            ]
        },
        {
            "slug": "destiny-2-forsaken-complete-collection",
            "name": "Destiny 2: Forsaken",
            "playtime": 0,
            "platforms": [
                {
                    "platform": {
                        "id": 4,
                        "name": "PC",
                        "slug": "pc"
                    }
                },
                {
                    "platform": {
                        "id": 1,
                        "name": "Xbox One",
                        "slug": "xbox-one"
                    }
                },
                {
                    "platform": {
                        "id": 18,
                        "name": "PlayStation 4",
                        "slug": "playstation4"
                    }
                }
            ],
            "stores": [
                {
                    "store": {
                        "id": 2,
                        "name": "Xbox Store",
                        "slug": "xbox-store"
                    }
                }
            ],
            "released": "2018-09-04",
            "tba": false,
            "background_image": "https://media.rawg.io/media/games/68c/68c7bafb388dc19348bc694ae55919a5.jpg",
            "rating": 4.14,
            "rating_top": 4,
            "ratings": [
                {
                    "id": 4,
                    "title": "recommended",
                    "count": 47,
                    "percent": 46.53
                },
                {
                    "id": 5,
                    "title": "exceptional",
                    "count": 40,
                    "percent": 39.6
                },
                {
                    "id": 3,
                    "title": "meh",
                    "count": 8,
                    "percent": 7.92
                },
                {
                    "id": 1,
                    "title": "skip",
                    "count": 6,
                    "percent": 5.94
                }
            ],
            "ratings_count": 98,
            "reviews_text_count": 3,
            "added": 212,
            "added_by_status": {
                "yet": 14,
                "owned": 38,
                "beaten": 85,
                "toplay": 37,
                "dropped": 27,
                "playing": 11
            },
            "metacritic": 84,
            "suggestions_count": 693,
            "updated": "2024-10-23T15:35:42",
            "id": 59233,
            "score": null,
            "clip": null,
            "tags": [
                {
                    "id": 7,
                    "name": "Multiplayer",
                    "slug": "multiplayer",
                    "language": "eng",
                    "games_count": 40048,
                    "image_background": "https://media.rawg.io/media/games/2ba/2bac0e87cf45e5b508f227d281c9252a.jpg"
                },
                {
                    "id": 13,
                    "name": "Atmospheric",
                    "slug": "atmospheric",
                    "language": "eng",
                    "games_count": 36065,
                    "image_background": "https://media.rawg.io/media/games/120/1201a40e4364557b124392ee50317b99.jpg"
                },
                {
                    "id": 18,
                    "name": "Co-op",
                    "slug": "co-op",
                    "language": "eng",
                    "games_count": 12852,
                    "image_background": "https://media.rawg.io/media/games/d58/d588947d4286e7b5e0e12e1bea7d9844.jpg"
                },
                {
                    "id": 8,
                    "name": "First-Person",
                    "slug": "first-person",
                    "language": "eng",
                    "games_count": 34142,
                    "image_background": "https://media.rawg.io/media/games/198/1988a337305e008b41d7f536ce9b73f6.jpg"
                },
                {
                    "id": 32,
                    "name": "Sci-fi",
                    "slug": "sci-fi",
                    "language": "eng",
                    "games_count": 20461,
                    "image_background": "https://media.rawg.io/media/games/d82/d82990b9c67ba0d2d09d4e6fa88885a7.jpg"
                },
                {
                    "id": 30,
                    "name": "FPS",
                    "slug": "fps",
                    "language": "eng",
                    "games_count": 14020,
                    "image_background": "https://media.rawg.io/media/games/d82/d82990b9c67ba0d2d09d4e6fa88885a7.jpg"
                },
                {
                    "id": 6,
                    "name": "Exploration",
                    "slug": "exploration",
                    "language": "eng",
                    "games_count": 25761,
                    "image_background": "https://media.rawg.io/media/games/d7d/d7d33daa1892e2468cd0263d5dfc957e.jpg"
                },
                {
                    "id": 397,
                    "name": "Online multiplayer",
                    "slug": "online-multiplayer",
                    "language": "eng",
                    "games_count": 3804,
                    "image_background": "https://media.rawg.io/media/games/424/424facd40f4eb1f2794fe4b4bb28a277.jpg"
                },
                {
                    "id": 69,
                    "name": "Action-Adventure",
                    "slug": "action-adventure",
                    "language": "eng",
                    "games_count": 18550,
                    "image_background": "https://media.rawg.io/media/games/569/56978b5a77f13aa2ec5d09ec81d01cad.jpg"
                },
                {
                    "id": 157,
                    "name": "PvP",
                    "slug": "pvp",
                    "language": "eng",
                    "games_count": 10529,
                    "image_background": "https://media.rawg.io/media/games/786/7863e587bac630de82fca50d799236a9.jpg"
                },
                {
                    "id": 110,
                    "name": "Cinematic",
                    "slug": "cinematic",
                    "language": "eng",
                    "games_count": 2717,
                    "image_background": "https://media.rawg.io/media/games/0af/0af85e8edddfa55368e47c539914a220.jpg"
                },
                {
                    "id": 167,
                    "name": "Futuristic",
                    "slug": "futuristic",
                    "language": "eng",
                    "games_count": 6071,
                    "image_background": "https://media.rawg.io/media/games/00d/00d374f12a3ab5f96c500a2cfa901e15.jpg"
                },
                {
                    "id": 172,
                    "name": "Aliens",
                    "slug": "aliens",
                    "language": "eng",
                    "games_count": 7130,
                    "image_background": "https://media.rawg.io/media/games/e6d/e6de699bd788497f4b52e2f41f9698f2.jpg"
                },
                {
                    "id": 478,
                    "name": "3rd-Person Perspective",
                    "slug": "3rd-person-perspective",
                    "language": "eng",
                    "games_count": 87,
                    "image_background": "https://media.rawg.io/media/games/21c/21cc15d233117c6809ec86870559e105.jpg"
                },
                {
                    "id": 171,
                    "name": "PvE",
                    "slug": "pve",
                    "language": "eng",
                    "games_count": 6274,
                    "image_background": "https://media.rawg.io/media/screenshots/6d3/6d367773c06886535620f2d7fb1cb866.jpg"
                }
            ],
            "esrb_rating": {
                "id": 3,
                "name": "Teen",
                "slug": "teen",
                "name_en": "Teen",
                "name_ru": "С 13 лет"
            },
            "user_game": null,
            "reviews_count": 101,
            "saturated_color": "0f0f0f",
            "dominant_color": "0f0f0f",
            "short_screenshots": [
                {
                    "id": -1,
                    "image": "https://media.rawg.io/media/games/68c/68c7bafb388dc19348bc694ae55919a5.jpg"
                },
                {
                    "id": 823334,
                    "image": "https://media.rawg.io/media/screenshots/26c/26c884a26259c2da8836f0e32ad73550.jpg"
                },
                {
                    "id": 823335,
                    "image": "https://media.rawg.io/media/screenshots/87d/87d67f84d7af10606a04cf59418f1d2b.jpg"
                },
                {
                    "id": 823336,
                    "image": "https://media.rawg.io/media/screenshots/3c0/3c024ab370424597e9f7795008588781_abzTRGg.jpg"
                },
                {
                    "id": 823337,
                    "image": "https://media.rawg.io/media/screenshots/556/5568a80ed29fe2a5f5f90af79fc43b29.jpg"
                },
                {
                    "id": 823338,
                    "image": "https://media.rawg.io/media/screenshots/ee6/ee65c953892ab33bca5820ab3f3932a4.jpg"
                },
                {
                    "id": 823339,
                    "image": "https://media.rawg.io/media/screenshots/4b1/4b1ccb91a2184dd49dfcd2e24af0dbe8_0uF7qGn.jpg"
                }
            ],
            "parent_platforms": [
                {
                    "platform": {
                        "id": 1,
                        "name": "PC",
                        "slug": "pc"
                    }
                },
                {
                    "platform": {
                        "id": 2,
                        "name": "PlayStation",
                        "slug": "playstation"
                    }
                },
                {
                    "platform": {
                        "id": 3,
                        "name": "Xbox",
                        "slug": "xbox"
                    }
                }
            ],
            "genres": [
                {
                    "id": 59,
                    "name": "Massively Multiplayer",
                    "slug": "massively-multiplayer"
                },
                {
                    "id": 2,
                    "name": "Shooter",
                    "slug": "shooter"
                },
                {
                    "id": 3,
                    "name": "Adventure",
                    "slug": "adventure"
                },
                {
                    "id": 4,
                    "name": "Action",
                    "slug": "action"
                }
            ]
        },
        {
            "slug": "spyro-reignited-trilogy",
            "name": "Spyro Reignited Trilogy",
            "playtime": 4,
            "platforms": [
                {
                    "platform": {
                        "id": 4,
                        "name": "PC",
                        "slug": "pc"
                    }
                },
                {
                    "platform": {
                        "id": 1,
                        "name": "Xbox One",
                        "slug": "xbox-one"
                    }
                },
                {
                    "platform": {
                        "id": 18,
                        "name": "PlayStation 4",
                        "slug": "playstation4"
                    }
                },
                {
                    "platform": {
                        "id": 7,
                        "name": "Nintendo Switch",
                        "slug": "nintendo-switch"
                    }
                }
            ],
            "stores": [
                {
                    "store": {
                        "id": 1,
                        "name": "Steam",
                        "slug": "steam"
                    }
                },
                {
                    "store": {
                        "id": 3,
                        "name": "PlayStation Store",
                        "slug": "playstation-store"
                    }
                },
                {
                    "store": {
                        "id": 2,
                        "name": "Xbox Store",
                        "slug": "xbox-store"
                    }
                },
                {
                    "store": {
                        "id": 6,
                        "name": "Nintendo Store",
                        "slug": "nintendo"
                    }
                }
            ],
            "released": "2018-11-13",
            "tba": false,
            "background_image": "https://media.rawg.io/media/games/a50/a505bccdcfdc79970a93574c747f6e0d.jpg",
            "rating": 4.13,
            "rating_top": 4,
            "ratings": [
                {
                    "id": 4,
                    "title": "recommended",
                    "count": 274,
                    "percent": 50.46
                },
                {
                    "id": 5,
                    "title": "exceptional",
                    "count": 195,
                    "percent": 35.91
                },
                {
                    "id": 3,
                    "title": "meh",
                    "count": 48,
                    "percent": 8.84
                },
                {
                    "id": 1,
                    "title": "skip",
                    "count": 26,
                    "percent": 4.79
                }
            ],
            "ratings_count": 536,
            "reviews_text_count": 3,
            "added": 4281,
            "added_by_status": {
                "yet": 301,
                "owned": 3024,
                "beaten": 305,
                "toplay": 306,
                "dropped": 194,
                "playing": 151
            },
            "metacritic": 80,
            "suggestions_count": 239,
            "updated": "2025-02-17T17:20:24",
            "id": 58133,
            "score": null,
            "clip": null,
            "tags": [
                {
                    "id": 31,
                    "name": "Singleplayer",
                    "slug": "singleplayer",
                    "language": "eng",
                    "games_count": 236399,
                    "image_background": "https://media.rawg.io/media/games/20a/20aa03a10cda45239fe22d035c0ebe64.jpg"
                },
                {
                    "id": 42396,
                    "name": "Для одного игрока",
                    "slug": "dlia-odnogo-igroka",
                    "language": "rus",
                    "games_count": 59009,
                    "image_background": "https://media.rawg.io/media/games/b7b/b7b8381707152afc7d91f5d95de70e39.jpg"
                },
                {
                    "id": 42417,
                    "name": "Экшен",
                    "slug": "ekshen",
                    "language": "rus",
                    "games_count": 44970,
                    "image_background": "https://media.rawg.io/media/games/4a0/4a0a1316102366260e6f38fd2a9cfdce.jpg"
                },
                {
                    "id": 42392,
                    "name": "Приключение",
                    "slug": "prikliuchenie",
                    "language": "rus",
                    "games_count": 43223,
                    "image_background": "https://media.rawg.io/media/games/d1a/d1a2e99ade53494c6330a0ed945fe823.jpg"
                },
                {
                    "id": 40847,
                    "name": "Steam Achievements",
                    "slug": "steam-achievements",
                    "language": "eng",
                    "games_count": 44039,
                    "image_background": "https://media.rawg.io/media/games/2ba/2bac0e87cf45e5b508f227d281c9252a.jpg"
                },
                {
                    "id": 40836,
                    "name": "Full controller support",
                    "slug": "full-controller-support",
                    "language": "eng",
                    "games_count": 20784,
                    "image_background": "https://media.rawg.io/media/games/16b/16b1b7b36e2042d1128d5a3e852b3b2f.jpg"
                },
                {
                    "id": 40849,
                    "name": "Steam Cloud",
                    "slug": "steam-cloud",
                    "language": "eng",
                    "games_count": 21239,
                    "image_background": "https://media.rawg.io/media/games/d58/d588947d4286e7b5e0e12e1bea7d9844.jpg"
                },
                {
                    "id": 13,
                    "name": "Atmospheric",
                    "slug": "atmospheric",
                    "language": "eng",
                    "games_count": 36246,
                    "image_background": "https://media.rawg.io/media/games/562/562553814dd54e001a541e4ee83a591c.jpg"
                },
                {
                    "id": 42400,
                    "name": "Атмосфера",
                    "slug": "atmosfera",
                    "language": "rus",
                    "games_count": 6083,
                    "image_background": "https://media.rawg.io/media/games/942/9424d6bb763dc38d9378b488603c87fa.jpg"
                },
                {
                    "id": 42401,
                    "name": "Отличный саундтрек",
                    "slug": "otlichnyi-saundtrek",
                    "language": "rus",
                    "games_count": 4645,
                    "image_background": "https://media.rawg.io/media/games/7cf/7cfc9220b401b7a300e409e539c9afd5.jpg"
                },
                {
                    "id": 42,
                    "name": "Great Soundtrack",
                    "slug": "great-soundtrack",
                    "language": "eng",
                    "games_count": 3421,
                    "image_background": "https://media.rawg.io/media/games/26d/26d4437715bee60138dab4a7c8c59c92.jpg"
                },
                {
                    "id": 42435,
                    "name": "Шедевр",
                    "slug": "shedevr",
                    "language": "rus",
                    "games_count": 1059,
                    "image_background": "https://media.rawg.io/media/games/7fa/7fa0b586293c5861ee32490e953a4996.jpg"
                },
                {
                    "id": 42480,
                    "name": "Фэнтези",
                    "slug": "fentezi",
                    "language": "rus",
                    "games_count": 14019,
                    "image_background": "https://media.rawg.io/media/screenshots/c97/c97b943741f5fbc936fe054d9d58851d.jpg"
                },
                {
                    "id": 64,
                    "name": "Fantasy",
                    "slug": "fantasy",
                    "language": "eng",
                    "games_count": 30264,
                    "image_background": "https://media.rawg.io/media/games/6cd/6cd653e0aaef5ff8bbd295bf4bcb12eb.jpg"
                },
                {
                    "id": 42461,
                    "name": "Классика",
                    "slug": "klassika",
                    "language": "rus",
                    "games_count": 1475,
                    "image_background": "https://media.rawg.io/media/games/021/021c4e21a1824d2526f925eff6324653.jpg"
                },
                {
                    "id": 193,
                    "name": "Classic",
                    "slug": "classic",
                    "language": "eng",
                    "games_count": 1811,
                    "image_background": "https://media.rawg.io/media/games/7a2/7a2500ee8b2c0e1ff268bb4479463dea.jpg"
                },
                {
                    "id": 42463,
                    "name": "Платформер",
                    "slug": "platformer-2",
                    "language": "rus",
                    "games_count": 9876,
                    "image_background": "https://media.rawg.io/media/games/8e4/8e4de3f54ac659e08a7ba6a2b731682a.jpg"
                },
                {
                    "id": 42562,
                    "name": "Для всей семьи",
                    "slug": "dlia-vsei-semi",
                    "language": "rus",
                    "games_count": 9137,
                    "image_background": "https://media.rawg.io/media/games/37a/37a9536e92cf8fe3b60045aa75dbd41f.jpg"
                },
                {
                    "id": 42586,
                    "name": "Милая",
                    "slug": "milaia",
                    "language": "rus",
                    "games_count": 15401,
                    "image_background": "https://media.rawg.io/media/games/8cd/8cd179c85bd3de8f79bef245b15075fb.jpg"
                },
                {
                    "id": 42601,
                    "name": "Цветастая",
                    "slug": "tsvetastaia",
                    "language": "rus",
                    "games_count": 16730,
                    "image_background": "https://media.rawg.io/media/screenshots/375/375f84d018242d7519a230f623981217.jpg"
                },
                {
                    "id": 107,
                    "name": "Family Friendly",
                    "slug": "family-friendly",
                    "language": "eng",
                    "games_count": 8947,
                    "image_background": "https://media.rawg.io/media/games/37a/37a9536e92cf8fe3b60045aa75dbd41f.jpg"
                },
                {
                    "id": 88,
                    "name": "Cute",
                    "slug": "cute",
                    "language": "eng",
                    "games_count": 36319,
                    "image_background": "https://media.rawg.io/media/games/51c/51c430f1795c79b78f863a9f22dc422d.jpg"
                },
                {
                    "id": 165,
                    "name": "Colorful",
                    "slug": "colorful",
                    "language": "eng",
                    "games_count": 25286,
                    "image_background": "https://media.rawg.io/media/games/270/270b412b66688081497b3d70c100b208.jpg"
                },
                {
                    "id": 42466,
                    "name": "Римейк",
                    "slug": "rimeik",
                    "language": "rus",
                    "games_count": 206,
                    "image_background": "https://media.rawg.io/media/games/1f1/1f1888e1308959dfd3be4c144a81d19c.jpg"
                },
                {
                    "id": 40937,
                    "name": "Steam Trading Cards",
                    "slug": "steam-trading-cards-2",
                    "language": "eng",
                    "games_count": 732,
                    "image_background": "https://media.rawg.io/media/games/473/473bd9a5e9522629d6cb28b701fb836a.jpg"
                },
                {
                    "id": 271,
                    "name": "Remake",
                    "slug": "remake",
                    "language": "eng",
                    "games_count": 1723,
                    "image_background": "https://media.rawg.io/media/games/345/3452d9d4483686c602372e0e6b3bb4cc.jpg"
                },
                {
                    "id": 42494,
                    "name": "3D-платформер",
                    "slug": "3d-platformer-2",
                    "language": "rus",
                    "games_count": 5112,
                    "image_background": "https://media.rawg.io/media/games/74d/74dafeb9a442b87b9dd4a1d4a2faa37b.jpg"
                },
                {
                    "id": 229,
                    "name": "3D Platformer",
                    "slug": "3d-platformer",
                    "language": "eng",
                    "games_count": 11138,
                    "image_background": "https://media.rawg.io/media/games/83a/83af36d8924271087360d142d34f0960.jpg"
                },
                {
                    "id": 215,
                    "name": "Dragons",
                    "slug": "dragons",
                    "language": "eng",
                    "games_count": 2740,
                    "image_background": "https://media.rawg.io/media/screenshots/87f/87fd7f7312a5382dfe31fe9cf538d1c7.jpg"
                },
                {
                    "id": 42614,
                    "name": "Драконы",
                    "slug": "drakony",
                    "language": "rus",
                    "games_count": 828,
                    "image_background": "https://media.rawg.io/media/games/e04/e041cc430f6b6681477580d3bcddf29f.jpg"
                },
                {
                    "id": 578,
                    "name": "Masterpiece",
                    "slug": "masterpiece",
                    "language": "eng",
                    "games_count": 301,
                    "image_background": "https://media.rawg.io/media/games/c24/c24f4434882ae9c2c8d9d38de82cb7a5.jpg"
                }
            ],
            "esrb_rating": {
                "id": 2,
                "name": "Everyone 10+",
                "slug": "everyone-10-plus",
                "name_en": "Everyone 10+",
                "name_ru": "С 10 лет"
            },
            "user_game": null,
            "reviews_count": 543,
            "saturated_color": "0f0f0f",
            "dominant_color": "0f0f0f",
            "short_screenshots": [
                {
                    "id": -1,
                    "image": "https://media.rawg.io/media/games/a50/a505bccdcfdc79970a93574c747f6e0d.jpg"
                },
                {
                    "id": 766017,
                    "image": "https://media.rawg.io/media/screenshots/d44/d4419651cfdcc780e660393d49e67e05.jpg"
                },
                {
                    "id": 766018,
                    "image": "https://media.rawg.io/media/screenshots/d77/d77481bae3f6f58d5d47636ee309819c.jpg"
                },
                {
                    "id": 766019,
                    "image": "https://media.rawg.io/media/screenshots/8b0/8b0825d8be950e428476a50f9059096d.jpg"
                },
                {
                    "id": 766020,
                    "image": "https://media.rawg.io/media/screenshots/eff/eff1913661d119b936acdce4f60b7c1b.jpg"
                },
                {
                    "id": 766021,
                    "image": "https://media.rawg.io/media/screenshots/cd6/cd695ba8bbdcd652be697f92f00669db.jpg"
                }
            ],
            "parent_platforms": [
                {
                    "platform": {
                        "id": 1,
                        "name": "PC",
                        "slug": "pc"
                    }
                },
                {
                    "platform": {
                        "id": 2,
                        "name": "PlayStation",
                        "slug": "playstation"
                    }
                },
                {
                    "platform": {
                        "id": 3,
                        "name": "Xbox",
                        "slug": "xbox"
                    }
                },
                {
                    "platform": {
                        "id": 7,
                        "name": "Nintendo",
                        "slug": "nintendo"
                    }
                }
            ],
            "genres": [
                {
                    "id": 3,
                    "name": "Adventure",
                    "slug": "adventure"
                },
                {
                    "id": 4,
                    "name": "Action",
                    "slug": "action"
                }
            ]
        },
        {
            "slug": "crash-bandicoot-n-sane-trilogy",
            "name": "Crash Bandicoot N. Sane Trilogy",
            "playtime": 4,
            "platforms": [
                {
                    "platform": {
                        "id": 4,
                        "name": "PC",
                        "slug": "pc"
                    }
                },
                {
                    "platform": {
                        "id": 1,
                        "name": "Xbox One",
                        "slug": "xbox-one"
                    }
                },
                {
                    "platform": {
                        "id": 18,
                        "name": "PlayStation 4",
                        "slug": "playstation4"
                    }
                },
                {
                    "platform": {
                        "id": 7,
                        "name": "Nintendo Switch",
                        "slug": "nintendo-switch"
                    }
                }
            ],
            "stores": [
                {
                    "store": {
                        "id": 1,
                        "name": "Steam",
                        "slug": "steam"
                    }
                },
                {
                    "store": {
                        "id": 3,
                        "name": "PlayStation Store",
                        "slug": "playstation-store"
                    }
                },
                {
                    "store": {
                        "id": 2,
                        "name": "Xbox Store",
                        "slug": "xbox-store"
                    }
                },
                {
                    "store": {
                        "id": 6,
                        "name": "Nintendo Store",
                        "slug": "nintendo"
                    }
                }
            ],
            "released": "2017-06-30",
            "tba": false,
            "background_image": "https://media.rawg.io/media/games/444/4440f674e2bcb257e249a9ab595d8ab6.jpg",
            "rating": 4.13,
            "rating_top": 4,
            "ratings": [
                {
                    "id": 4,
                    "title": "recommended",
                    "count": 342,
                    "percent": 53.02
                },
                {
                    "id": 5,
                    "title": "exceptional",
                    "count": 215,
                    "percent": 33.33
                },
                {
                    "id": 3,
                    "title": "meh",
                    "count": 66,
                    "percent": 10.23
                },
                {
                    "id": 1,
                    "title": "skip",
                    "count": 22,
                    "percent": 3.41
                }
            ],
            "ratings_count": 629,
            "reviews_text_count": 11,
            "added": 4806,
            "added_by_status": {
                "yet": 293,
                "owned": 3425,
                "beaten": 404,
                "toplay": 228,
                "dropped": 302,
                "playing": 154
            },
            "metacritic": 81,
            "suggestions_count": 558,
            "updated": "2025-02-17T17:27:26",
            "id": 34,
            "score": null,
            "clip": null,
            "tags": [
                {
                    "id": 31,
                    "name": "Singleplayer",
                    "slug": "singleplayer",
                    "language": "eng",
                    "games_count": 236808,
                    "image_background": "https://media.rawg.io/media/games/4be/4be6a6ad0364751a96229c56bf69be59.jpg"
                },
                {
                    "id": 42396,
                    "name": "Для одного игрока",
                    "slug": "dlia-odnogo-igroka",
                    "language": "rus",
                    "games_count": 59339,
                    "image_background": "https://media.rawg.io/media/games/49c/49c3dfa4ce2f6f140cc4825868e858cb.jpg"
                },
                {
                    "id": 42417,
                    "name": "Экшен",
                    "slug": "ekshen",
                    "language": "rus",
                    "games_count": 45143,
                    "image_background": "https://media.rawg.io/media/games/b45/b45575f34285f2c4479c9a5f719d972e.jpg"
                },
                {
                    "id": 42392,
                    "name": "Приключение",
                    "slug": "prikliuchenie",
                    "language": "rus",
                    "games_count": 43383,
                    "image_background": "https://media.rawg.io/media/games/d82/d82990b9c67ba0d2d09d4e6fa88885a7.jpg"
                },
                {
                    "id": 40847,
                    "name": "Steam Achievements",
                    "slug": "steam-achievements",
                    "language": "eng",
                    "games_count": 44261,
                    "image_background": "https://media.rawg.io/media/games/b8c/b8c243eaa0fbac8115e0cdccac3f91dc.jpg"
                },
                {
                    "id": 40849,
                    "name": "Steam Cloud",
                    "slug": "steam-cloud",
                    "language": "eng",
                    "games_count": 21355,
                    "image_background": "https://media.rawg.io/media/games/be0/be01c3d7d8795a45615da139322ca080.jpg"
                },
                {
                    "id": 7808,
                    "name": "steam-trading-cards",
                    "slug": "steam-trading-cards",
                    "language": "eng",
                    "games_count": 7568,
                    "image_background": "https://media.rawg.io/media/games/d58/d588947d4286e7b5e0e12e1bea7d9844.jpg"
                },
                {
                    "id": 42401,
                    "name": "Отличный саундтрек",
                    "slug": "otlichnyi-saundtrek",
                    "language": "rus",
                    "games_count": 4645,
                    "image_background": "https://media.rawg.io/media/games/7cf/7cfc9220b401b7a300e409e539c9afd5.jpg"
                },
                {
                    "id": 42,
                    "name": "Great Soundtrack",
                    "slug": "great-soundtrack",
                    "language": "eng",
                    "games_count": 3421,
                    "image_background": "https://media.rawg.io/media/games/26d/26d4437715bee60138dab4a7c8c59c92.jpg"
                },
                {
                    "id": 42435,
                    "name": "Шедевр",
                    "slug": "shedevr",
                    "language": "rus",
                    "games_count": 1059,
                    "image_background": "https://media.rawg.io/media/games/7cf/7cfc9220b401b7a300e409e539c9afd5.jpg"
                },
                {
                    "id": 40845,
                    "name": "Partial Controller Support",
                    "slug": "partial-controller-support",
                    "language": "eng",
                    "games_count": 12869,
                    "image_background": "https://media.rawg.io/media/games/995/9951d9d55323d08967640f7b9ab3e342.jpg"
                },
                {
                    "id": 16,
                    "name": "Horror",
                    "slug": "horror",
                    "language": "eng",
                    "games_count": 46748,
                    "image_background": "https://media.rawg.io/media/games/4fb/4fb548e4816c84d1d70f1a228fb167cc.jpg"
                },
                {
                    "id": 42482,
                    "name": "Смешная",
                    "slug": "smeshnaia",
                    "language": "rus",
                    "games_count": 10790,
                    "image_background": "https://media.rawg.io/media/games/960/960b601d9541cec776c5fa42a00bf6c4.jpg"
                },
                {
                    "id": 42420,
                    "name": "Сложная",
                    "slug": "slozhnaia",
                    "language": "rus",
                    "games_count": 5797,
                    "image_background": "https://media.rawg.io/media/games/226/2262cea0b385db6cf399f4be831603b0.jpg"
                },
                {
                    "id": 4,
                    "name": "Funny",
                    "slug": "funny",
                    "language": "eng",
                    "games_count": 26779,
                    "image_background": "https://media.rawg.io/media/games/af7/af7a831001c5c32c46e950cc883b8cb7.jpg"
                },
                {
                    "id": 42461,
                    "name": "Классика",
                    "slug": "klassika",
                    "language": "rus",
                    "games_count": 1475,
                    "image_background": "https://media.rawg.io/media/games/021/021c4e21a1824d2526f925eff6324653.jpg"
                },
                {
                    "id": 49,
                    "name": "Difficult",
                    "slug": "difficult",
                    "language": "eng",
                    "games_count": 13769,
                    "image_background": "https://media.rawg.io/media/games/283/283e7e600366b0da7021883d27159b27.jpg"
                },
                {
                    "id": 193,
                    "name": "Classic",
                    "slug": "classic",
                    "language": "eng",
                    "games_count": 1811,
                    "image_background": "https://media.rawg.io/media/games/7a2/7a2500ee8b2c0e1ff268bb4479463dea.jpg"
                },
                {
                    "id": 189,
                    "name": "Female Protagonist",
                    "slug": "female-protagonist",
                    "language": "eng",
                    "games_count": 13922,
                    "image_background": "https://media.rawg.io/media/games/bce/bce62fbc7cf74bf6a1a37340993ec148.jpg"
                },
                {
                    "id": 42481,
                    "name": "Юмор",
                    "slug": "iumor",
                    "language": "rus",
                    "games_count": 6938,
                    "image_background": "https://media.rawg.io/media/games/46d/46d98e6910fbc0706e2948a7cc9b10c5.jpg"
                },
                {
                    "id": 42404,
                    "name": "Женщина-протагонист",
                    "slug": "zhenshchina-protagonist",
                    "language": "rus",
                    "games_count": 2413,
                    "image_background": "https://media.rawg.io/media/games/651/651ae84f2d5e36206aad90976a453329.jpg"
                },
                {
                    "id": 123,
                    "name": "Comedy",
                    "slug": "comedy",
                    "language": "eng",
                    "games_count": 13598,
                    "image_background": "https://media.rawg.io/media/games/8ca/8ca40b562a755d6a0e30d48e6c74b178.jpg"
                },
                {
                    "id": 42463,
                    "name": "Платформер",
                    "slug": "platformer-2",
                    "language": "rus",
                    "games_count": 9925,
                    "image_background": "https://media.rawg.io/media/games/594/59487800889ebac294c7c2c070d02356.jpg"
                },
                {
                    "id": 42467,
                    "name": "Ретро",
                    "slug": "retro-2",
                    "language": "rus",
                    "games_count": 9190,
                    "image_background": "https://media.rawg.io/media/games/501/501e7019925a3c692bf1c8062f07abe6.jpg"
                },
                {
                    "id": 42416,
                    "name": "Контроллер",
                    "slug": "kontroller",
                    "language": "rus",
                    "games_count": 7681,
                    "image_background": "https://media.rawg.io/media/games/89a/89a700d3c6a76bd0610ca89ccd20da54.jpg"
                },
                {
                    "id": 115,
                    "name": "Controller",
                    "slug": "controller",
                    "language": "eng",
                    "games_count": 13235,
                    "image_background": "https://media.rawg.io/media/games/e4a/e4ab7f784bdc38c76ce6e4cef9715d18.jpg"
                },
                {
                    "id": 74,
                    "name": "Retro",
                    "slug": "retro",
                    "language": "eng",
                    "games_count": 42987,
                    "image_background": "https://media.rawg.io/media/screenshots/f7e/f7e70957c14ead1fa187a616dfa83e09.jpg"
                },
                {
                    "id": 42562,
                    "name": "Для всей семьи",
                    "slug": "dlia-vsei-semi",
                    "language": "rus",
                    "games_count": 9185,
                    "image_background": "https://media.rawg.io/media/games/096/0962642c3f74cd6306ad8bfdfd3d6150.jpg"
                },
                {
                    "id": 42601,
                    "name": "Цветастая",
                    "slug": "tsvetastaia",
                    "language": "rus",
                    "games_count": 16830,
                    "image_background": "https://media.rawg.io/media/games/8e4/8e4de3f54ac659e08a7ba6a2b731682a.jpg"
                },
                {
                    "id": 107,
                    "name": "Family Friendly",
                    "slug": "family-friendly",
                    "language": "eng",
                    "games_count": 8995,
                    "image_background": "https://media.rawg.io/media/games/1e5/1e5e33b88be978f451196a751424a72e.jpg"
                },
                {
                    "id": 165,
                    "name": "Colorful",
                    "slug": "colorful",
                    "language": "eng",
                    "games_count": 25386,
                    "image_background": "https://media.rawg.io/media/games/c2e/c2eb6021a2596644b437e943612af25c.jpg"
                },
                {
                    "id": 42484,
                    "name": "90-е",
                    "slug": "90-e",
                    "language": "rus",
                    "games_count": 3381,
                    "image_background": "https://media.rawg.io/media/games/df2/df20fd77db56ae7b0a26a7ff4baa9ccc.jpg"
                },
                {
                    "id": 42466,
                    "name": "Римейк",
                    "slug": "rimeik",
                    "language": "rus",
                    "games_count": 206,
                    "image_background": "https://media.rawg.io/media/games/1f1/1f1888e1308959dfd3be4c144a81d19c.jpg"
                },
                {
                    "id": 271,
                    "name": "Remake",
                    "slug": "remake",
                    "language": "eng",
                    "games_count": 1723,
                    "image_background": "https://media.rawg.io/media/games/bd7/bd7cfccfececba1ec2b97a120a40373f.jpg"
                },
                {
                    "id": 42494,
                    "name": "3D-платформер",
                    "slug": "3d-platformer-2",
                    "language": "rus",
                    "games_count": 5151,
                    "image_background": "https://media.rawg.io/media/games/791/791abcd56601482964f0fee6d8ab6a61.jpeg"
                },
                {
                    "id": 243,
                    "name": "1990's",
                    "slug": "1990s",
                    "language": "eng",
                    "games_count": 3286,
                    "image_background": "https://media.rawg.io/media/games/cfc/cfc91eccc1de338b75a0576310ccbcec.jpg"
                },
                {
                    "id": 42571,
                    "name": "Мультипликация",
                    "slug": "multiplikatsiia",
                    "language": "rus",
                    "games_count": 7215,
                    "image_background": "https://media.rawg.io/media/games/e44/e445335e611b4ccf03af71fffcbd30a4.jpg"
                },
                {
                    "id": 229,
                    "name": "3D Platformer",
                    "slug": "3d-platformer",
                    "language": "eng",
                    "games_count": 11176,
                    "image_background": "https://media.rawg.io/media/games/8d4/8d46786ca86b1d95f3dc7e700e2dc4dd.jpg"
                },
                {
                    "id": 164,
                    "name": "Cartoony",
                    "slug": "cartoony",
                    "language": "eng",
                    "games_count": 7156,
                    "image_background": "https://media.rawg.io/media/games/a4c/a4c1fd4265ac2c1edc87cb9a6a7644e4.jpg"
                },
                {
                    "id": 42592,
                    "name": "Похожа на Dark Souls",
                    "slug": "pokhozha-na-dark-souls",
                    "language": "rus",
                    "games_count": 1222,
                    "image_background": "https://media.rawg.io/media/games/a3e/a3ea71c18e81d54ebaf982dadb9a8738.jpg"
                },
                {
                    "id": 580,
                    "name": "Souls-like",
                    "slug": "souls-like",
                    "language": "eng",
                    "games_count": 1625,
                    "image_background": "https://media.rawg.io/media/games/b29/b294fdd866dcdb643e7bab370a552855.jpg"
                }
            ],
            "esrb_rating": {
                "id": 2,
                "name": "Everyone 10+",
                "slug": "everyone-10-plus",
                "name_en": "Everyone 10+",
                "name_ru": "С 10 лет"
            },
            "user_game": null,
            "reviews_count": 645,
            "saturated_color": "0f0f0f",
            "dominant_color": "0f0f0f",
            "short_screenshots": [
                {
                    "id": -1,
                    "image": "https://media.rawg.io/media/games/444/4440f674e2bcb257e249a9ab595d8ab6.jpg"
                },
                {
                    "id": 209,
                    "image": "https://media.rawg.io/media/screenshots/c91/c91deccffd3abb83a2c79355d70197df.jpg"
                },
                {
                    "id": 210,
                    "image": "https://media.rawg.io/media/screenshots/090/090e44964c438ee080a9ee9e5cbb9256.jpg"
                },
                {
                    "id": 211,
                    "image": "https://media.rawg.io/media/screenshots/cc9/cc9ed6bf47047d04fbcfd2fb89572628.jpg"
                },
                {
                    "id": 212,
                    "image": "https://media.rawg.io/media/screenshots/231/2310ba23d27f48b696bc3dd58d2db9ff.jpg"
                },
                {
                    "id": 213,
                    "image": "https://media.rawg.io/media/screenshots/5a2/5a24a21cc720a81fed67e50578fcd494.jpg"
                },
                {
                    "id": 214,
                    "image": "https://media.rawg.io/media/screenshots/e27/e27d425f56c1f77255201097d440ec70.jpg"
                }
            ],
            "parent_platforms": [
                {
                    "platform": {
                        "id": 1,
                        "name": "PC",
                        "slug": "pc"
                    }
                },
                {
                    "platform": {
                        "id": 2,
                        "name": "PlayStation",
                        "slug": "playstation"
                    }
                },
                {
                    "platform": {
                        "id": 3,
                        "name": "Xbox",
                        "slug": "xbox"
                    }
                },
                {
                    "platform": {
                        "id": 7,
                        "name": "Nintendo",
                        "slug": "nintendo"
                    }
                }
            ],
            "genres": [
                {
                    "id": 83,
                    "name": "Platformer",
                    "slug": "platformer"
                },
                {
                    "id": 4,
                    "name": "Action",
                    "slug": "action"
                }
            ]
        },
        {
            "slug": "mechwarrior-2-31st-century-combat",
            "name": "MechWarrior 2: 31st Century Combat",
            "playtime": 0,
            "platforms": [
                {
                    "platform": {
                        "id": 4,
                        "name": "PC",
                        "slug": "pc"
                    }
                },
                {
                    "platform": {
                        "id": 27,
                        "name": "PlayStation",
                        "slug": "playstation1"
                    }
                },
                {
                    "platform": {
                        "id": 55,
                        "name": "Classic Macintosh",
                        "slug": "macintosh"
                    }
                },
                {
                    "platform": {
                        "id": 107,
                        "name": "SEGA Saturn",
                        "slug": "sega-saturn"
                    }
                }
            ],
            "stores": null,
            "released": "1995-01-01",
            "tba": false,
            "background_image": "https://media.rawg.io/media/screenshots/fea/fea38c69c863a36dc2419136f077a91e.jpg",
            "rating": 4.12,
            "rating_top": 5,
            "ratings": [
                {
                    "id": 5,
                    "title": "exceptional",
                    "count": 3,
                    "percent": 37.5
                },
                {
                    "id": 4,
                    "title": "recommended",
                    "count": 3,
                    "percent": 37.5
                },
                {
                    "id": 3,
                    "title": "meh",
                    "count": 2,
                    "percent": 25.0
                }
            ],
            "ratings_count": 8,
            "reviews_text_count": 0,
            "added": 26,
            "added_by_status": {
                "yet": 2,
                "owned": 11,
                "beaten": 5,
                "toplay": 4,
                "dropped": 3,
                "playing": 1
            },
            "metacritic": null,
            "suggestions_count": 361,
            "updated": "2023-05-20T14:37:44",
            "id": 32569,
            "score": null,
            "clip": null,
            "tags": [
                {
                    "id": 31,
                    "name": "Singleplayer",
                    "slug": "singleplayer",
                    "language": "eng",
                    "games_count": 234049,
                    "image_background": "https://media.rawg.io/media/games/587/587588c64afbff80e6f444eb2e46f9da.jpg"
                },
                {
                    "id": 7,
                    "name": "Multiplayer",
                    "slug": "multiplayer",
                    "language": "eng",
                    "games_count": 39795,
                    "image_background": "https://media.rawg.io/media/games/6c5/6c55e22185876626881b76c11922b073.jpg"
                }
            ],
            "esrb_rating": null,
            "user_game": null,
            "reviews_count": 8,
            "saturated_color": "0f0f0f",
            "dominant_color": "0f0f0f",
            "short_screenshots": [
                {
                    "id": -1,
                    "image": "https://media.rawg.io/media/screenshots/fea/fea38c69c863a36dc2419136f077a91e.jpg"
                },
                {
                    "id": 330088,
                    "image": "https://media.rawg.io/media/screenshots/d80/d8056ec5b3af62275619d49dfae174b6_XXvshZ4.jpg"
                },
                {
                    "id": 330089,
                    "image": "https://media.rawg.io/media/screenshots/3c8/3c820f7bc782b289b2843a5668f8f00f.jpg"
                },
                {
                    "id": 330090,
                    "image": "https://media.rawg.io/media/screenshots/f4d/f4d229a2696a6a159018bcfb569c550a.jpg"
                },
                {
                    "id": 330091,
                    "image": "https://media.rawg.io/media/screenshots/bc3/bc383c30125a5bac4f4141a781f9059e_dAcaK86.jpg"
                },
                {
                    "id": 330092,
                    "image": "https://media.rawg.io/media/screenshots/185/185c8567bde1fa7494425d9bd602988c.jpg"
                },
                {
                    "id": 330093,
                    "image": "https://media.rawg.io/media/screenshots/643/643123b9d1ad892c22b0375234d62592.jpg"
                }
            ],
            "parent_platforms": [
                {
                    "platform": {
                        "id": 1,
                        "name": "PC",
                        "slug": "pc"
                    }
                },
                {
                    "platform": {
                        "id": 2,
                        "name": "PlayStation",
                        "slug": "playstation"
                    }
                },
                {
                    "platform": {
                        "id": 5,
                        "name": "Apple Macintosh",
                        "slug": "mac"
                    }
                },
                {
                    "platform": {
                        "id": 11,
                        "name": "SEGA",
                        "slug": "sega"
                    }
                }
            ],
            "genres": [
                {
                    "id": 14,
                    "name": "Simulation",
                    "slug": "simulation"
                }
            ]
        },
        {
            "slug": "river-raid",
            "name": "River Raid",
            "playtime": 0,
            "platforms": [
                {
                    "platform": {
                        "id": 166,
                        "name": "Commodore / Amiga",
                        "slug": "commodore-amiga"
                    }
                },
                {
                    "platform": {
                        "id": 31,
                        "name": "Atari 5200",
                        "slug": "atari-5200"
                    }
                },
                {
                    "platform": {
                        "id": 23,
                        "name": "Atari 2600",
                        "slug": "atari-2600"
                    }
                },
                {
                    "platform": {
                        "id": 22,
                        "name": "Atari Flashback",
                        "slug": "atari-flashback"
                    }
                },
                {
                    "platform": {
                        "id": 25,
                        "name": "Atari 8-bit",
                        "slug": "atari-8-bit"
                    }
                }
            ],
            "stores": null,
            "released": "1982-01-01",
            "tba": false,
            "background_image": "https://media.rawg.io/media/screenshots/cc0/cc0359b2cb5b9db1aa56d09bcb862bae.jpg",
            "rating": 4.08,
            "rating_top": 5,
            "ratings": [
                {
                    "id": 5,
                    "title": "exceptional",
                    "count": 6,
                    "percent": 46.15
                },
                {
                    "id": 4,
                    "title": "recommended",
                    "count": 4,
                    "percent": 30.77
                },
                {
                    "id": 3,
                    "title": "meh",
                    "count": 2,
                    "percent": 15.38
                },
                {
                    "id": 1,
                    "title": "skip",
                    "count": 1,
                    "percent": 7.69
                }
            ],
            "ratings_count": 13,
            "reviews_text_count": 0,
            "added": 46,
            "added_by_status": {
                "yet": 3,
                "owned": 17,
                "beaten": 6,
                "toplay": 8,
                "dropped": 12
            },
            "metacritic": null,
            "suggestions_count": 165,
            "updated": "2024-01-16T20:37:35",
            "id": 52576,
            "score": null,
            "clip": null,
            "tags": [
                {
                    "id": 31,
                    "name": "Singleplayer",
                    "slug": "singleplayer",
                    "language": "eng",
                    "games_count": 236399,
                    "image_background": "https://media.rawg.io/media/games/20a/20aa03a10cda45239fe22d035c0ebe64.jpg"
                }
            ],
            "esrb_rating": null,
            "user_game": null,
            "reviews_count": 13,
            "saturated_color": "0f0f0f",
            "dominant_color": "0f0f0f",
            "short_screenshots": [
                {
                    "id": -1,
                    "image": "https://media.rawg.io/media/screenshots/cc0/cc0359b2cb5b9db1aa56d09bcb862bae.jpg"
                },
                {
                    "id": 727476,
                    "image": "https://media.rawg.io/media/screenshots/ad4/ad4119a80cf1c15e986f456a91f9b2a9.jpg"
                },
                {
                    "id": 727477,
                    "image": "https://media.rawg.io/media/screenshots/16a/16af67648fd63907b9f434372467a149.jpg"
                },
                {
                    "id": 727478,
                    "image": "https://media.rawg.io/media/screenshots/e5e/e5edb68e8cfd02af31120bd6bf90eabb.jpg"
                },
                {
                    "id": 727479,
                    "image": "https://media.rawg.io/media/screenshots/f07/f079e53888258f143bd83d10b269098e.jpg"
                },
                {
                    "id": 727480,
                    "image": "https://media.rawg.io/media/screenshots/bf0/bf0c93f5361b6aa8a1a14f079730bcd8.jpg"
                },
                {
                    "id": 727481,
                    "image": "https://media.rawg.io/media/screenshots/a64/a64105eabe881de416000c92ce498ad8.jpg"
                }
            ],
            "parent_platforms": [
                {
                    "platform": {
                        "id": 9,
                        "name": "Atari",
                        "slug": "atari"
                    }
                },
                {
                    "platform": {
                        "id": 10,
                        "name": "Commodore / Amiga",
                        "slug": "commodore-amiga"
                    }
                }
            ],
            "genres": []
        }
    ],
    "user_platforms": false
}