{
    "count": 3,
    "next": null,
    "previous": null,
    "results": [
        {
            "slug": "doronko-wanko",
            "name": "Doronko Wanko",
            "playtime": 1,
            "platforms": [
                {
                    "platform": {
                        "id": 4,
                        "name": "PC",
                        "slug": "pc"
                    }
                }
            ],
            "stores": [
                {
                    "store": {
                        "id": 1,
                        "name": "Steam",
                        "slug": "steam"
                    }
                }
            ],
            "released": "2024-03-26",
            "tba": false,
            "background_image": "https://media.rawg.io/media/games/c27/c272411e5c89f5eb43db90b412b61e9f.jpg",
            "rating": 3.5,
            "rating_top": 4,
            "ratings": [
                {
                    "id": 4,
                    "title": "recommended",
                    "count": 5,
                    "percent": 83.33
                },
                {
                    "id": 1,
                    "title": "skip",
                    "count": 1,
                    "percent": 16.67
                }
            ],
            "ratings_count": 6,
            "reviews_text_count": 0,
            "added": 162,
            "added_by_status": {
                "yet": 4,
                "owned": 146,
                "beaten": 6,
                "toplay": 6
            },
            "metacritic": null,
            "suggestions_count": 236,
            "updated": "2024-11-02T19:56:28",
            "id": 979140,
            "score": null,
            "clip": null,
            "tags": [
                {
                    "id": 31,
                    "name": "Singleplayer",
                    "slug": "singleplayer",
                    "language": "eng",
                    "games_count": 235909,
                    "image_background": "https://media.rawg.io/media/games/34b/34b1f1850a1c06fd971bc6ab3ac0ce0e.jpg"
                },
                {
                    "id": 42396,
                    "name": "Для одного игрока",
                    "slug": "dlia-odnogo-igroka",
                    "language": "rus",
                    "games_count": 58618,
                    "image_background": "https://media.rawg.io/media/games/942/9424d6bb763dc38d9378b488603c87fa.jpg"
                },
                {
                    "id": 42417,
                    "name": "Экшен",
                    "slug": "ekshen",
                    "language": "rus",
                    "games_count": 44770,
                    "image_background": "https://media.rawg.io/media/games/bc0/bc06a29ceac58652b684deefe7d56099.jpg"
                },
                {
                    "id": 13,
                    "name": "Atmospheric",
                    "slug": "atmospheric",
                    "language": "eng",
                    "games_count": 36136,
                    "image_background": "https://media.rawg.io/media/games/d82/d82990b9c67ba0d2d09d4e6fa88885a7.jpg"
                },
                {
                    "id": 42399,
                    "name": "Казуальная игра",
                    "slug": "kazualnaia-igra",
                    "language": "rus",
                    "games_count": 47137,
                    "image_background": "https://media.rawg.io/media/games/d82/d82990b9c67ba0d2d09d4e6fa88885a7.jpg"
                },
                {
                    "id": 40845,
                    "name": "Partial Controller Support",
                    "slug": "partial-controller-support",
                    "language": "eng",
                    "games_count": 12803,
                    "image_background": "https://media.rawg.io/media/games/2ad/2ad87a4a69b1104f02435c14c5196095.jpg"
                },
                {
                    "id": 42413,
                    "name": "Симулятор",
                    "slug": "simuliator",
                    "language": "rus",
                    "games_count": 22167,
                    "image_background": "https://media.rawg.io/media/games/25c/25c4776ab5723d5d735d8bf617ca12d9.jpg"
                },
                {
                    "id": 6,
                    "name": "Exploration",
                    "slug": "exploration",
                    "language": "eng",
                    "games_count": 25827,
                    "image_background": "https://media.rawg.io/media/games/021/021c4e21a1824d2526f925eff6324653.jpg"
                },
                {
                    "id": 79,
                    "name": "Free to Play",
                    "slug": "free-to-play",
                    "language": "eng",
                    "games_count": 8236,
                    "image_background": "https://media.rawg.io/media/games/d07/d0790809a13027251b6d0f4dc7538c58.jpg"
                },
                {
                    "id": 42538,
                    "name": "Бесплатная игра",
                    "slug": "besplatnaia-igra",
                    "language": "rus",
                    "games_count": 8223,
                    "image_background": "https://media.rawg.io/media/games/93e/93ee6101e1c943732f06080dddb0fe4c.jpg"
                },
                {
                    "id": 42416,
                    "name": "Контроллер",
                    "slug": "kontroller",
                    "language": "rus",
                    "games_count": 7558,
                    "image_background": "https://media.rawg.io/media/games/e04/e04963f3ac4c4fa83a1dc0b9231e50db.jpg"
                },
                {
                    "id": 69,
                    "name": "Action-Adventure",
                    "slug": "action-adventure",
                    "language": "eng",
                    "games_count": 18605,
                    "image_background": "https://media.rawg.io/media/games/67f/67f62d1f062a6164f57575e0604ee9f6.jpg"
                },
                {
                    "id": 115,
                    "name": "Controller",
                    "slug": "controller",
                    "language": "eng",
                    "games_count": 13112,
                    "image_background": "https://media.rawg.io/media/games/fc1/fc1307a2774506b5bd65d7e8424664a7.jpg"
                },
                {
                    "id": 42586,
                    "name": "Милая",
                    "slug": "milaia",
                    "language": "rus",
                    "games_count": 15274,
                    "image_background": "https://media.rawg.io/media/games/c47/c4796c4c49e7e06ad328e07aa8944cdd.jpg"
                },
                {
                    "id": 42490,
                    "name": "Приключенческий экшен",
                    "slug": "prikliuchencheskii-ekshen",
                    "language": "rus",
                    "games_count": 10998,
                    "image_background": "https://media.rawg.io/media/games/a79/a79d2fc90c4dbf07a8580b19600fd61d.jpg"
                },
                {
                    "id": 42601,
                    "name": "Цветастая",
                    "slug": "tsvetastaia",
                    "language": "rus",
                    "games_count": 16610,
                    "image_background": "https://media.rawg.io/media/games/ba9/ba9ad92b6d04825bd15a407c6059db94.jpg"
                },
                {
                    "id": 88,
                    "name": "Cute",
                    "slug": "cute",
                    "language": "eng",
                    "games_count": 36193,
                    "image_background": "https://media.rawg.io/media/games/972/972aea3c9eb253e893947bec2d2cfbb9.jpg"
                },
                {
                    "id": 165,
                    "name": "Colorful",
                    "slug": "colorful",
                    "language": "eng",
                    "games_count": 25167,
                    "image_background": "https://media.rawg.io/media/games/0be/0bea0a08a4d954337305391b778a7f37.jpg"
                },
                {
                    "id": 571,
                    "name": "3D",
                    "slug": "3d",
                    "language": "eng",
                    "games_count": 88103,
                    "image_background": "https://media.rawg.io/media/games/c3b/c3be1d5f55cb9324c97ccb7aaaf42ad4.jpg"
                },
                {
                    "id": 42564,
                    "name": "Расслабляющая",
                    "slug": "rasslabliaiushchaia",
                    "language": "rus",
                    "games_count": 11021,
                    "image_background": "https://media.rawg.io/media/screenshots/0f5/0f585fa72f534f62f9e5da051179f5de.jpg"
                },
                {
                    "id": 138,
                    "name": "Relaxing",
                    "slug": "relaxing",
                    "language": "eng",
                    "games_count": 18715,
                    "image_background": "https://media.rawg.io/media/screenshots/0de/0de6cfe8744a8d5b08b448ff485f2101.jpg"
                },
                {
                    "id": 58132,
                    "name": "Атмосферная",
                    "slug": "atmosfernaia",
                    "language": "rus",
                    "games_count": 11834,
                    "image_background": "https://media.rawg.io/media/games/cd0/cd074f3f6045297cda9ad077273c09b6.jpg"
                },
                {
                    "id": 66533,
                    "name": "Исследования",
                    "slug": "issledovaniia",
                    "language": "rus",
                    "games_count": 11148,
                    "image_background": "https://media.rawg.io/media/games/082/082365507ff04d456c700157072d35db.jpg"
                },
                {
                    "id": 42473,
                    "name": "Immersive Sim",
                    "slug": "immersive-sim-2",
                    "language": "eng",
                    "games_count": 3807,
                    "image_background": "https://media.rawg.io/media/screenshots/643/643a3dd6aba644d35f2c6476ce10ef60.jpg"
                },
                {
                    "id": 58125,
                    "name": "Иммерсивный симулятор",
                    "slug": "immersivnyi-simuliator",
                    "language": "rus",
                    "games_count": 3682,
                    "image_background": "https://media.rawg.io/media/games/4e2/4e2c50430529360b3eac6c3596cd9cf9.jpg"
                },
                {
                    "id": 2896,
                    "name": "collectathon",
                    "slug": "collectathon",
                    "language": "eng",
                    "games_count": 2027,
                    "image_background": "https://media.rawg.io/media/screenshots/a9e/a9e320d8d172f420c9eb19038bfa2010.jpg"
                },
                {
                    "id": 58135,
                    "name": "Коллектатон",
                    "slug": "kollektaton",
                    "language": "rus",
                    "games_count": 1834,
                    "image_background": "https://media.rawg.io/media/games/c3b/c3be1d5f55cb9324c97ccb7aaaf42ad4.jpg"
                },
                {
                    "id": 582,
                    "name": "Dog",
                    "slug": "dog",
                    "language": "eng",
                    "games_count": 2119,
                    "image_background": "https://media.rawg.io/media/screenshots/df6/df616a776150f66095d66851d15e1e7d.jpg"
                },
                {
                    "id": 58676,
                    "name": "Собаки",
                    "slug": "sobaki",
                    "language": "rus",
                    "games_count": 508,
                    "image_background": "https://media.rawg.io/media/games/b4e/b4e3b233f67f7adbf5a431766bf6ad2a.jpg"
                }
            ],
            "esrb_rating": null,
            "user_game": null,
            "reviews_count": 6,
            "saturated_color": "0f0f0f",
            "dominant_color": "0f0f0f",
            "short_screenshots": [
                {
                    "id": -1,
                    "image": "https://media.rawg.io/media/games/c27/c272411e5c89f5eb43db90b412b61e9f.jpg"
                },
                {
                    "id": 4022161,
                    "image": "https://media.rawg.io/media/screenshots/a2f/a2f7958ba60f1efb882f1fddf1ca8ac4.jpg"
                },
                {
                    "id": 4022162,
                    "image": "https://media.rawg.io/media/screenshots/905/9054c065deebee59ff547703baee5226.jpg"
                },
                {
                    "id": 4022163,
                    "image": "https://media.rawg.io/media/screenshots/a46/a46e29bcc76c6b907cc3db2acc5c2153.jpg"
                },
                {
                    "id": 4022164,
                    "image": "https://media.rawg.io/media/screenshots/f2a/f2a9b86ad68a9561c107295d5aaa1e33.jpg"
                },
                {
                    "id": 4022165,
                    "image": "https://media.rawg.io/media/screenshots/39f/39fe15065636b7a6740e92c9b3bbd8f7.jpg"
                },
                {
                    "id": 4022166,
                    "image": "https://media.rawg.io/media/screenshots/49a/49a4c1bfd77330aaff45fad9b516732a.jpg"
                }
            ],
            "parent_platforms": [
                {
                    "platform": {
                        "id": 1,
                        "name": "PC",
                        "slug": "pc"
                    }
                }
            ],
            "genres": [
                {
                    "id": 40,
                    "name": "Casual",
                    "slug": "casual"
                },
                {
                    "id": 4,
                    "name": "Action",
                    "slug": "action"
                },
                {
                    "id": 14,
                    "name": "Simulation",
                    "slug": "simulation"
                }
            ]
        },
        {
            "slug": "gundam-evolution",
            "name": "Gundam Evolution",
            "playtime": 2,
            "platforms": [
                {
                    "platform": {
                        "id": 4,
                        "name": "PC",
                        "slug": "pc"
                    }
                }
            ],
            "stores": [
                {
                    "store": {
                        "id": 1,
                        "name": "Steam",
                        "slug": "steam"
                    }
                }
            ],
            "released": "2022-12-01",
            "tba": false,
            "background_image": "https://media.rawg.io/media/screenshots/67e/67ee0a90e40f41d00ea52a540fbd0227.jpg",
            "rating": 2.82,
            "rating_top": 3,
            "ratings": [
                {
                    "id": 3,
                    "title": "meh",
                    "count": 11,
                    "percent": 64.71
                },
                {
                    "id": 4,
                    "title": "recommended",
                    "count": 3,
                    "percent": 17.65
                },
                {
                    "id": 1,
                    "title": "skip",
                    "count": 3,
                    "percent": 17.65
                }
            ],
            "ratings_count": 17,
            "reviews_text_count": 0,
            "added": 505,
            "added_by_status": {
                "yet": 8,
                "owned": 465,
                "beaten": 2,
                "toplay": 7,
                "dropped": 23
            },
            "metacritic": null,
            "suggestions_count": 281,
            "updated": "2025-01-24T23:28:56",
            "id": 646277,
            "score": null,
            "clip": null,
            "tags": [
                {
                    "id": 31,
                    "name": "Singleplayer",
                    "slug": "singleplayer",
                    "language": "eng",
                    "games_count": 235265,
                    "image_background": "https://media.rawg.io/media/games/f87/f87457e8347484033cb34cde6101d08d.jpg"
                },
                {
                    "id": 42396,
                    "name": "Для одного игрока",
                    "slug": "dlia-odnogo-igroka",
                    "language": "rus",
                    "games_count": 58120,
                    "image_background": "https://media.rawg.io/media/games/4a0/4a0a1316102366260e6f38fd2a9cfdce.jpg"
                },
                {
                    "id": 42417,
                    "name": "Экшен",
                    "slug": "ekshen",
                    "language": "rus",
                    "games_count": 44522,
                    "image_background": "https://media.rawg.io/media/games/490/49016e06ae2103881ff6373248843069.jpg"
                },
                {
                    "id": 40847,
                    "name": "Steam Achievements",
                    "slug": "steam-achievements",
                    "language": "eng",
                    "games_count": 43475,
                    "image_background": "https://media.rawg.io/media/games/8cc/8cce7c0e99dcc43d66c8efd42f9d03e3.jpg"
                },
                {
                    "id": 7,
                    "name": "Multiplayer",
                    "slug": "multiplayer",
                    "language": "eng",
                    "games_count": 39999,
                    "image_background": "https://media.rawg.io/media/games/713/713269608dc8f2f40f5a670a14b2de94.jpg"
                },
                {
                    "id": 18,
                    "name": "Co-op",
                    "slug": "co-op",
                    "language": "eng",
                    "games_count": 12823,
                    "image_background": "https://media.rawg.io/media/games/511/5118aff5091cb3efec399c808f8c598f.jpg"
                },
                {
                    "id": 42428,
                    "name": "Шутер",
                    "slug": "shuter",
                    "language": "rus",
                    "games_count": 10277,
                    "image_background": "https://media.rawg.io/media/games/b45/b45575f34285f2c4479c9a5f719d972e.jpg"
                },
                {
                    "id": 42429,
                    "name": "От первого лица",
                    "slug": "ot-pervogo-litsa",
                    "language": "rus",
                    "games_count": 13147,
                    "image_background": "https://media.rawg.io/media/games/6c5/6c55e22185876626881b76c11922b073.jpg"
                },
                {
                    "id": 8,
                    "name": "First-Person",
                    "slug": "first-person",
                    "language": "eng",
                    "games_count": 34068,
                    "image_background": "https://media.rawg.io/media/games/736/73619bd336c894d6941d926bfd563946.jpg"
                },
                {
                    "id": 42423,
                    "name": "Научная фантастика",
                    "slug": "nauchnaia-fantastika",
                    "language": "rus",
                    "games_count": 9329,
                    "image_background": "https://media.rawg.io/media/games/c6b/c6bfece1daf8d06bc0a60632ac78e5bf.jpg"
                },
                {
                    "id": 32,
                    "name": "Sci-fi",
                    "slug": "sci-fi",
                    "language": "eng",
                    "games_count": 20425,
                    "image_background": "https://media.rawg.io/media/games/e6d/e6de699bd788497f4b52e2f41f9698f2.jpg"
                },
                {
                    "id": 40845,
                    "name": "Partial Controller Support",
                    "slug": "partial-controller-support",
                    "language": "eng",
                    "games_count": 12750,
                    "image_background": "https://media.rawg.io/media/games/21c/21cc15d233117c6809ec86870559e105.jpg"
                },
                {
                    "id": 30,
                    "name": "FPS",
                    "slug": "fps",
                    "language": "eng",
                    "games_count": 13996,
                    "image_background": "https://media.rawg.io/media/games/d82/d82990b9c67ba0d2d09d4e6fa88885a7.jpg"
                },
                {
                    "id": 42427,
                    "name": "Шутер от первого лица",
                    "slug": "shuter-ot-pervogo-litsa",
                    "language": "rus",
                    "games_count": 5979,
                    "image_background": "https://media.rawg.io/media/games/49c/49c3dfa4ce2f6f140cc4825868e858cb.jpg"
                },
                {
                    "id": 9,
                    "name": "Online Co-Op",
                    "slug": "online-co-op",
                    "language": "eng",
                    "games_count": 6494,
                    "image_background": "https://media.rawg.io/media/games/21c/21cc15d233117c6809ec86870559e105.jpg"
                },
                {
                    "id": 42416,
                    "name": "Контроллер",
                    "slug": "kontroller",
                    "language": "rus",
                    "games_count": 7486,
                    "image_background": "https://media.rawg.io/media/games/4cb/4cb855e8ef1578415a928e53c9f51867.png"
                },
                {
                    "id": 42436,
                    "name": "Тактика",
                    "slug": "taktika",
                    "language": "rus",
                    "games_count": 4348,
                    "image_background": "https://media.rawg.io/media/games/238/2383a172b4d50a7b44e07980eb7141ea.jpg"
                },
                {
                    "id": 115,
                    "name": "Controller",
                    "slug": "controller",
                    "language": "eng",
                    "games_count": 13039,
                    "image_background": "https://media.rawg.io/media/games/c50/c5085506fe4b5e20fc7aa5ace842c20b.jpg"
                },
                {
                    "id": 80,
                    "name": "Tactical",
                    "slug": "tactical",
                    "language": "eng",
                    "games_count": 5721,
                    "image_background": "https://media.rawg.io/media/games/476/476178ef18ab0534771d099f51cdc694.jpg"
                },
                {
                    "id": 157,
                    "name": "PvP",
                    "slug": "pvp",
                    "language": "eng",
                    "games_count": 10504,
                    "image_background": "https://media.rawg.io/media/games/da1/da1b267764d77221f07a4386b6548e5a.jpg"
                },
                {
                    "id": 42407,
                    "name": "Аниме",
                    "slug": "anime-2",
                    "language": "rus",
                    "games_count": 10803,
                    "image_background": "https://media.rawg.io/media/games/054/054ab7dd5e83f84f1ec8bedf849b627f.jpg"
                },
                {
                    "id": 134,
                    "name": "Anime",
                    "slug": "anime",
                    "language": "eng",
                    "games_count": 14914,
                    "image_background": "https://media.rawg.io/media/screenshots/f7e/f7e70957c14ead1fa187a616dfa83e09.jpg"
                },
                {
                    "id": 25,
                    "name": "Space",
                    "slug": "space",
                    "language": "eng",
                    "games_count": 43430,
                    "image_background": "https://media.rawg.io/media/games/daa/daaee07fcb40744d90cf8142f94a241f.jpg"
                },
                {
                    "id": 42434,
                    "name": "Игрок против игрока",
                    "slug": "igrok-protiv-igroka",
                    "language": "rus",
                    "games_count": 6004,
                    "image_background": "https://media.rawg.io/media/games/8fc/8fc59e74133fd8a8a436b7e2d0fb36c2.jpg"
                },
                {
                    "id": 42422,
                    "name": "Космос",
                    "slug": "kosmos-2",
                    "language": "rus",
                    "games_count": 4768,
                    "image_background": "https://media.rawg.io/media/games/5f4/5f4780690dbf04900cbac5f05b9305f3.jpg"
                },
                {
                    "id": 42530,
                    "name": "Кастомизация персонажа",
                    "slug": "kastomizatsiia-personazha",
                    "language": "rus",
                    "games_count": 4777,
                    "image_background": "https://media.rawg.io/media/games/651/651ae84f2d5e36206aad90976a453329.jpg"
                },
                {
                    "id": 40837,
                    "name": "In-App Purchases",
                    "slug": "in-app-purchases",
                    "language": "eng",
                    "games_count": 2998,
                    "image_background": "https://media.rawg.io/media/games/736/73619bd336c894d6941d926bfd563946.jpg"
                },
                {
                    "id": 121,
                    "name": "Character Customization",
                    "slug": "character-customization",
                    "language": "eng",
                    "games_count": 5549,
                    "image_background": "https://media.rawg.io/media/games/238/2383a172b4d50a7b44e07980eb7141ea.jpg"
                },
                {
                    "id": 571,
                    "name": "3D",
                    "slug": "3d",
                    "language": "eng",
                    "games_count": 87867,
                    "image_background": "https://media.rawg.io/media/games/74c/74c68a8de3d4983ff932dd456ac2dc66.jpg"
                },
                {
                    "id": 11,
                    "name": "Team-Based",
                    "slug": "team-based",
                    "language": "eng",
                    "games_count": 1808,
                    "image_background": "https://media.rawg.io/media/games/46d/46d98e6910fbc0706e2948a7cc9b10c5.jpg"
                },
                {
                    "id": 42450,
                    "name": "Командная",
                    "slug": "komandnaia",
                    "language": "rus",
                    "games_count": 1508,
                    "image_background": "https://media.rawg.io/media/games/546/546cf59a24b0ae308e311a07611ca22f.jpg"
                },
                {
                    "id": 167,
                    "name": "Futuristic",
                    "slug": "futuristic",
                    "language": "eng",
                    "games_count": 6054,
                    "image_background": "https://media.rawg.io/media/games/2fd/2fd1b58116b10cc1f4442bee5593ca7c.jpg"
                },
                {
                    "id": 42451,
                    "name": "Будущее",
                    "slug": "budushchee",
                    "language": "rus",
                    "games_count": 4190,
                    "image_background": "https://media.rawg.io/media/games/00d/00d374f12a3ab5f96c500a2cfa901e15.jpg"
                },
                {
                    "id": 45878,
                    "name": "Online PvP",
                    "slug": "online-pvp",
                    "language": "eng",
                    "games_count": 5368,
                    "image_background": "https://media.rawg.io/media/games/45b/45b57ed59de4b84effd8f6bc4b7bf515.jpg"
                },
                {
                    "id": 197,
                    "name": "Robots",
                    "slug": "robots",
                    "language": "eng",
                    "games_count": 8507,
                    "image_background": "https://media.rawg.io/media/games/43c/43cfdb7fdc48d99b4a4c2525b411daf8.jpg"
                },
                {
                    "id": 42630,
                    "name": "Роботы",
                    "slug": "roboty",
                    "language": "rus",
                    "games_count": 2101,
                    "image_background": "https://media.rawg.io/media/games/149/149bbed9d90dc09328ba79bbacfda3c8.jpg"
                },
                {
                    "id": 51,
                    "name": "Destruction",
                    "slug": "destruction",
                    "language": "eng",
                    "games_count": 3748,
                    "image_background": "https://media.rawg.io/media/games/b34/b3419c2706f8f8dbe40d08e23642ad06.jpg"
                },
                {
                    "id": 42560,
                    "name": "Разрушения",
                    "slug": "razrusheniia",
                    "language": "rus",
                    "games_count": 1203,
                    "image_background": "https://media.rawg.io/media/games/45b/45b57ed59de4b84effd8f6bc4b7bf515.jpg"
                },
                {
                    "id": 70351,
                    "name": "Сетевой кооператив",
                    "slug": "setevoi-kooperativ",
                    "language": "rus",
                    "games_count": 2191,
                    "image_background": "https://media.rawg.io/media/games/082/082365507ff04d456c700157072d35db.jpg"
                },
                {
                    "id": 184,
                    "name": "Mechs",
                    "slug": "mechs",
                    "language": "eng",
                    "games_count": 1318,
                    "image_background": "https://media.rawg.io/media/screenshots/713/71368ff253871f4453a8aa90f86ed262.jpg"
                },
                {
                    "id": 42609,
                    "name": "Мехи",
                    "slug": "mekhi",
                    "language": "rus",
                    "games_count": 620,
                    "image_background": "https://media.rawg.io/media/screenshots/821/821382933bf3dd44a9c79a5ab04b5881.jpg"
                },
                {
                    "id": 49953,
                    "name": "Hero Shooter",
                    "slug": "hero-shooter-2",
                    "language": "eng",
                    "games_count": 798,
                    "image_background": "https://media.rawg.io/media/screenshots/c42/c429ec19f54baabd45941fcd8a4a95b7.jpg"
                },
                {
                    "id": 58141,
                    "name": "Геройский шутер",
                    "slug": "geroiskii-shuter",
                    "language": "rus",
                    "games_count": 746,
                    "image_background": "https://media.rawg.io/media/screenshots/3e3/3e3a363469e6c8d52fbebd3e7fa5c0ad.jpg"
                }
            ],
            "esrb_rating": null,
            "user_game": null,
            "reviews_count": 17,
            "saturated_color": "0f0f0f",
            "dominant_color": "0f0f0f",
            "short_screenshots": [
                {
                    "id": -1,
                    "image": "https://media.rawg.io/media/screenshots/67e/67ee0a90e40f41d00ea52a540fbd0227.jpg"
                },
                {
                    "id": 2968549,
                    "image": "https://media.rawg.io/media/screenshots/9d4/9d4bd63bd9d4e4cf9366beca4d837ed2.jpg"
                },
                {
                    "id": 2968550,
                    "image": "https://media.rawg.io/media/screenshots/d53/d530b3ed653d014d07cdc3b1e2d8a18e.jpg"
                },
                {
                    "id": 2968551,
                    "image": "https://media.rawg.io/media/screenshots/eb4/eb4d77b33a39385f2217e90775b8c8cb.jpg"
                },
                {
                    "id": 2968552,
                    "image": "https://media.rawg.io/media/screenshots/67e/67ee0a90e40f41d00ea52a540fbd0227.jpg"
                }
            ],
            "parent_platforms": [
                {
                    "platform": {
                        "id": 1,
                        "name": "PC",
                        "slug": "pc"
                    }
                }
            ],
            "genres": [
                {
                    "id": 2,
                    "name": "Shooter",
                    "slug": "shooter"
                },
                {
                    "id": 4,
                    "name": "Action",
                    "slug": "action"
                }
            ]
        },
        {
            "slug": "nottolot",
            "name": "Nottolot",
            "playtime": 1,
            "platforms": [
                {
                    "platform": {
                        "id": 4,
                        "name": "PC",
                        "slug": "pc"
                    }
                }
            ],
            "stores": [
                {
                    "store": {
                        "id": 1,
                        "name": "Steam",
                        "slug": "steam"
                    }
                }
            ],
            "released": "2024-03-26",
            "tba": false,
            "background_image": "https://media.rawg.io/media/games/fb5/fb5fade5810315d5172d7dd22cb4c8b4.jpg",
            "rating": 0.0,
            "rating_top": 0,
            "ratings": [],
            "ratings_count": 0,
            "reviews_text_count": 0,
            "added": 84,
            "added_by_status": {
                "yet": 2,
                "owned": 81,
                "dropped": 1
            },
            "metacritic": null,
            "suggestions_count": 395,
            "updated": "2024-10-30T05:29:50",
            "id": 979141,
            "score": null,
            "clip": null,
            "tags": [
                {
                    "id": 31,
                    "name": "Singleplayer",
                    "slug": "singleplayer",
                    "language": "eng",
                    "games_count": 235909,
                    "image_background": "https://media.rawg.io/media/games/34b/34b1f1850a1c06fd971bc6ab3ac0ce0e.jpg"
                },
                {
                    "id": 42396,
                    "name": "Для одного игрока",
                    "slug": "dlia-odnogo-igroka",
                    "language": "rus",
                    "games_count": 58618,
                    "image_background": "https://media.rawg.io/media/games/942/9424d6bb763dc38d9378b488603c87fa.jpg"
                },
                {
                    "id": 42417,
                    "name": "Экшен",
                    "slug": "ekshen",
                    "language": "rus",
                    "games_count": 44770,
                    "image_background": "https://media.rawg.io/media/games/bc0/bc06a29ceac58652b684deefe7d56099.jpg"
                },
                {
                    "id": 42398,
                    "name": "Инди",
                    "slug": "indi-2",
                    "language": "rus",
                    "games_count": 60916,
                    "image_background": "https://media.rawg.io/media/games/5eb/5eb49eb2fa0738fdb5bacea557b1bc57.jpg"
                },
                {
                    "id": 42399,
                    "name": "Казуальная игра",
                    "slug": "kazualnaia-igra",
                    "language": "rus",
                    "games_count": 47137,
                    "image_background": "https://media.rawg.io/media/games/d82/d82990b9c67ba0d2d09d4e6fa88885a7.jpg"
                },
                {
                    "id": 40845,
                    "name": "Partial Controller Support",
                    "slug": "partial-controller-support",
                    "language": "eng",
                    "games_count": 12803,
                    "image_background": "https://media.rawg.io/media/games/2ad/2ad87a4a69b1104f02435c14c5196095.jpg"
                },
                {
                    "id": 79,
                    "name": "Free to Play",
                    "slug": "free-to-play",
                    "language": "eng",
                    "games_count": 8236,
                    "image_background": "https://media.rawg.io/media/games/d07/d0790809a13027251b6d0f4dc7538c58.jpg"
                },
                {
                    "id": 42538,
                    "name": "Бесплатная игра",
                    "slug": "besplatnaia-igra",
                    "language": "rus",
                    "games_count": 8223,
                    "image_background": "https://media.rawg.io/media/games/93e/93ee6101e1c943732f06080dddb0fe4c.jpg"
                },
                {
                    "id": 69,
                    "name": "Action-Adventure",
                    "slug": "action-adventure",
                    "language": "eng",
                    "games_count": 18605,
                    "image_background": "https://media.rawg.io/media/games/67f/67f62d1f062a6164f57575e0604ee9f6.jpg"
                },
                {
                    "id": 42490,
                    "name": "Приключенческий экшен",
                    "slug": "prikliuchencheskii-ekshen",
                    "language": "rus",
                    "games_count": 10998,
                    "image_background": "https://media.rawg.io/media/games/a79/a79d2fc90c4dbf07a8580b19600fd61d.jpg"
                },
                {
                    "id": 571,
                    "name": "3D",
                    "slug": "3d",
                    "language": "eng",
                    "games_count": 88103,
                    "image_background": "https://media.rawg.io/media/games/c3b/c3be1d5f55cb9324c97ccb7aaaf42ad4.jpg"
                },
                {
                    "id": 197,
                    "name": "Robots",
                    "slug": "robots",
                    "language": "eng",
                    "games_count": 8522,
                    "image_background": "https://media.rawg.io/media/screenshots/72c/72c1405b3524e40c44c7860f2b5fa7f9.jpg"
                },
                {
                    "id": 42494,
                    "name": "3D-платформер",
                    "slug": "3d-platformer-2",
                    "language": "rus",
                    "games_count": 5072,
                    "image_background": "https://media.rawg.io/media/games/594/5949baae74fe9e399adbce0c44e28783.jpg"
                },
                {
                    "id": 42630,
                    "name": "Роботы",
                    "slug": "roboty",
                    "language": "rus",
                    "games_count": 2115,
                    "image_background": "https://media.rawg.io/media/screenshots/e29/e29ce2369152515e9ae20c6e217cbe81.jpg"
                },
                {
                    "id": 229,
                    "name": "3D Platformer",
                    "slug": "3d-platformer",
                    "language": "eng",
                    "games_count": 11098,
                    "image_background": "https://media.rawg.io/media/games/91d/91ddeef8d5ebee7f21faa89efa0f2201.jpg"
                },
                {
                    "id": 184,
                    "name": "Mechs",
                    "slug": "mechs",
                    "language": "eng",
                    "games_count": 1321,
                    "image_background": "https://media.rawg.io/media/screenshots/cf2/cf2947af6c3ef3793b5c3d5c686ca785.jpg"
                },
                {
                    "id": 42609,
                    "name": "Мехи",
                    "slug": "mekhi",
                    "language": "rus",
                    "games_count": 623,
                    "image_background": "https://media.rawg.io/media/games/ae3/ae357d6e6f9e89597e8293469ddabba9.jpg"
                }
            ],
            "esrb_rating": null,
            "user_game": null,
            "reviews_count": 0,
            "community_rating": 0,
            "saturated_color": "0f0f0f",
            "dominant_color": "0f0f0f",
            "short_screenshots": [
                {
                    "id": -1,
                    "image": "https://media.rawg.io/media/games/fb5/fb5fade5810315d5172d7dd22cb4c8b4.jpg"
                },
                {
                    "id": 4022170,
                    "image": "https://media.rawg.io/media/screenshots/0a9/0a9f865eaa011a6145a59a5fbf3e9792.jpg"
                },
                {
                    "id": 4022171,
                    "image": "https://media.rawg.io/media/screenshots/708/7080b52d2084e5da977544bacf0fd92e.jpg"
                },
                {
                    "id": 4022172,
                    "image": "https://media.rawg.io/media/screenshots/b71/b71edb9c461805f081d83dc41f51d8bc.jpg"
                },
                {
                    "id": 4022173,
                    "image": "https://media.rawg.io/media/screenshots/5e4/5e4662571a0c78771a5abfe6996d7b0e.jpg"
                },
                {
                    "id": 4022174,
                    "image": "https://media.rawg.io/media/screenshots/b91/b911d62c2708f9e43b98c6934e6a69c6.jpg"
                },
                {
                    "id": 4022175,
                    "image": "https://media.rawg.io/media/screenshots/575/5757f53b1e1bb9e9d2d192a802aee2ce.jpg"
                }
            ],
            "parent_platforms": [
                {
                    "platform": {
                        "id": 1,
                        "name": "PC",
                        "slug": "pc"
                    }
                }
            ],
            "genres": [
                {
                    "id": 40,
                    "name": "Casual",
                    "slug": "casual"
                },
                {
                    "id": 51,
                    "name": "Indie",
                    "slug": "indie"
                },
                {
                    "id": 4,
                    "name": "Action",
                    "slug": "action"
                }
            ]
        }
    ],
    "user_platforms": false
}