{
    "count": 87,
    "next": "https://api.rawg.io/api/games?developers=6816&key=6144c1f5ae184e6a89a3e2b34caf541c&ordering=-rating&page=2&page_size=10",
    "previous": null,
    "results": [
        {
            "slug": "scooby-doo-unmasked",
            "name": "Scooby-Doo! Unmasked",
            "playtime": 0,
            "platforms": [
                {
                    "platform": {
                        "id": 80,
                        "name": "Xbox",
                        "slug": "xbox-old"
                    }
                },
                {
                    "platform": {
                        "id": 15,
                        "name": "PlayStation 2",
                        "slug": "playstation2"
                    }
                },
                {
                    "platform": {
                        "id": 105,
                        "name": "GameCube",
                        "slug": "gamecube"
                    }
                }
            ],
            "stores": null,
            "released": "2005-09-12",
            "tba": false,
            "background_image": "https://media.rawg.io/media/games/ac9/ac9fefa221d17cbbb9874b723036146c.jpg",
            "rating": 4.0,
            "rating_top": 4,
            "ratings": [
                {
                    "id": 4,
                    "title": "recommended",
                    "count": 6,
                    "percent": 60.0
                },
                {
                    "id": 5,
                    "title": "exceptional",
                    "count": 2,
                    "percent": 20.0
                },
                {
                    "id": 3,
                    "title": "meh",
                    "count": 2,
                    "percent": 20.0
                }
            ],
            "ratings_count": 10,
            "reviews_text_count": 0,
            "added": 27,
            "added_by_status": {
                "yet": 1,
                "owned": 7,
                "beaten": 12,
                "toplay": 5,
                "dropped": 2
            },
            "metacritic": 61,
            "suggestions_count": 411,
            "updated": "2025-02-09T21:46:56",
            "id": 53516,
            "score": null,
            "clip": null,
            "tags": [
                {
                    "id": 31,
                    "name": "Singleplayer",
                    "slug": "singleplayer",
                    "language": "eng",
                    "games_count": 235600,
                    "image_background": "https://media.rawg.io/media/games/bc0/bc06a29ceac58652b684deefe7d56099.jpg"
                }
            ],
            "esrb_rating": {
                "id": 1,
                "name": "Everyone",
                "slug": "everyone",
                "name_en": "Everyone",
                "name_ru": "Для всех"
            },
            "user_game": null,
            "reviews_count": 10,
            "saturated_color": "0f0f0f",
            "dominant_color": "0f0f0f",
            "short_screenshots": [
                {
                    "id": -1,
                    "image": "https://media.rawg.io/media/games/ac9/ac9fefa221d17cbbb9874b723036146c.jpg"
                },
                {
                    "id": 3671832,
                    "image": "https://media.rawg.io/media/screenshots/300/3000ff7f088d6f95a64f70cf6289edde.jpg"
                },
                {
                    "id": 3671833,
                    "image": "https://media.rawg.io/media/screenshots/c59/c59e74dded8229bd65f02e63dcdae108.jpg"
                },
                {
                    "id": 3671834,
                    "image": "https://media.rawg.io/media/screenshots/877/877c4619f8181c8143180888565651fd.jpg"
                },
                {
                    "id": 3671837,
                    "image": "https://media.rawg.io/media/screenshots/b9a/b9a8aedbd5bdb5c9743c374978c3eaf0.jpg"
                },
                {
                    "id": 3671839,
                    "image": "https://media.rawg.io/media/screenshots/a8b/a8b94b242501a956925f3a2c715eabf3.jpg"
                },
                {
                    "id": 3671840,
                    "image": "https://media.rawg.io/media/screenshots/870/870392665c1d206869ca8e35a7927820.jpg"
                }
            ],
            "parent_platforms": [
                {
                    "platform": {
                        "id": 2,
                        "name": "PlayStation",
                        "slug": "playstation"
                    }
                },
                {
                    "platform": {
                        "id": 3,
                        "name": "Xbox",
                        "slug": "xbox"
                    }
                },
                {
                    "platform": {
                        "id": 7,
                        "name": "Nintendo",
                        "slug": "nintendo"
                    }
                }
            ],
            "genres": [
                {
                    "id": 83,
                    "name": "Platformer",
                    "slug": "platformer"
                },
                {
                    "id": 3,
                    "name": "Adventure",
                    "slug": "adventure"
                }
            ]
        },
        {
            "slug": "borderlands-the-handsome-collection",
            "name": "Borderlands: The Handsome Collection",
            "playtime": 0,
            "platforms": [
                {
                    "platform": {
                        "id": 4,
                        "name": "PC",
                        "slug": "pc"
                    }
                },
                {
                    "platform": {
                        "id": 1,
                        "name": "Xbox One",
                        "slug": "xbox-one"
                    }
                },
                {
                    "platform": {
                        "id": 18,
                        "name": "PlayStation 4",
                        "slug": "playstation4"
                    }
                },
                {
                    "platform": {
                        "id": 7,
                        "name": "Nintendo Switch",
                        "slug": "nintendo-switch"
                    }
                }
            ],
            "stores": [
                {
                    "store": {
                        "id": 3,
                        "name": "PlayStation Store",
                        "slug": "playstation-store"
                    }
                },
                {
                    "store": {
                        "id": 2,
                        "name": "Xbox Store",
                        "slug": "xbox-store"
                    }
                },
                {
                    "store": {
                        "id": 6,
                        "name": "Nintendo Store",
                        "slug": "nintendo"
                    }
                },
                {
                    "store": {
                        "id": 11,
                        "name": "Epic Games",
                        "slug": "epic-games"
                    }
                }
            ],
            "released": "2015-03-24",
            "tba": false,
            "background_image": "https://media.rawg.io/media/games/819/819cbc1d24837166b24299f5c8b68e07.jpg",
            "rating": 3.98,
            "rating_top": 4,
            "ratings": [
                {
                    "id": 4,
                    "title": "recommended",
                    "count": 88,
                    "percent": 55.0
                },
                {
                    "id": 5,
                    "title": "exceptional",
                    "count": 45,
                    "percent": 28.12
                },
                {
                    "id": 3,
                    "title": "meh",
                    "count": 16,
                    "percent": 10.0
                },
                {
                    "id": 1,
                    "title": "skip",
                    "count": 11,
                    "percent": 6.88
                }
            ],
            "ratings_count": 158,
            "reviews_text_count": 2,
            "added": 1824,
            "added_by_status": {
                "yet": 107,
                "owned": 1476,
                "beaten": 104,
                "toplay": 26,
                "dropped": 90,
                "playing": 21
            },
            "metacritic": null,
            "suggestions_count": 668,
            "updated": "2024-10-25T14:07:26",
            "id": 3388,
            "score": null,
            "clip": null,
            "tags": [
                {
                    "id": 8,
                    "name": "First-Person",
                    "slug": "first-person",
                    "language": "eng",
                    "games_count": 34207,
                    "image_background": "https://media.rawg.io/media/games/d82/d82990b9c67ba0d2d09d4e6fa88885a7.jpg"
                },
                {
                    "id": 468,
                    "name": "role-playing",
                    "slug": "role-playing",
                    "language": "eng",
                    "games_count": 1618,
                    "image_background": "https://media.rawg.io/media/games/f87/f87457e8347484033cb34cde6101d08d.jpg"
                },
                {
                    "id": 413,
                    "name": "online",
                    "slug": "online",
                    "language": "eng",
                    "games_count": 6553,
                    "image_background": "https://media.rawg.io/media/screenshots/73e/73e4d78a55248fc26a4e06726b6bd969.jpg"
                },
                {
                    "id": 5816,
                    "name": "console",
                    "slug": "console",
                    "language": "eng",
                    "games_count": 1390,
                    "image_background": "https://media.rawg.io/media/games/faa/faa6a4a7a2e57faf2960329630aee211.jpg"
                },
                {
                    "id": 87822,
                    "name": "4 giocatori divano",
                    "slug": "4-giocatori-divano",
                    "language": "eng",
                    "games_count": 32,
                    "image_background": "https://media.rawg.io/media/games/82e/82eeea65ebb047cc7f366faf2fb062b6.jpg"
                },
                {
                    "id": 1626,
                    "name": "collection",
                    "slug": "collection",
                    "language": "eng",
                    "games_count": 3689,
                    "image_background": "https://media.rawg.io/media/screenshots/e51/e51f9a3d6694ceb8bbae0124593f7bd8.jpg"
                },
                {
                    "id": 2129,
                    "name": "interactive",
                    "slug": "interactive",
                    "language": "eng",
                    "games_count": 473,
                    "image_background": "https://media.rawg.io/media/screenshots/cba/cbacf036f4d93eecc45db7c83a90e3f7.jpg"
                },
                {
                    "id": 5641,
                    "name": "bundle",
                    "slug": "bundle",
                    "language": "eng",
                    "games_count": 491,
                    "image_background": "https://media.rawg.io/media/games/451/451e5c6d5420d4862b9de70441cdc11a.jpg"
                }
            ],
            "esrb_rating": null,
            "user_game": null,
            "reviews_count": 160,
            "saturated_color": "0f0f0f",
            "dominant_color": "0f0f0f",
            "short_screenshots": [
                {
                    "id": -1,
                    "image": "https://media.rawg.io/media/games/819/819cbc1d24837166b24299f5c8b68e07.jpg"
                },
                {
                    "id": 30785,
                    "image": "https://media.rawg.io/media/screenshots/a57/a57c6dc6ec8b2b736e92c442fc975286.jpg"
                },
                {
                    "id": 30786,
                    "image": "https://media.rawg.io/media/screenshots/aec/aecffa60e6881077151a1723067e34e7.jpg"
                },
                {
                    "id": 30787,
                    "image": "https://media.rawg.io/media/screenshots/e93/e9314d3727d8b36b02e5249f09981a97.jpg"
                },
                {
                    "id": 30789,
                    "image": "https://media.rawg.io/media/screenshots/676/676bc77c759218c6fd427080cd70af71.jpg"
                },
                {
                    "id": 30790,
                    "image": "https://media.rawg.io/media/screenshots/106/1067d09c5da49bcca5453063c1737ba4.jpg"
                },
                {
                    "id": 30791,
                    "image": "https://media.rawg.io/media/screenshots/597/597cf67d29e1b902ebd937d3923ae040.jpg"
                }
            ],
            "parent_platforms": [
                {
                    "platform": {
                        "id": 1,
                        "name": "PC",
                        "slug": "pc"
                    }
                },
                {
                    "platform": {
                        "id": 2,
                        "name": "PlayStation",
                        "slug": "playstation"
                    }
                },
                {
                    "platform": {
                        "id": 3,
                        "name": "Xbox",
                        "slug": "xbox"
                    }
                },
                {
                    "platform": {
                        "id": 7,
                        "name": "Nintendo",
                        "slug": "nintendo"
                    }
                }
            ],
            "genres": [
                {
                    "id": 3,
                    "name": "Adventure",
                    "slug": "adventure"
                },
                {
                    "id": 4,
                    "name": "Action",
                    "slug": "action"
                }
            ]
        },
        {
            "slug": "bugs-bunny-lost-in-time",
            "name": "Bugs Bunny: Lost in Time",
            "playtime": 21,
            "platforms": [
                {
                    "platform": {
                        "id": 4,
                        "name": "PC",
                        "slug": "pc"
                    }
                },
                {
                    "platform": {
                        "id": 27,
                        "name": "PlayStation",
                        "slug": "playstation1"
                    }
                }
            ],
            "stores": null,
            "released": "1999-05-31",
            "tba": false,
            "background_image": "https://media.rawg.io/media/screenshots/2be/2be36a03bd849dd6146f962e88c2c2b9.jpg",
            "rating": 3.98,
            "rating_top": 4,
            "ratings": [
                {
                    "id": 4,
                    "title": "recommended",
                    "count": 26,
                    "percent": 53.06
                },
                {
                    "id": 5,
                    "title": "exceptional",
                    "count": 13,
                    "percent": 26.53
                },
                {
                    "id": 3,
                    "title": "meh",
                    "count": 8,
                    "percent": 16.33
                },
                {
                    "id": 1,
                    "title": "skip",
                    "count": 2,
                    "percent": 4.08
                }
            ],
            "ratings_count": 49,
            "reviews_text_count": 0,
            "added": 119,
            "added_by_status": {
                "yet": 7,
                "owned": 27,
                "beaten": 47,
                "toplay": 6,
                "dropped": 32
            },
            "metacritic": null,
            "suggestions_count": 191,
            "updated": "2024-12-17T14:35:33",
            "id": 52767,
            "score": null,
            "clip": null,
            "tags": [
                {
                    "id": 31,
                    "name": "Singleplayer",
                    "slug": "singleplayer",
                    "language": "eng",
                    "games_count": 236808,
                    "image_background": "https://media.rawg.io/media/games/4be/4be6a6ad0364751a96229c56bf69be59.jpg"
                }
            ],
            "esrb_rating": null,
            "user_game": null,
            "reviews_count": 49,
            "saturated_color": "0f0f0f",
            "dominant_color": "0f0f0f",
            "short_screenshots": [
                {
                    "id": -1,
                    "image": "https://media.rawg.io/media/screenshots/2be/2be36a03bd849dd6146f962e88c2c2b9.jpg"
                },
                {
                    "id": 728605,
                    "image": "https://media.rawg.io/media/screenshots/63b/63b6a50805b67e5d544cfc52093083b5.jpg"
                },
                {
                    "id": 728606,
                    "image": "https://media.rawg.io/media/screenshots/aae/aaea1dda4ef37217067fa64b672fae9a.jpg"
                },
                {
                    "id": 728607,
                    "image": "https://media.rawg.io/media/screenshots/a5c/a5c60ccadd1acbf45aaac04903753854.jpg"
                },
                {
                    "id": 728608,
                    "image": "https://media.rawg.io/media/screenshots/2c9/2c990532663ad8cc24902fc3dc31a9cc.jpg"
                },
                {
                    "id": 728609,
                    "image": "https://media.rawg.io/media/screenshots/4c1/4c1cee04589d983130553f28baac94af.jpg"
                },
                {
                    "id": 728610,
                    "image": "https://media.rawg.io/media/screenshots/ef2/ef22d7ff11ef135166e842fd1154fa8a.jpg"
                }
            ],
            "parent_platforms": [
                {
                    "platform": {
                        "id": 1,
                        "name": "PC",
                        "slug": "pc"
                    }
                },
                {
                    "platform": {
                        "id": 2,
                        "name": "PlayStation",
                        "slug": "playstation"
                    }
                }
            ],
            "genres": []
        },
        {
            "slug": "dantes-inferno-psp",
            "name": "Dante's Inferno (PSP)",
            "playtime": 0,
            "platforms": [
                {
                    "platform": {
                        "id": 17,
                        "name": "PSP",
                        "slug": "psp"
                    }
                }
            ],
            "stores": null,
            "released": "2010-03-04",
            "tba": false,
            "background_image": "https://media.rawg.io/media/games/e08/e08b384d3900b0cd24180a71f31a1452.jpg",
            "rating": 3.96,
            "rating_top": 4,
            "ratings": [
                {
                    "id": 4,
                    "title": "recommended",
                    "count": 15,
                    "percent": 53.57
                },
                {
                    "id": 5,
                    "title": "exceptional",
                    "count": 7,
                    "percent": 25.0
                },
                {
                    "id": 3,
                    "title": "meh",
                    "count": 5,
                    "percent": 17.86
                },
                {
                    "id": 1,
                    "title": "skip",
                    "count": 1,
                    "percent": 3.57
                }
            ],
            "ratings_count": 27,
            "reviews_text_count": 0,
            "added": 77,
            "added_by_status": {
                "yet": 5,
                "owned": 15,
                "beaten": 38,
                "toplay": 8,
                "dropped": 11
            },
            "metacritic": 70,
            "suggestions_count": 417,
            "updated": "2025-01-09T08:39:58",
            "id": 5065,
            "score": null,
            "clip": null,
            "tags": [
                {
                    "id": 69,
                    "name": "Action-Adventure",
                    "slug": "action-adventure",
                    "language": "eng",
                    "games_count": 18751,
                    "image_background": "https://media.rawg.io/media/games/c50/c5085506fe4b5e20fc7aa5ace842c20b.jpg"
                }
            ],
            "esrb_rating": {
                "id": 4,
                "name": "Mature",
                "slug": "mature",
                "name_en": "Mature",
                "name_ru": "С 17 лет"
            },
            "user_game": null,
            "reviews_count": 28,
            "saturated_color": "0f0f0f",
            "dominant_color": "0f0f0f",
            "short_screenshots": [
                {
                    "id": -1,
                    "image": "https://media.rawg.io/media/games/e08/e08b384d3900b0cd24180a71f31a1452.jpg"
                },
                {
                    "id": 806252,
                    "image": "https://media.rawg.io/media/screenshots/8f9/8f9dc2a7c2c718ac658364931bab0950_fS5XZOf.jpg"
                },
                {
                    "id": 806253,
                    "image": "https://media.rawg.io/media/screenshots/397/397a6b06288ff1735a0e82cc14cbe021.jpg"
                },
                {
                    "id": 806254,
                    "image": "https://media.rawg.io/media/screenshots/97d/97d9fbc6ec726a7b26ff9d3383987ff1.jpg"
                },
                {
                    "id": 806255,
                    "image": "https://media.rawg.io/media/screenshots/201/2012f951e5251c5105d2f2b1bec1a635.jpg"
                },
                {
                    "id": 806256,
                    "image": "https://media.rawg.io/media/screenshots/b0f/b0f6332c0ac3ed53d54ce3ea51eefb48.jpg"
                },
                {
                    "id": 806257,
                    "image": "https://media.rawg.io/media/screenshots/b6b/b6bb826d879e4e617d879c46aaa91ed9.jpg"
                }
            ],
            "parent_platforms": [
                {
                    "platform": {
                        "id": 2,
                        "name": "PlayStation",
                        "slug": "playstation"
                    }
                }
            ],
            "genres": [
                {
                    "id": 3,
                    "name": "Adventure",
                    "slug": "adventure"
                },
                {
                    "id": 4,
                    "name": "Action",
                    "slug": "action"
                }
            ]
        },
        {
            "slug": "bugs-bunny-taz-time-busters",
            "name": "Bugs Bunny & Taz: Time Busters",
            "playtime": 24,
            "platforms": [
                {
                    "platform": {
                        "id": 4,
                        "name": "PC",
                        "slug": "pc"
                    }
                },
                {
                    "platform": {
                        "id": 27,
                        "name": "PlayStation",
                        "slug": "playstation1"
                    }
                }
            ],
            "stores": null,
            "released": "2000-01-01",
            "tba": false,
            "background_image": "https://media.rawg.io/media/screenshots/127/12773120fdf2776531ad021aee0f1b7b.jpg",
            "rating": 3.94,
            "rating_top": 4,
            "ratings": [
                {
                    "id": 4,
                    "title": "recommended",
                    "count": 20,
                    "percent": 58.82
                },
                {
                    "id": 5,
                    "title": "exceptional",
                    "count": 8,
                    "percent": 23.53
                },
                {
                    "id": 3,
                    "title": "meh",
                    "count": 4,
                    "percent": 11.76
                },
                {
                    "id": 1,
                    "title": "skip",
                    "count": 2,
                    "percent": 5.88
                }
            ],
            "ratings_count": 34,
            "reviews_text_count": 0,
            "added": 94,
            "added_by_status": {
                "yet": 6,
                "owned": 26,
                "beaten": 35,
                "toplay": 10,
                "dropped": 17
            },
            "metacritic": 72,
            "suggestions_count": 480,
            "updated": "2025-03-01T01:23:17",
            "id": 52761,
            "score": null,
            "clip": null,
            "tags": [
                {
                    "id": 31,
                    "name": "Singleplayer",
                    "slug": "singleplayer",
                    "language": "eng",
                    "games_count": 236808,
                    "image_background": "https://media.rawg.io/media/games/4be/4be6a6ad0364751a96229c56bf69be59.jpg"
                },
                {
                    "id": 411,
                    "name": "cooperative",
                    "slug": "cooperative",
                    "language": "eng",
                    "games_count": 5769,
                    "image_background": "https://media.rawg.io/media/games/587/587588c64afbff80e6f444eb2e46f9da.jpg"
                }
            ],
            "esrb_rating": null,
            "user_game": null,
            "reviews_count": 34,
            "saturated_color": "0f0f0f",
            "dominant_color": "0f0f0f",
            "short_screenshots": [
                {
                    "id": -1,
                    "image": "https://media.rawg.io/media/screenshots/127/12773120fdf2776531ad021aee0f1b7b.jpg"
                },
                {
                    "id": 315745,
                    "image": "https://media.rawg.io/media/screenshots/b1e/b1ebd0419269f1ec493e02b8a4b6cdcd.jpg"
                },
                {
                    "id": 315746,
                    "image": "https://media.rawg.io/media/screenshots/eed/eedc973e120c431e20a3111b71610ef5.jpg"
                },
                {
                    "id": 315747,
                    "image": "https://media.rawg.io/media/screenshots/b11/b11eaf1ece180ec4438d781f4d9eea05.jpg"
                },
                {
                    "id": 315748,
                    "image": "https://media.rawg.io/media/screenshots/814/814840e617d1b028cd4cd6345f95ff31.jpg"
                },
                {
                    "id": 315749,
                    "image": "https://media.rawg.io/media/screenshots/0fb/0fb842ccf926b7ac6459de175ce6afee.jpg"
                },
                {
                    "id": 315750,
                    "image": "https://media.rawg.io/media/screenshots/5d9/5d9dcc44b00fdb204b44592ef27f269b.jpg"
                }
            ],
            "parent_platforms": [
                {
                    "platform": {
                        "id": 1,
                        "name": "PC",
                        "slug": "pc"
                    }
                },
                {
                    "platform": {
                        "id": 2,
                        "name": "PlayStation",
                        "slug": "playstation"
                    }
                }
            ],
            "genres": [
                {
                    "id": 11,
                    "name": "Arcade",
                    "slug": "arcade"
                },
                {
                    "id": 4,
                    "name": "Action",
                    "slug": "action"
                }
            ]
        },
        {
            "slug": "the-grinch",
            "name": "The Grinch",
            "playtime": 0,
            "platforms": [
                {
                    "platform": {
                        "id": 4,
                        "name": "PC",
                        "slug": "pc"
                    }
                },
                {
                    "platform": {
                        "id": 27,
                        "name": "PlayStation",
                        "slug": "playstation1"
                    }
                },
                {
                    "platform": {
                        "id": 43,
                        "name": "Game Boy Color",
                        "slug": "game-boy-color"
                    }
                },
                {
                    "platform": {
                        "id": 106,
                        "name": "Dreamcast",
                        "slug": "dreamcast"
                    }
                }
            ],
            "stores": null,
            "released": "2000-12-04",
            "tba": false,
            "background_image": "https://media.rawg.io/media/screenshots/2a7/2a7945fe49380e622c9e87d25d388379.jpg",
            "rating": 3.93,
            "rating_top": 4,
            "ratings": [
                {
                    "id": 4,
                    "title": "recommended",
                    "count": 8,
                    "percent": 53.33
                },
                {
                    "id": 3,
                    "title": "meh",
                    "count": 4,
                    "percent": 26.67
                },
                {
                    "id": 5,
                    "title": "exceptional",
                    "count": 3,
                    "percent": 20.0
                }
            ],
            "ratings_count": 15,
            "reviews_text_count": 0,
            "added": 32,
            "added_by_status": {
                "yet": 3,
                "owned": 3,
                "beaten": 9,
                "toplay": 7,
                "dropped": 10
            },
            "metacritic": 55,
            "suggestions_count": 196,
            "updated": "2023-11-02T02:47:56",
            "id": 31912,
            "score": null,
            "clip": null,
            "tags": [
                {
                    "id": 31,
                    "name": "Singleplayer",
                    "slug": "singleplayer",
                    "language": "eng",
                    "games_count": 227300,
                    "image_background": "https://media.rawg.io/media/games/490/49016e06ae2103881ff6373248843069.jpg"
                }
            ],
            "esrb_rating": null,
            "user_game": null,
            "reviews_count": 15,
            "saturated_color": "0f0f0f",
            "dominant_color": "0f0f0f",
            "short_screenshots": [
                {
                    "id": -1,
                    "image": "https://media.rawg.io/media/screenshots/2a7/2a7945fe49380e622c9e87d25d388379.jpg"
                },
                {
                    "id": 322515,
                    "image": "https://media.rawg.io/media/screenshots/9a8/9a8865377d862a25a5e9e892e4712574.jpg"
                },
                {
                    "id": 322516,
                    "image": "https://media.rawg.io/media/screenshots/274/274625c5efe04d6d9053de408c619669.jpg"
                },
                {
                    "id": 322517,
                    "image": "https://media.rawg.io/media/screenshots/a68/a68301890a7a19ee261194ca6870292a.jpg"
                },
                {
                    "id": 322518,
                    "image": "https://media.rawg.io/media/screenshots/9d4/9d475b6f05c239df1b75782210957eda.jpg"
                },
                {
                    "id": 322519,
                    "image": "https://media.rawg.io/media/screenshots/12b/12bf2d291f145f1a482ef863603f78ad.jpg"
                },
                {
                    "id": 322520,
                    "image": "https://media.rawg.io/media/screenshots/f5b/f5b0d0da6903efbdb19dda31834851d6.jpg"
                }
            ],
            "parent_platforms": [
                {
                    "platform": {
                        "id": 1,
                        "name": "PC",
                        "slug": "pc"
                    }
                },
                {
                    "platform": {
                        "id": 2,
                        "name": "PlayStation",
                        "slug": "playstation"
                    }
                },
                {
                    "platform": {
                        "id": 7,
                        "name": "Nintendo",
                        "slug": "nintendo"
                    }
                },
                {
                    "platform": {
                        "id": 11,
                        "name": "SEGA",
                        "slug": "sega"
                    }
                }
            ],
            "genres": [
                {
                    "id": 83,
                    "name": "Platformer",
                    "slug": "platformer"
                },
                {
                    "id": 11,
                    "name": "Arcade",
                    "slug": "arcade"
                }
            ]
        },
        {
            "slug": "jersey-devil-1997",
            "name": "Jersey Devil (1997)",
            "playtime": 0,
            "platforms": [
                {
                    "platform": {
                        "id": 4,
                        "name": "PC",
                        "slug": "pc"
                    }
                },
                {
                    "platform": {
                        "id": 27,
                        "name": "PlayStation",
                        "slug": "playstation1"
                    }
                }
            ],
            "stores": null,
            "released": "1997-12-12",
            "tba": false,
            "background_image": "https://media.rawg.io/media/screenshots/522/522446056e821b62ffc5e89c4ea55c5e.jpg",
            "rating": 3.83,
            "rating_top": 4,
            "ratings": [
                {
                    "id": 4,
                    "title": "recommended",
                    "count": 3,
                    "percent": 50.0
                },
                {
                    "id": 3,
                    "title": "meh",
                    "count": 2,
                    "percent": 33.33
                },
                {
                    "id": 5,
                    "title": "exceptional",
                    "count": 1,
                    "percent": 16.67
                }
            ],
            "ratings_count": 6,
            "reviews_text_count": 0,
            "added": 27,
            "added_by_status": {
                "yet": 3,
                "owned": 9,
                "beaten": 4,
                "toplay": 6,
                "dropped": 4,
                "playing": 1
            },
            "metacritic": null,
            "suggestions_count": 160,
            "updated": "2022-10-22T21:35:35",
            "id": 53053,
            "score": null,
            "clip": null,
            "tags": [
                {
                    "id": 31,
                    "name": "Singleplayer",
                    "slug": "singleplayer",
                    "language": "eng",
                    "games_count": 227300,
                    "image_background": "https://media.rawg.io/media/games/490/49016e06ae2103881ff6373248843069.jpg"
                }
            ],
            "esrb_rating": null,
            "user_game": null,
            "reviews_count": 6,
            "saturated_color": "0f0f0f",
            "dominant_color": "0f0f0f",
            "short_screenshots": [
                {
                    "id": -1,
                    "image": "https://media.rawg.io/media/screenshots/522/522446056e821b62ffc5e89c4ea55c5e.jpg"
                },
                {
                    "id": 730321,
                    "image": "https://media.rawg.io/media/screenshots/cb4/cb448f4b9b085d2f49adfde21bb9f19e.jpg"
                },
                {
                    "id": 730322,
                    "image": "https://media.rawg.io/media/screenshots/46e/46e2c74945ad22479ab6cafe16ffac8d.jpg"
                },
                {
                    "id": 730323,
                    "image": "https://media.rawg.io/media/screenshots/df4/df430b656b143febf494b99737067dd7.jpg"
                },
                {
                    "id": 730324,
                    "image": "https://media.rawg.io/media/screenshots/3b7/3b7efa17860280e40cc883bc6ba15f00.jpg"
                },
                {
                    "id": 730325,
                    "image": "https://media.rawg.io/media/screenshots/522/522446056e821b62ffc5e89c4ea55c5e.jpg"
                }
            ],
            "parent_platforms": [
                {
                    "platform": {
                        "id": 1,
                        "name": "PC",
                        "slug": "pc"
                    }
                },
                {
                    "platform": {
                        "id": 2,
                        "name": "PlayStation",
                        "slug": "playstation"
                    }
                }
            ],
            "genres": []
        },
        {
            "slug": "halo-wars-definitive-edition",
            "name": "Halo Wars: Definitive Edition",
            "playtime": 3,
            "platforms": [
                {
                    "platform": {
                        "id": 4,
                        "name": "PC",
                        "slug": "pc"
                    }
                },
                {
                    "platform": {
                        "id": 1,
                        "name": "Xbox One",
                        "slug": "xbox-one"
                    }
                }
            ],
            "stores": [
                {
                    "store": {
                        "id": 1,
                        "name": "Steam",
                        "slug": "steam"
                    }
                },
                {
                    "store": {
                        "id": 2,
                        "name": "Xbox Store",
                        "slug": "xbox-store"
                    }
                }
            ],
            "released": "2017-04-20",
            "tba": false,
            "background_image": "https://media.rawg.io/media/games/b9a/b9a85da19ba361e20bfb39404f74f800.jpg",
            "rating": 3.72,
            "rating_top": 4,
            "ratings": [
                {
                    "id": 4,
                    "title": "recommended",
                    "count": 90,
                    "percent": 55.21
                },
                {
                    "id": 3,
                    "title": "meh",
                    "count": 41,
                    "percent": 25.15
                },
                {
                    "id": 5,
                    "title": "exceptional",
                    "count": 23,
                    "percent": 14.11
                },
                {
                    "id": 1,
                    "title": "skip",
                    "count": 9,
                    "percent": 5.52
                }
            ],
            "ratings_count": 162,
            "reviews_text_count": 1,
            "added": 1038,
            "added_by_status": {
                "yet": 55,
                "owned": 812,
                "beaten": 95,
                "toplay": 24,
                "dropped": 39,
                "playing": 13
            },
            "metacritic": 81,
            "suggestions_count": 560,
            "updated": "2025-01-29T18:42:20",
            "id": 22041,
            "score": null,
            "clip": null,
            "tags": [
                {
                    "id": 31,
                    "name": "Singleplayer",
                    "slug": "singleplayer",
                    "language": "eng",
                    "games_count": 236808,
                    "image_background": "https://media.rawg.io/media/games/4be/4be6a6ad0364751a96229c56bf69be59.jpg"
                },
                {
                    "id": 42396,
                    "name": "Для одного игрока",
                    "slug": "dlia-odnogo-igroka",
                    "language": "rus",
                    "games_count": 59339,
                    "image_background": "https://media.rawg.io/media/games/49c/49c3dfa4ce2f6f140cc4825868e858cb.jpg"
                },
                {
                    "id": 42417,
                    "name": "Экшен",
                    "slug": "ekshen",
                    "language": "rus",
                    "games_count": 45143,
                    "image_background": "https://media.rawg.io/media/games/b45/b45575f34285f2c4479c9a5f719d972e.jpg"
                },
                {
                    "id": 40847,
                    "name": "Steam Achievements",
                    "slug": "steam-achievements",
                    "language": "eng",
                    "games_count": 44261,
                    "image_background": "https://media.rawg.io/media/games/b8c/b8c243eaa0fbac8115e0cdccac3f91dc.jpg"
                },
                {
                    "id": 7,
                    "name": "Multiplayer",
                    "slug": "multiplayer",
                    "language": "eng",
                    "games_count": 40265,
                    "image_background": "https://media.rawg.io/media/games/021/021c4e21a1824d2526f925eff6324653.jpg"
                },
                {
                    "id": 40836,
                    "name": "Full controller support",
                    "slug": "full-controller-support",
                    "language": "eng",
                    "games_count": 20885,
                    "image_background": "https://media.rawg.io/media/games/562/562553814dd54e001a541e4ee83a591c.jpg"
                },
                {
                    "id": 40849,
                    "name": "Steam Cloud",
                    "slug": "steam-cloud",
                    "language": "eng",
                    "games_count": 21355,
                    "image_background": "https://media.rawg.io/media/games/be0/be01c3d7d8795a45615da139322ca080.jpg"
                },
                {
                    "id": 42425,
                    "name": "Для нескольких игроков",
                    "slug": "dlia-neskolkikh-igrokov",
                    "language": "rus",
                    "games_count": 11352,
                    "image_background": "https://media.rawg.io/media/games/157/15742f2f67eacff546738e1ab5c19d20.jpg"
                },
                {
                    "id": 42400,
                    "name": "Атмосфера",
                    "slug": "atmosfera",
                    "language": "rus",
                    "games_count": 6083,
                    "image_background": "https://media.rawg.io/media/games/7fa/7fa0b586293c5861ee32490e953a4996.jpg"
                },
                {
                    "id": 7808,
                    "name": "steam-trading-cards",
                    "slug": "steam-trading-cards",
                    "language": "eng",
                    "games_count": 7568,
                    "image_background": "https://media.rawg.io/media/games/d58/d588947d4286e7b5e0e12e1bea7d9844.jpg"
                },
                {
                    "id": 42401,
                    "name": "Отличный саундтрек",
                    "slug": "otlichnyi-saundtrek",
                    "language": "rus",
                    "games_count": 4645,
                    "image_background": "https://media.rawg.io/media/games/7cf/7cfc9220b401b7a300e409e539c9afd5.jpg"
                },
                {
                    "id": 42,
                    "name": "Great Soundtrack",
                    "slug": "great-soundtrack",
                    "language": "eng",
                    "games_count": 3421,
                    "image_background": "https://media.rawg.io/media/games/26d/26d4437715bee60138dab4a7c8c59c92.jpg"
                },
                {
                    "id": 42394,
                    "name": "Глубокий сюжет",
                    "slug": "glubokii-siuzhet",
                    "language": "rus",
                    "games_count": 15181,
                    "image_background": "https://media.rawg.io/media/games/b8c/b8c243eaa0fbac8115e0cdccac3f91dc.jpg"
                },
                {
                    "id": 18,
                    "name": "Co-op",
                    "slug": "co-op",
                    "language": "eng",
                    "games_count": 12990,
                    "image_background": "https://media.rawg.io/media/games/4e0/4e0e7b6d6906a131307c94266e5c9a1c.jpg"
                },
                {
                    "id": 42421,
                    "name": "Стратегия",
                    "slug": "strategiia",
                    "language": "rus",
                    "games_count": 21623,
                    "image_background": "https://media.rawg.io/media/games/af7/af7a831001c5c32c46e950cc883b8cb7.jpg"
                },
                {
                    "id": 411,
                    "name": "cooperative",
                    "slug": "cooperative",
                    "language": "eng",
                    "games_count": 5769,
                    "image_background": "https://media.rawg.io/media/games/587/587588c64afbff80e6f444eb2e46f9da.jpg"
                },
                {
                    "id": 42435,
                    "name": "Шедевр",
                    "slug": "shedevr",
                    "language": "rus",
                    "games_count": 1059,
                    "image_background": "https://media.rawg.io/media/games/7cf/7cfc9220b401b7a300e409e539c9afd5.jpg"
                },
                {
                    "id": 42423,
                    "name": "Научная фантастика",
                    "slug": "nauchnaia-fantastika",
                    "language": "rus",
                    "games_count": 9486,
                    "image_background": "https://media.rawg.io/media/games/587/587588c64afbff80e6f444eb2e46f9da.jpg"
                },
                {
                    "id": 32,
                    "name": "Sci-fi",
                    "slug": "sci-fi",
                    "language": "eng",
                    "games_count": 20582,
                    "image_background": "https://media.rawg.io/media/games/587/587588c64afbff80e6f444eb2e46f9da.jpg"
                },
                {
                    "id": 42413,
                    "name": "Симулятор",
                    "slug": "simuliator",
                    "language": "rus",
                    "games_count": 22400,
                    "image_background": "https://media.rawg.io/media/screenshots/f2f/f2f3c93d6153da7aee590f3ab8ccd803.jpg"
                },
                {
                    "id": 9,
                    "name": "Online Co-Op",
                    "slug": "online-co-op",
                    "language": "eng",
                    "games_count": 6621,
                    "image_background": "https://media.rawg.io/media/games/2ba/2bac0e87cf45e5b508f227d281c9252a.jpg"
                },
                {
                    "id": 42461,
                    "name": "Классика",
                    "slug": "klassika",
                    "language": "rus",
                    "games_count": 1475,
                    "image_background": "https://media.rawg.io/media/games/021/021c4e21a1824d2526f925eff6324653.jpg"
                },
                {
                    "id": 40850,
                    "name": "Steam Leaderboards",
                    "slug": "steam-leaderboards",
                    "language": "eng",
                    "games_count": 7625,
                    "image_background": "https://media.rawg.io/media/games/1fb/1fb1c5f7a71d771f440b27ce7f71e7eb.jpg"
                },
                {
                    "id": 193,
                    "name": "Classic",
                    "slug": "classic",
                    "language": "eng",
                    "games_count": 1811,
                    "image_background": "https://media.rawg.io/media/games/7a2/7a2500ee8b2c0e1ff268bb4479463dea.jpg"
                },
                {
                    "id": 42444,
                    "name": "Песочница",
                    "slug": "pesochnitsa",
                    "language": "rus",
                    "games_count": 4883,
                    "image_background": "https://media.rawg.io/media/games/490/49016e06ae2103881ff6373248843069.jpg"
                },
                {
                    "id": 42433,
                    "name": "Совместная игра по сети",
                    "slug": "sovmestnaia-igra-po-seti",
                    "language": "rus",
                    "games_count": 1226,
                    "image_background": "https://media.rawg.io/media/games/4e0/4e0e7b6d6906a131307c94266e5c9a1c.jpg"
                },
                {
                    "id": 397,
                    "name": "Online multiplayer",
                    "slug": "online-multiplayer",
                    "language": "eng",
                    "games_count": 3804,
                    "image_background": "https://media.rawg.io/media/games/f46/f466571d536f2e3ea9e815ad17177501.jpg"
                },
                {
                    "id": 42436,
                    "name": "Тактика",
                    "slug": "taktika",
                    "language": "rus",
                    "games_count": 4435,
                    "image_background": "https://media.rawg.io/media/games/d46/d46373f39458670305704ef089387520.jpg"
                },
                {
                    "id": 70,
                    "name": "War",
                    "slug": "war",
                    "language": "eng",
                    "games_count": 9698,
                    "image_background": "https://media.rawg.io/media/games/9af/9af24c1886e2c7b52a4a2c65aa874638.jpg"
                },
                {
                    "id": 42430,
                    "name": "Война",
                    "slug": "voina",
                    "language": "rus",
                    "games_count": 2795,
                    "image_background": "https://media.rawg.io/media/games/c80/c80bcf321da44d69b18a06c04d942662.jpg"
                },
                {
                    "id": 40833,
                    "name": "Captions available",
                    "slug": "captions-available",
                    "language": "eng",
                    "games_count": 1436,
                    "image_background": "https://media.rawg.io/media/games/c6b/c6bd26767c1053fef2b10bb852943559.jpg"
                },
                {
                    "id": 42503,
                    "name": "Стратегия в реальном времени",
                    "slug": "strategiia-v-realnom-vremeni",
                    "language": "rus",
                    "games_count": 2181,
                    "image_background": "https://media.rawg.io/media/games/c22/c22d804ac753c72f2617b3708a625dec.jpg"
                },
                {
                    "id": 42431,
                    "name": "Военные действия",
                    "slug": "voennye-deistviia",
                    "language": "rus",
                    "games_count": 2188,
                    "image_background": "https://media.rawg.io/media/games/1a1/1a17e9b6286edb7e1f1e510110ccb0c0.jpg"
                },
                {
                    "id": 168,
                    "name": "RTS",
                    "slug": "rts",
                    "language": "eng",
                    "games_count": 2635,
                    "image_background": "https://media.rawg.io/media/games/bfb/bfb2bf7a0413443b1fcf0be7c3244053.jpg"
                },
                {
                    "id": 42485,
                    "name": "Инопланетяне",
                    "slug": "inoplanetiane",
                    "language": "rus",
                    "games_count": 2231,
                    "image_background": "https://media.rawg.io/media/games/009/009e4e84975d6a60173ec1199db25aa3.jpg"
                },
                {
                    "id": 42550,
                    "name": "Строительство базы",
                    "slug": "stroitelstvo-bazy",
                    "language": "rus",
                    "games_count": 2609,
                    "image_background": "https://media.rawg.io/media/games/249/249cb9b8c402ed713358fcf434bcca11.jpg"
                }
            ],
            "esrb_rating": null,
            "user_game": null,
            "reviews_count": 163,
            "saturated_color": "0f0f0f",
            "dominant_color": "0f0f0f",
            "short_screenshots": [
                {
                    "id": -1,
                    "image": "https://media.rawg.io/media/games/b9a/b9a85da19ba361e20bfb39404f74f800.jpg"
                },
                {
                    "id": 210424,
                    "image": "https://media.rawg.io/media/screenshots/63a/63a3555cec6a5ab5a41caf2f35fcf7da.jpg"
                },
                {
                    "id": 210425,
                    "image": "https://media.rawg.io/media/screenshots/5dd/5dd3b5105b50292e28735d8c858b3157.jpg"
                },
                {
                    "id": 210426,
                    "image": "https://media.rawg.io/media/screenshots/0fd/0fd351fdc5a2ca7eb37695b8b91bd195.jpg"
                },
                {
                    "id": 210427,
                    "image": "https://media.rawg.io/media/screenshots/c65/c6553dd471197cbb198ca3d7335d30dc.jpg"
                },
                {
                    "id": 210428,
                    "image": "https://media.rawg.io/media/screenshots/e45/e45015933b9e846a8a94c7af3756f29b.jpg"
                },
                {
                    "id": 210429,
                    "image": "https://media.rawg.io/media/screenshots/c4d/c4d25f8333d8fcd82a03d8ce52132d64.jpg"
                }
            ],
            "parent_platforms": [
                {
                    "platform": {
                        "id": 1,
                        "name": "PC",
                        "slug": "pc"
                    }
                },
                {
                    "platform": {
                        "id": 3,
                        "name": "Xbox",
                        "slug": "xbox"
                    }
                }
            ],
            "genres": [
                {
                    "id": 10,
                    "name": "Strategy",
                    "slug": "strategy"
                }
            ]
        },
        {
            "slug": "transformers-dark-of-the-moon",
            "name": "TRANSFORMERS: Dark of the Moon",
            "playtime": 0,
            "platforms": [
                {
                    "platform": {
                        "id": 3,
                        "name": "iOS",
                        "slug": "ios"
                    }
                },
                {
                    "platform": {
                        "id": 8,
                        "name": "Nintendo 3DS",
                        "slug": "nintendo-3ds"
                    }
                },
                {
                    "platform": {
                        "id": 9,
                        "name": "Nintendo DS",
                        "slug": "nintendo-ds"
                    }
                },
                {
                    "platform": {
                        "id": 14,
                        "name": "Xbox 360",
                        "slug": "xbox360"
                    }
                },
                {
                    "platform": {
                        "id": 16,
                        "name": "PlayStation 3",
                        "slug": "playstation3"
                    }
                },
                {
                    "platform": {
                        "id": 11,
                        "name": "Wii",
                        "slug": "wii"
                    }
                }
            ],
            "stores": [
                {
                    "store": {
                        "id": 7,
                        "name": "Xbox 360 Store",
                        "slug": "xbox360"
                    }
                }
            ],
            "released": "2011-06-14",
            "tba": false,
            "background_image": "https://media.rawg.io/media/games/214/21467d636b1fd448b25fa187d1e88b3f.jpg",
            "rating": 3.71,
            "rating_top": 4,
            "ratings": [
                {
                    "id": 4,
                    "title": "recommended",
                    "count": 5,
                    "percent": 71.43
                },
                {
                    "id": 3,
                    "title": "meh",
                    "count": 2,
                    "percent": 28.57
                }
            ],
            "ratings_count": 7,
            "reviews_text_count": 0,
            "added": 27,
            "added_by_status": {
                "yet": 4,
                "owned": 4,
                "beaten": 8,
                "toplay": 6,
                "dropped": 4,
                "playing": 1
            },
            "metacritic": 49,
            "suggestions_count": 657,
            "updated": "2023-02-16T15:27:48",
            "id": 28210,
            "score": null,
            "clip": null,
            "tags": [
                {
                    "id": 7,
                    "name": "Multiplayer",
                    "slug": "multiplayer",
                    "language": "eng",
                    "games_count": 39754,
                    "image_background": "https://media.rawg.io/media/games/49c/49c3dfa4ce2f6f140cc4825868e858cb.jpg"
                },
                {
                    "id": 15,
                    "name": "Stealth",
                    "slug": "stealth",
                    "language": "eng",
                    "games_count": 6594,
                    "image_background": "https://media.rawg.io/media/games/00d/00d374f12a3ab5f96c500a2cfa901e15.jpg"
                },
                {
                    "id": 197,
                    "name": "Robots",
                    "slug": "robots",
                    "language": "eng",
                    "games_count": 8474,
                    "image_background": "https://media.rawg.io/media/games/8cd/8cd179c85bd3de8f79bef245b15075fb.jpg"
                },
                {
                    "id": 744,
                    "name": "friends",
                    "slug": "friends",
                    "language": "eng",
                    "games_count": 15169,
                    "image_background": "https://media.rawg.io/media/games/4fe/4feffcec6315c5f5a96442a8444431ca.jpg"
                },
                {
                    "id": 581,
                    "name": "Epic",
                    "slug": "epic",
                    "language": "eng",
                    "games_count": 4120,
                    "image_background": "https://media.rawg.io/media/screenshots/946/94683098e0befd482e5c890bd03cda26.jpg"
                },
                {
                    "id": 1529,
                    "name": "fight",
                    "slug": "fight",
                    "language": "eng",
                    "games_count": 7904,
                    "image_background": "https://media.rawg.io/media/games/708/7080e6c87e0825cb02888bf3c44b3889.jpg"
                },
                {
                    "id": 275,
                    "name": "Movie",
                    "slug": "movie",
                    "language": "eng",
                    "games_count": 1039,
                    "image_background": "https://media.rawg.io/media/games/e58/e58c97f607ceafe069b80a769d021ae2.jpg"
                },
                {
                    "id": 1887,
                    "name": "moon",
                    "slug": "moon",
                    "language": "eng",
                    "games_count": 1327,
                    "image_background": "https://media.rawg.io/media/screenshots/86c/86c4cabcaf9527ea75a1b78ad3f4528c.jpg"
                }
            ],
            "esrb_rating": {
                "id": 3,
                "name": "Teen",
                "slug": "teen",
                "name_en": "Teen",
                "name_ru": "С 13 лет"
            },
            "user_game": null,
            "reviews_count": 7,
            "saturated_color": "0f0f0f",
            "dominant_color": "0f0f0f",
            "short_screenshots": [
                {
                    "id": -1,
                    "image": "https://media.rawg.io/media/games/214/21467d636b1fd448b25fa187d1e88b3f.jpg"
                },
                {
                    "id": 567325,
                    "image": "https://media.rawg.io/media/screenshots/c96/c9686c2777607c8ab6f9c2316e8b085d.jpg"
                },
                {
                    "id": 567326,
                    "image": "https://media.rawg.io/media/screenshots/c0b/c0b8670d50762af5f56a292980e8334f.jpg"
                },
                {
                    "id": 567327,
                    "image": "https://media.rawg.io/media/screenshots/6e6/6e6498c60746276c7a351745c1646ab0.jpg"
                },
                {
                    "id": 567328,
                    "image": "https://media.rawg.io/media/screenshots/a56/a569011b377c0d0bcb2c3c43276745b3.jpg"
                },
                {
                    "id": 567329,
                    "image": "https://media.rawg.io/media/screenshots/777/77724a029c9eb3af67d33d9537b0b1a2.jpg"
                },
                {
                    "id": 567330,
                    "image": "https://media.rawg.io/media/screenshots/11e/11e5afaa3e19cacef18a4a9193b60efc.jpg"
                }
            ],
            "parent_platforms": [
                {
                    "platform": {
                        "id": 2,
                        "name": "PlayStation",
                        "slug": "playstation"
                    }
                },
                {
                    "platform": {
                        "id": 3,
                        "name": "Xbox",
                        "slug": "xbox"
                    }
                },
                {
                    "platform": {
                        "id": 4,
                        "name": "iOS",
                        "slug": "ios"
                    }
                },
                {
                    "platform": {
                        "id": 7,
                        "name": "Nintendo",
                        "slug": "nintendo"
                    }
                }
            ],
            "genres": [
                {
                    "id": 3,
                    "name": "Adventure",
                    "slug": "adventure"
                },
                {
                    "id": 4,
                    "name": "Action",
                    "slug": "action"
                }
            ]
        },
        {
            "slug": "monsters-inc-scream-team",
            "name": "Monsters, Inc. Scream Team",
            "playtime": 0,
            "platforms": [
                {
                    "platform": {
                        "id": 27,
                        "name": "PlayStation",
                        "slug": "playstation1"
                    }
                }
            ],
            "stores": null,
            "released": "2001-10-30",
            "tba": false,
            "background_image": null,
            "rating": 3.71,
            "rating_top": 4,
            "ratings": [
                {
                    "id": 4,
                    "title": "recommended",
                    "count": 3,
                    "percent": 42.86
                },
                {
                    "id": 3,
                    "title": "meh",
                    "count": 3,
                    "percent": 42.86
                },
                {
                    "id": 5,
                    "title": "exceptional",
                    "count": 1,
                    "percent": 14.29
                }
            ],
            "ratings_count": 7,
            "reviews_text_count": 0,
            "added": 23,
            "added_by_status": {
                "owned": 3,
                "beaten": 9,
                "toplay": 2,
                "dropped": 8,
                "playing": 1
            },
            "metacritic": null,
            "suggestions_count": 0,
            "updated": "2025-02-16T12:37:52",
            "id": 57618,
            "score": null,
            "clip": null,
            "tags": [
                {
                    "id": 31,
                    "name": "Singleplayer",
                    "slug": "singleplayer",
                    "language": "eng",
                    "games_count": 235265,
                    "image_background": "https://media.rawg.io/media/games/f87/f87457e8347484033cb34cde6101d08d.jpg"
                }
            ],
            "esrb_rating": null,
            "user_game": null,
            "reviews_count": 7,
            "saturated_color": "0f0f0f",
            "dominant_color": "0f0f0f",
            "short_screenshots": [],
            "parent_platforms": [
                {
                    "platform": {
                        "id": 2,
                        "name": "PlayStation",
                        "slug": "playstation"
                    }
                }
            ],
            "genres": []
        }
    ],
    "user_platforms": false
}