{
    "count": 3,
    "next": null,
    "previous": null,
    "results": [
        {
            "slug": "diablo-iv-act-1-open-beta",
            "name": "Diablo IV: Act 1 (Open Beta)",
            "playtime": 0,
            "platforms": [
                {
                    "platform": {
                        "id": 4,
                        "name": "PC",
                        "slug": "pc"
                    }
                }
            ],
            "stores": null,
            "released": "2023-03-24",
            "tba": false,
            "background_image": null,
            "rating": 0.0,
            "rating_top": 0,
            "ratings": [],
            "ratings_count": 0,
            "reviews_text_count": 0,
            "added": 0,
            "added_by_status": null,
            "metacritic": null,
            "suggestions_count": 0,
            "updated": "2023-03-26T20:56:07",
            "id": 946564,
            "score": null,
            "clip": null,
            "tags": null,
            "esrb_rating": null,
            "user_game": null,
            "reviews_count": 0,
            "community_rating": 0,
            "saturated_color": "0f0f0f",
            "dominant_color": "0f0f0f",
            "short_screenshots": null,
            "parent_platforms": [
                {
                    "platform": {
                        "id": 1,
                        "name": "PC",
                        "slug": "pc"
                    }
                }
            ],
            "genres": [
                {
                    "id": 5,
                    "name": "RPG",
                    "slug": "role-playing-games-rpg"
                }
            ]
        },
        {
            "slug": "project-titan",
            "name": "Project Titan",
            "playtime": 0,
            "platforms": [
                {
                    "platform": {
                        "id": 4,
                        "name": "PC",
                        "slug": "pc"
                    }
                }
            ],
            "stores": null,
            "released": null,
            "tba": false,
            "background_image": "https://media.rawg.io/media/games/f41/f410b285e462c59adf5d852fe9a47b03.jpeg",
            "rating": 0.0,
            "rating_top": 0,
            "ratings": [],
            "ratings_count": 0,
            "reviews_text_count": 0,
            "added": 0,
            "added_by_status": null,
            "metacritic": null,
            "suggestions_count": 0,
            "updated": "2019-11-03T13:06:03",
            "id": 335431,
            "score": null,
            "clip": null,
            "tags": [],
            "esrb_rating": null,
            "user_game": null,
            "reviews_count": 0,
            "community_rating": 0,
            "saturated_color": "0f0f0f",
            "dominant_color": "0f0f0f",
            "short_screenshots": [
                {
                    "id": -1,
                    "image": "https://media.rawg.io/media/games/f41/f410b285e462c59adf5d852fe9a47b03.jpeg"
                }
            ],
            "parent_platforms": [
                {
                    "platform": {
                        "id": 1,
                        "name": "PC",
                        "slug": "pc"
                    }
                }
            ],
            "genres": [
                {
                    "id": 59,
                    "name": "Massively Multiplayer",
                    "slug": "massively-multiplayer"
                },
                {
                    "id": 5,
                    "name": "RPG",
                    "slug": "role-playing-games-rpg"
                }
            ]
        },
        {
            "slug": "shattered-nations",
            "name": "Shattered Nations",
            "playtime": 0,
            "platforms": [
                {
                    "platform": {
                        "id": 4,
                        "name": "PC",
                        "slug": "pc"
                    }
                }
            ],
            "stores": null,
            "released": null,
            "tba": false,
            "background_image": "https://media.rawg.io/media/games/a2a/a2a2d31cde1cc1763cedece6664ca14a.jpg",
            "rating": 0.0,
            "rating_top": 0,
            "ratings": [],
            "ratings_count": 0,
            "reviews_text_count": 0,
            "added": 0,
            "added_by_status": null,
            "metacritic": null,
            "suggestions_count": 0,
            "updated": "2019-11-03T13:15:23",
            "id": 335806,
            "score": null,
            "clip": null,
            "tags": [],
            "esrb_rating": null,
            "user_game": null,
            "reviews_count": 0,
            "community_rating": 0,
            "saturated_color": "0f0f0f",
            "dominant_color": "0f0f0f",
            "short_screenshots": [
                {
                    "id": -1,
                    "image": "https://media.rawg.io/media/games/a2a/a2a2d31cde1cc1763cedece6664ca14a.jpg"
                }
            ],
            "parent_platforms": [
                {
                    "platform": {
                        "id": 1,
                        "name": "PC",
                        "slug": "pc"
                    }
                }
            ],
            "genres": [
                {
                    "id": 10,
                    "name": "Strategy",
                    "slug": "strategy"
                }
            ]
        }
    ],
    "user_platforms": false
}