{
    "count": 8,
    "next": null,
    "previous": null,
    "results": [
        {
            "slug": "demons-souls-remake",
            "name": "Demon's Souls (2020)",
            "playtime": 0,
            "platforms": [
                {
                    "platform": {
                        "id": 187,
                        "name": "PlayStation 5",
                        "slug": "playstation5"
                    }
                }
            ],
            "stores": [
                {
                    "store": {
                        "id": 3,
                        "name": "PlayStation Store",
                        "slug": "playstation-store"
                    }
                }
            ],
            "released": "2020-11-12",
            "tba": false,
            "background_image": "https://media.rawg.io/media/games/cc4/cc4a56d9e4c2a230293e335000469453.jpg",
            "rating": 4.49,
            "rating_top": 5,
            "ratings": [
                {
                    "id": 5,
                    "title": "exceptional",
                    "count": 135,
                    "percent": 62.79
                },
                {
                    "id": 4,
                    "title": "recommended",
                    "count": 60,
                    "percent": 27.91
                },
                {
                    "id": 3,
                    "title": "meh",
                    "count": 15,
                    "percent": 6.98
                },
                {
                    "id": 1,
                    "title": "skip",
                    "count": 5,
                    "percent": 2.33
                }
            ],
            "ratings_count": 203,
            "reviews_text_count": 8,
            "added": 756,
            "added_by_status": {
                "yet": 99,
                "owned": 80,
                "beaten": 228,
                "toplay": 254,
                "dropped": 47,
                "playing": 48
            },
            "metacritic": 92,
            "suggestions_count": 567,
            "updated": "2025-03-19T20:22:10",
            "id": 452648,
            "score": null,
            "clip": null,
            "tags": [
                {
                    "id": 37796,
                    "name": "exclusive",
                    "slug": "exclusive",
                    "language": "eng",
                    "games_count": 4491,
                    "image_background": "https://media.rawg.io/media/games/f24/f2493ea338fe7bd3c7d73750a85a0959.jpeg"
                },
                {
                    "id": 37797,
                    "name": "true exclusive",
                    "slug": "true-exclusive",
                    "language": "eng",
                    "games_count": 3980,
                    "image_background": "https://media.rawg.io/media/games/4be/4be6a6ad0364751a96229c56bf69be59.jpg"
                }
            ],
            "esrb_rating": {
                "id": 4,
                "name": "Mature",
                "slug": "mature",
                "name_en": "Mature",
                "name_ru": "С 17 лет"
            },
            "user_game": null,
            "reviews_count": 215,
            "saturated_color": "0f0f0f",
            "dominant_color": "0f0f0f",
            "short_screenshots": [
                {
                    "id": -1,
                    "image": "https://media.rawg.io/media/games/cc4/cc4a56d9e4c2a230293e335000469453.jpg"
                },
                {
                    "id": 2408654,
                    "image": "https://media.rawg.io/media/screenshots/a81/a8175d49927abbc26aee53c869817be0.jpg"
                },
                {
                    "id": 2408655,
                    "image": "https://media.rawg.io/media/screenshots/e08/e08c0f15242ad5cc411d082326868fb6.jpg"
                },
                {
                    "id": 2408656,
                    "image": "https://media.rawg.io/media/screenshots/7fd/7fdc27cbc1db2b349cd6036203c2bb77.jpg"
                },
                {
                    "id": 2408657,
                    "image": "https://media.rawg.io/media/screenshots/aea/aead43ccb69b794b102549d96200e9ea.jpg"
                },
                {
                    "id": 2408658,
                    "image": "https://media.rawg.io/media/screenshots/c7d/c7d240e6590712c624bb70e2747be31d.jpg"
                },
                {
                    "id": 2408659,
                    "image": "https://media.rawg.io/media/screenshots/e6f/e6f539ac777fce26223c33a940bd1e36.jpg"
                }
            ],
            "parent_platforms": [
                {
                    "platform": {
                        "id": 2,
                        "name": "PlayStation",
                        "slug": "playstation"
                    }
                }
            ],
            "genres": [
                {
                    "id": 4,
                    "name": "Action",
                    "slug": "action"
                },
                {
                    "id": 5,
                    "name": "RPG",
                    "slug": "role-playing-games-rpg"
                }
            ]
        },
        {
            "slug": "uncharted-the-nathan-drake-collection",
            "name": "UNCHARTED The Nathan Drake Collection",
            "playtime": 0,
            "platforms": [
                {
                    "platform": {
                        "id": 18,
                        "name": "PlayStation 4",
                        "slug": "playstation4"
                    }
                }
            ],
            "stores": [
                {
                    "store": {
                        "id": 3,
                        "name": "PlayStation Store",
                        "slug": "playstation-store"
                    }
                }
            ],
            "released": "2015-10-09",
            "tba": false,
            "background_image": "https://media.rawg.io/media/games/696/69626956eaf787f5c1b664984279060f.jpg",
            "rating": 4.45,
            "rating_top": 5,
            "ratings": [
                {
                    "id": 5,
                    "title": "exceptional",
                    "count": 305,
                    "percent": 60.04
                },
                {
                    "id": 4,
                    "title": "recommended",
                    "count": 164,
                    "percent": 32.28
                },
                {
                    "id": 3,
                    "title": "meh",
                    "count": 20,
                    "percent": 3.94
                },
                {
                    "id": 1,
                    "title": "skip",
                    "count": 19,
                    "percent": 3.74
                }
            ],
            "ratings_count": 498,
            "reviews_text_count": 9,
            "added": 1071,
            "added_by_status": {
                "yet": 115,
                "owned": 204,
                "beaten": 538,
                "toplay": 101,
                "dropped": 55,
                "playing": 58
            },
            "metacritic": 86,
            "suggestions_count": 643,
            "updated": "2025-03-09T18:19:02",
            "id": 3137,
            "score": null,
            "clip": null,
            "tags": [
                {
                    "id": 413,
                    "name": "online",
                    "slug": "online",
                    "language": "eng",
                    "games_count": 6554,
                    "image_background": "https://media.rawg.io/media/screenshots/587/58785538b2d3a7226fa2c07d36e02b2b.jpeg"
                },
                {
                    "id": 581,
                    "name": "Epic",
                    "slug": "epic",
                    "language": "eng",
                    "games_count": 4123,
                    "image_background": "https://media.rawg.io/media/screenshots/73e/73e4d78a55248fc26a4e06726b6bd969.jpg"
                },
                {
                    "id": 1407,
                    "name": "race",
                    "slug": "race",
                    "language": "eng",
                    "games_count": 6791,
                    "image_background": "https://media.rawg.io/media/games/2ec/2ec8d2b5d990b9407e20dc81d271300d.jpg"
                },
                {
                    "id": 1626,
                    "name": "collection",
                    "slug": "collection",
                    "language": "eng",
                    "games_count": 3689,
                    "image_background": "https://media.rawg.io/media/screenshots/e51/e51f9a3d6694ceb8bbae0124593f7bd8.jpg"
                },
                {
                    "id": 3626,
                    "name": "treasure",
                    "slug": "treasure",
                    "language": "eng",
                    "games_count": 1877,
                    "image_background": "https://media.rawg.io/media/games/a8d/a8d018e6f3f48d57bc62c7c58e3e7133.jpg"
                },
                {
                    "id": 582,
                    "name": "Dog",
                    "slug": "dog",
                    "language": "eng",
                    "games_count": 2127,
                    "image_background": "https://media.rawg.io/media/games/434/43431e04f0cd5419a3d8e31a5c8c3d5d.jpg"
                },
                {
                    "id": 641,
                    "name": "friendship",
                    "slug": "friendship",
                    "language": "eng",
                    "games_count": 348,
                    "image_background": "https://media.rawg.io/media/screenshots/952/9522f259c79b8139915765c621c2b4c9.jpg"
                }
            ],
            "esrb_rating": {
                "id": 3,
                "name": "Teen",
                "slug": "teen",
                "name_en": "Teen",
                "name_ru": "С 13 лет"
            },
            "user_game": null,
            "reviews_count": 508,
            "saturated_color": "0f0f0f",
            "dominant_color": "0f0f0f",
            "short_screenshots": [
                {
                    "id": -1,
                    "image": "https://media.rawg.io/media/games/696/69626956eaf787f5c1b664984279060f.jpg"
                },
                {
                    "id": 28544,
                    "image": "https://media.rawg.io/media/screenshots/335/335ef3e55f761b66ddf4651a0631eb05.jpg"
                },
                {
                    "id": 28545,
                    "image": "https://media.rawg.io/media/screenshots/b6c/b6c8356aca5d238c97b77253cb228b1e.jpg"
                },
                {
                    "id": 28546,
                    "image": "https://media.rawg.io/media/screenshots/b50/b5014d572f88c648a8a26654feafd4b2.jpg"
                },
                {
                    "id": 28547,
                    "image": "https://media.rawg.io/media/screenshots/2a4/2a4b91d6de4afa99586afc42ecf31044.jpg"
                },
                {
                    "id": 28548,
                    "image": "https://media.rawg.io/media/screenshots/1f9/1f92e198b2ba6b48108c69cb018622be.jpg"
                },
                {
                    "id": 28549,
                    "image": "https://media.rawg.io/media/screenshots/4d5/4d52bdbd411fdfeaa5864d7b0698b906.jpg"
                }
            ],
            "parent_platforms": [
                {
                    "platform": {
                        "id": 2,
                        "name": "PlayStation",
                        "slug": "playstation"
                    }
                }
            ],
            "genres": [
                {
                    "id": 3,
                    "name": "Adventure",
                    "slug": "adventure"
                },
                {
                    "id": 4,
                    "name": "Action",
                    "slug": "action"
                }
            ]
        },
        {
            "slug": "metal-gear-solid-hd-collection",
            "name": "METAL GEAR SOLID HD EDITION",
            "playtime": 178,
            "platforms": [
                {
                    "platform": {
                        "id": 14,
                        "name": "Xbox 360",
                        "slug": "xbox360"
                    }
                },
                {
                    "platform": {
                        "id": 16,
                        "name": "PlayStation 3",
                        "slug": "playstation3"
                    }
                },
                {
                    "platform": {
                        "id": 19,
                        "name": "PS Vita",
                        "slug": "ps-vita"
                    }
                }
            ],
            "stores": [
                {
                    "store": {
                        "id": 3,
                        "name": "PlayStation Store",
                        "slug": "playstation-store"
                    }
                }
            ],
            "released": "2011-11-08",
            "tba": false,
            "background_image": "https://media.rawg.io/media/games/bce/bce6bf5c0ac923b23cce1748c1606e99.jpg",
            "rating": 4.35,
            "rating_top": 5,
            "ratings": [
                {
                    "id": 5,
                    "title": "exceptional",
                    "count": 53,
                    "percent": 73.61
                },
                {
                    "id": 1,
                    "title": "skip",
                    "count": 8,
                    "percent": 11.11
                },
                {
                    "id": 4,
                    "title": "recommended",
                    "count": 7,
                    "percent": 9.72
                },
                {
                    "id": 3,
                    "title": "meh",
                    "count": 4,
                    "percent": 5.56
                }
            ],
            "ratings_count": 71,
            "reviews_text_count": 1,
            "added": 187,
            "added_by_status": {
                "yet": 22,
                "owned": 41,
                "beaten": 66,
                "toplay": 36,
                "dropped": 13,
                "playing": 9
            },
            "metacritic": 90,
            "suggestions_count": 515,
            "updated": "2024-10-01T22:35:57",
            "id": 4277,
            "score": null,
            "clip": null,
            "tags": [
                {
                    "id": 7,
                    "name": "Multiplayer",
                    "slug": "multiplayer",
                    "language": "eng",
                    "games_count": 40100,
                    "image_background": "https://media.rawg.io/media/games/4a0/4a0a1316102366260e6f38fd2a9cfdce.jpg"
                },
                {
                    "id": 30,
                    "name": "FPS",
                    "slug": "fps",
                    "language": "eng",
                    "games_count": 14038,
                    "image_background": "https://media.rawg.io/media/games/7a2/7a2500ee8b2c0e1ff268bb4479463dea.jpg"
                },
                {
                    "id": 413,
                    "name": "online",
                    "slug": "online",
                    "language": "eng",
                    "games_count": 6553,
                    "image_background": "https://media.rawg.io/media/screenshots/73e/73e4d78a55248fc26a4e06726b6bd969.jpg"
                },
                {
                    "id": 581,
                    "name": "Epic",
                    "slug": "epic",
                    "language": "eng",
                    "games_count": 4123,
                    "image_background": "https://media.rawg.io/media/games/696/69626956eaf787f5c1b664984279060f.jpg"
                },
                {
                    "id": 1626,
                    "name": "collection",
                    "slug": "collection",
                    "language": "eng",
                    "games_count": 3689,
                    "image_background": "https://media.rawg.io/media/screenshots/e51/e51f9a3d6694ceb8bbae0124593f7bd8.jpg"
                },
                {
                    "id": 726,
                    "name": "japan",
                    "slug": "japan",
                    "language": "eng",
                    "games_count": 1010,
                    "image_background": "https://media.rawg.io/media/screenshots/296/2960740723535b92b150d7c528b6c661.jpg"
                },
                {
                    "id": 1788,
                    "name": "metal",
                    "slug": "metal",
                    "language": "eng",
                    "games_count": 895,
                    "image_background": "https://media.rawg.io/media/games/2a8/2a88f50fc8fe893de15a3bbcae992b01.jpg"
                },
                {
                    "id": 1549,
                    "name": "snake",
                    "slug": "snake",
                    "language": "eng",
                    "games_count": 1799,
                    "image_background": "https://media.rawg.io/media/screenshots/cd0/cd0d853d0e3821638fba7095123f7b59.jpg"
                }
            ],
            "esrb_rating": {
                "id": 4,
                "name": "Mature",
                "slug": "mature",
                "name_en": "Mature",
                "name_ru": "С 17 лет"
            },
            "user_game": null,
            "reviews_count": 72,
            "saturated_color": "0f0f0f",
            "dominant_color": "0f0f0f",
            "short_screenshots": [
                {
                    "id": -1,
                    "image": "https://media.rawg.io/media/games/bce/bce6bf5c0ac923b23cce1748c1606e99.jpg"
                },
                {
                    "id": 578696,
                    "image": "https://media.rawg.io/media/screenshots/07d/07dd7393e9c55e3425bf6b01b072d8bc.jpg"
                },
                {
                    "id": 578697,
                    "image": "https://media.rawg.io/media/screenshots/8f7/8f73810a092a631d2169954ec67f93e2.jpg"
                },
                {
                    "id": 578698,
                    "image": "https://media.rawg.io/media/screenshots/055/0554c48839fa538d60209449e235dbd6.jpg"
                },
                {
                    "id": 578699,
                    "image": "https://media.rawg.io/media/screenshots/4c5/4c501eab1e00bc47765448aaa01d1d2f_xRiuG57.jpg"
                },
                {
                    "id": 578700,
                    "image": "https://media.rawg.io/media/screenshots/f64/f642e7d40bd5e26b483902f9ba37a03c.jpg"
                },
                {
                    "id": 578701,
                    "image": "https://media.rawg.io/media/screenshots/8f2/8f2334b2b4409b9b27875622865b63de.jpg"
                }
            ],
            "parent_platforms": [
                {
                    "platform": {
                        "id": 2,
                        "name": "PlayStation",
                        "slug": "playstation"
                    }
                },
                {
                    "platform": {
                        "id": 3,
                        "name": "Xbox",
                        "slug": "xbox"
                    }
                }
            ],
            "genres": [
                {
                    "id": 2,
                    "name": "Shooter",
                    "slug": "shooter"
                },
                {
                    "id": 3,
                    "name": "Adventure",
                    "slug": "adventure"
                },
                {
                    "id": 4,
                    "name": "Action",
                    "slug": "action"
                }
            ]
        },
        {
            "slug": "shadow-of-the-colossus-2018",
            "name": "Shadow of the Colossus  (2018)",
            "playtime": 0,
            "platforms": [
                {
                    "platform": {
                        "id": 18,
                        "name": "PlayStation 4",
                        "slug": "playstation4"
                    }
                }
            ],
            "stores": [
                {
                    "store": {
                        "id": 3,
                        "name": "PlayStation Store",
                        "slug": "playstation-store"
                    }
                }
            ],
            "released": "2018-02-06",
            "tba": false,
            "background_image": "https://media.rawg.io/media/games/5c5/5c5089af36b99bf9465357a8556449f9.jpg",
            "rating": 4.32,
            "rating_top": 5,
            "ratings": [
                {
                    "id": 5,
                    "title": "exceptional",
                    "count": 339,
                    "percent": 56.78
                },
                {
                    "id": 4,
                    "title": "recommended",
                    "count": 155,
                    "percent": 25.96
                },
                {
                    "id": 3,
                    "title": "meh",
                    "count": 81,
                    "percent": 13.57
                },
                {
                    "id": 1,
                    "title": "skip",
                    "count": 22,
                    "percent": 3.69
                }
            ],
            "ratings_count": 586,
            "reviews_text_count": 9,
            "added": 1644,
            "added_by_status": {
                "yet": 271,
                "owned": 209,
                "beaten": 535,
                "toplay": 412,
                "dropped": 147,
                "playing": 70
            },
            "metacritic": 91,
            "suggestions_count": 369,
            "updated": "2025-01-30T22:59:21",
            "id": 52368,
            "score": null,
            "clip": null,
            "tags": [
                {
                    "id": 31,
                    "name": "Singleplayer",
                    "slug": "singleplayer",
                    "language": "eng",
                    "games_count": 236808,
                    "image_background": "https://media.rawg.io/media/games/4be/4be6a6ad0364751a96229c56bf69be59.jpg"
                },
                {
                    "id": 13,
                    "name": "Atmospheric",
                    "slug": "atmospheric",
                    "language": "eng",
                    "games_count": 36334,
                    "image_background": "https://media.rawg.io/media/games/b45/b45575f34285f2c4479c9a5f719d972e.jpg"
                },
                {
                    "id": 36,
                    "name": "Open World",
                    "slug": "open-world",
                    "language": "eng",
                    "games_count": 8394,
                    "image_background": "https://media.rawg.io/media/games/00d/00d374f12a3ab5f96c500a2cfa901e15.jpg"
                },
                {
                    "id": 6,
                    "name": "Exploration",
                    "slug": "exploration",
                    "language": "eng",
                    "games_count": 26004,
                    "image_background": "https://media.rawg.io/media/games/737/737ea5662211d2e0bbd6f5989189e4f1.jpg"
                },
                {
                    "id": 69,
                    "name": "Action-Adventure",
                    "slug": "action-adventure",
                    "language": "eng",
                    "games_count": 18751,
                    "image_background": "https://media.rawg.io/media/games/c50/c5085506fe4b5e20fc7aa5ace842c20b.jpg"
                },
                {
                    "id": 468,
                    "name": "role-playing",
                    "slug": "role-playing",
                    "language": "eng",
                    "games_count": 1621,
                    "image_background": "https://media.rawg.io/media/games/c47/c4796c4c49e7e06ad328e07aa8944cdd.jpg"
                },
                {
                    "id": 37796,
                    "name": "exclusive",
                    "slug": "exclusive",
                    "language": "eng",
                    "games_count": 4491,
                    "image_background": "https://media.rawg.io/media/games/f24/f2493ea338fe7bd3c7d73750a85a0959.jpeg"
                },
                {
                    "id": 209,
                    "name": "Drama",
                    "slug": "drama",
                    "language": "eng",
                    "games_count": 4981,
                    "image_background": "https://media.rawg.io/media/games/efd/efd6b2cb621c41a2b6580d8ac260b8ba.jpg"
                },
                {
                    "id": 3330,
                    "name": "mistery",
                    "slug": "mistery",
                    "language": "eng",
                    "games_count": 78,
                    "image_background": "https://media.rawg.io/media/screenshots/6bb/6bb352d06e9b0b4daa3555ae03b49b18.jpg"
                },
                {
                    "id": 30181,
                    "name": "horse-riding",
                    "slug": "horse-riding",
                    "language": "eng",
                    "games_count": 6,
                    "image_background": "https://media.rawg.io/media/screenshots/a00/a004d2ee33ac31981018828443c19446.jpg"
                }
            ],
            "esrb_rating": {
                "id": 3,
                "name": "Teen",
                "slug": "teen",
                "name_en": "Teen",
                "name_ru": "С 13 лет"
            },
            "user_game": null,
            "reviews_count": 597,
            "saturated_color": "0f0f0f",
            "dominant_color": "0f0f0f",
            "short_screenshots": [
                {
                    "id": -1,
                    "image": "https://media.rawg.io/media/games/5c5/5c5089af36b99bf9465357a8556449f9.jpg"
                },
                {
                    "id": 810512,
                    "image": "https://media.rawg.io/media/screenshots/146/146663905eac4dae61332bfde9e5f909.jpg"
                },
                {
                    "id": 810513,
                    "image": "https://media.rawg.io/media/screenshots/291/291fc78361a94d8d36c13efb5324a89e.jpg"
                },
                {
                    "id": 810514,
                    "image": "https://media.rawg.io/media/screenshots/ade/adeeeae07b581b8b34dcaeac2bb489c6.jpg"
                },
                {
                    "id": 810515,
                    "image": "https://media.rawg.io/media/screenshots/3e6/3e666858d666690b15cfac6a137683e1.jpg"
                },
                {
                    "id": 810516,
                    "image": "https://media.rawg.io/media/screenshots/f93/f93ae69662e4e7df19e72255616f6391.jpg"
                },
                {
                    "id": 810517,
                    "image": "https://media.rawg.io/media/screenshots/e64/e6477d591353c16cef792da9a314b98a.jpg"
                }
            ],
            "parent_platforms": [
                {
                    "platform": {
                        "id": 2,
                        "name": "PlayStation",
                        "slug": "playstation"
                    }
                }
            ],
            "genres": [
                {
                    "id": 3,
                    "name": "Adventure",
                    "slug": "adventure"
                },
                {
                    "id": 4,
                    "name": "Action",
                    "slug": "action"
                }
            ]
        },
        {
            "slug": "the-ico-shadow-of-the-colossus-collection",
            "name": "The ICO & Shadow of the Colossus Collection",
            "playtime": 0,
            "platforms": [
                {
                    "platform": {
                        "id": 16,
                        "name": "PlayStation 3",
                        "slug": "playstation3"
                    }
                }
            ],
            "stores": [
                {
                    "store": {
                        "id": 3,
                        "name": "PlayStation Store",
                        "slug": "playstation-store"
                    }
                }
            ],
            "released": "2011-09-22",
            "tba": false,
            "background_image": "https://media.rawg.io/media/games/413/413e8c8a78568fc12ee4fa5baefc5cd1.jpg",
            "rating": 4.28,
            "rating_top": 5,
            "ratings": [
                {
                    "id": 5,
                    "title": "exceptional",
                    "count": 27,
                    "percent": 69.23
                },
                {
                    "id": 4,
                    "title": "recommended",
                    "count": 4,
                    "percent": 10.26
                },
                {
                    "id": 3,
                    "title": "meh",
                    "count": 4,
                    "percent": 10.26
                },
                {
                    "id": 1,
                    "title": "skip",
                    "count": 4,
                    "percent": 10.26
                }
            ],
            "ratings_count": 37,
            "reviews_text_count": 1,
            "added": 122,
            "added_by_status": {
                "yet": 18,
                "owned": 37,
                "beaten": 33,
                "toplay": 21,
                "dropped": 12,
                "playing": 1
            },
            "metacritic": null,
            "suggestions_count": 420,
            "updated": "2025-01-30T13:23:24",
            "id": 5683,
            "score": null,
            "clip": null,
            "tags": [
                {
                    "id": 37796,
                    "name": "exclusive",
                    "slug": "exclusive",
                    "language": "eng",
                    "games_count": 4491,
                    "image_background": "https://media.rawg.io/media/games/f24/f2493ea338fe7bd3c7d73750a85a0959.jpeg"
                }
            ],
            "esrb_rating": {
                "id": 3,
                "name": "Teen",
                "slug": "teen",
                "name_en": "Teen",
                "name_ru": "С 13 лет"
            },
            "user_game": null,
            "reviews_count": 39,
            "saturated_color": "0f0f0f",
            "dominant_color": "0f0f0f",
            "short_screenshots": [
                {
                    "id": -1,
                    "image": "https://media.rawg.io/media/games/413/413e8c8a78568fc12ee4fa5baefc5cd1.jpg"
                },
                {
                    "id": 215609,
                    "image": "https://media.rawg.io/media/screenshots/fe0/fe0fa000ce2a56139d37a977789491bb.jpg"
                },
                {
                    "id": 215610,
                    "image": "https://media.rawg.io/media/screenshots/2be/2beba74fb59ffd7277179422c855778e.jpg"
                },
                {
                    "id": 215611,
                    "image": "https://media.rawg.io/media/screenshots/736/7365b3caf91f79abcd49c791fb6d98a5.jpg"
                },
                {
                    "id": 215612,
                    "image": "https://media.rawg.io/media/screenshots/79c/79c4cf67c6f26e783278c9051fbb0bc0.jpg"
                },
                {
                    "id": 215613,
                    "image": "https://media.rawg.io/media/screenshots/2e7/2e7cc44217e3070128654b81e2336788.jpg"
                },
                {
                    "id": 215614,
                    "image": "https://media.rawg.io/media/screenshots/136/136473c823b3ee2ccb0f9e9e9d670bc3.jpg"
                }
            ],
            "parent_platforms": [
                {
                    "platform": {
                        "id": 2,
                        "name": "PlayStation",
                        "slug": "playstation"
                    }
                }
            ],
            "genres": [
                {
                    "id": 3,
                    "name": "Adventure",
                    "slug": "adventure"
                },
                {
                    "id": 4,
                    "name": "Action",
                    "slug": "action"
                }
            ]
        },
        {
            "slug": "titanfall",
            "name": "Titanfall",
            "playtime": 3,
            "platforms": [
                {
                    "platform": {
                        "id": 4,
                        "name": "PC",
                        "slug": "pc"
                    }
                },
                {
                    "platform": {
                        "id": 1,
                        "name": "Xbox One",
                        "slug": "xbox-one"
                    }
                },
                {
                    "platform": {
                        "id": 14,
                        "name": "Xbox 360",
                        "slug": "xbox360"
                    }
                }
            ],
            "stores": [
                {
                    "store": {
                        "id": 1,
                        "name": "Steam",
                        "slug": "steam"
                    }
                },
                {
                    "store": {
                        "id": 2,
                        "name": "Xbox Store",
                        "slug": "xbox-store"
                    }
                }
            ],
            "released": "2014-03-11",
            "tba": false,
            "background_image": "https://media.rawg.io/media/games/979/979155841412068e7adf8c83dee94a4a.jpg",
            "rating": 4.0,
            "rating_top": 4,
            "ratings": [
                {
                    "id": 4,
                    "title": "recommended",
                    "count": 247,
                    "percent": 58.39
                },
                {
                    "id": 5,
                    "title": "exceptional",
                    "count": 97,
                    "percent": 22.93
                },
                {
                    "id": 3,
                    "title": "meh",
                    "count": 69,
                    "percent": 16.31
                },
                {
                    "id": 1,
                    "title": "skip",
                    "count": 10,
                    "percent": 2.36
                }
            ],
            "ratings_count": 421,
            "reviews_text_count": 1,
            "added": 2076,
            "added_by_status": {
                "yet": 60,
                "owned": 1466,
                "beaten": 286,
                "toplay": 58,
                "dropped": 201,
                "playing": 5
            },
            "metacritic": 85,
            "suggestions_count": 676,
            "updated": "2025-01-15T13:58:28",
            "id": 42230,
            "score": null,
            "clip": null,
            "tags": [
                {
                    "id": 42417,
                    "name": "Экшен",
                    "slug": "ekshen",
                    "language": "rus",
                    "games_count": 44970,
                    "image_background": "https://media.rawg.io/media/games/4a0/4a0a1316102366260e6f38fd2a9cfdce.jpg"
                },
                {
                    "id": 7,
                    "name": "Multiplayer",
                    "slug": "multiplayer",
                    "language": "eng",
                    "games_count": 40195,
                    "image_background": "https://media.rawg.io/media/games/6c5/6c55e22185876626881b76c11922b073.jpg"
                },
                {
                    "id": 40836,
                    "name": "Full controller support",
                    "slug": "full-controller-support",
                    "language": "eng",
                    "games_count": 20784,
                    "image_background": "https://media.rawg.io/media/games/16b/16b1b7b36e2042d1128d5a3e852b3b2f.jpg"
                },
                {
                    "id": 42425,
                    "name": "Для нескольких игроков",
                    "slug": "dlia-neskolkikh-igrokov",
                    "language": "rus",
                    "games_count": 11306,
                    "image_background": "https://media.rawg.io/media/games/6fc/6fcf4cd3b17c288821388e6085bb0fc9.jpg"
                },
                {
                    "id": 42428,
                    "name": "Шутер",
                    "slug": "shuter",
                    "language": "rus",
                    "games_count": 10423,
                    "image_background": "https://media.rawg.io/media/games/7a2/7a2500ee8b2c0e1ff268bb4479463dea.jpg"
                },
                {
                    "id": 42429,
                    "name": "От первого лица",
                    "slug": "ot-pervogo-litsa",
                    "language": "rus",
                    "games_count": 13382,
                    "image_background": "https://media.rawg.io/media/games/198/1988a337305e008b41d7f536ce9b73f6.jpg"
                },
                {
                    "id": 8,
                    "name": "First-Person",
                    "slug": "first-person",
                    "language": "eng",
                    "games_count": 34303,
                    "image_background": "https://media.rawg.io/media/games/ec3/ec3a7db7b8ab5a71aad622fe7c62632f.jpg"
                },
                {
                    "id": 42423,
                    "name": "Научная фантастика",
                    "slug": "nauchnaia-fantastika",
                    "language": "rus",
                    "games_count": 9435,
                    "image_background": "https://media.rawg.io/media/games/2ba/2bac0e87cf45e5b508f227d281c9252a.jpg"
                },
                {
                    "id": 32,
                    "name": "Sci-fi",
                    "slug": "sci-fi",
                    "language": "eng",
                    "games_count": 20531,
                    "image_background": "https://media.rawg.io/media/games/6c5/6c55e22185876626881b76c11922b073.jpg"
                },
                {
                    "id": 30,
                    "name": "FPS",
                    "slug": "fps",
                    "language": "eng",
                    "games_count": 14076,
                    "image_background": "https://media.rawg.io/media/games/b7b/b7b8381707152afc7d91f5d95de70e39.jpg"
                },
                {
                    "id": 42427,
                    "name": "Шутер от первого лица",
                    "slug": "shuter-ot-pervogo-litsa",
                    "language": "rus",
                    "games_count": 6059,
                    "image_background": "https://media.rawg.io/media/games/fc1/fc1307a2774506b5bd65d7e8424664a7.jpg"
                },
                {
                    "id": 42491,
                    "name": "Мясо",
                    "slug": "miaso",
                    "language": "rus",
                    "games_count": 4962,
                    "image_background": "https://media.rawg.io/media/games/4fb/4fb548e4816c84d1d70f1a228fb167cc.jpg"
                },
                {
                    "id": 26,
                    "name": "Gore",
                    "slug": "gore",
                    "language": "eng",
                    "games_count": 6135,
                    "image_background": "https://media.rawg.io/media/games/4a0/4a0a1316102366260e6f38fd2a9cfdce.jpg"
                },
                {
                    "id": 42402,
                    "name": "Насилие",
                    "slug": "nasilie",
                    "language": "rus",
                    "games_count": 6151,
                    "image_background": "https://media.rawg.io/media/games/aa3/aa36ba4b486a03ddfaef274fb4f5afd4.jpg"
                },
                {
                    "id": 34,
                    "name": "Violent",
                    "slug": "violent",
                    "language": "eng",
                    "games_count": 7189,
                    "image_background": "https://media.rawg.io/media/games/909/909974d1c7863c2027241e265fe7011f.jpg"
                },
                {
                    "id": 157,
                    "name": "PvP",
                    "slug": "pvp",
                    "language": "eng",
                    "games_count": 10614,
                    "image_background": "https://media.rawg.io/media/games/1a1/1a17e9b6286edb7e1f1e510110ccb0c0.jpg"
                },
                {
                    "id": 25,
                    "name": "Space",
                    "slug": "space",
                    "language": "eng",
                    "games_count": 43488,
                    "image_background": "https://media.rawg.io/media/games/9f1/9f1891779cb20f44de93cef33b067e50.jpg"
                },
                {
                    "id": 42434,
                    "name": "Игрок против игрока",
                    "slug": "igrok-protiv-igroka",
                    "language": "rus",
                    "games_count": 6091,
                    "image_background": "https://media.rawg.io/media/games/179/179245a3693049a11a25b900ab18f8f7.jpg"
                },
                {
                    "id": 11,
                    "name": "Team-Based",
                    "slug": "team-based",
                    "language": "eng",
                    "games_count": 1823,
                    "image_background": "https://media.rawg.io/media/games/d07/d0790809a13027251b6d0f4dc7538c58.jpg"
                },
                {
                    "id": 42450,
                    "name": "Командная",
                    "slug": "komandnaia",
                    "language": "rus",
                    "games_count": 1523,
                    "image_background": "https://media.rawg.io/media/games/73e/73eecb8909e0c39fb246f457b5d6cbbe.jpg"
                },
                {
                    "id": 1465,
                    "name": "combat",
                    "slug": "combat",
                    "language": "eng",
                    "games_count": 14130,
                    "image_background": "https://media.rawg.io/media/games/de6/de66bc4c72b45c3bb906c85d0628112d.jpg"
                },
                {
                    "id": 42643,
                    "name": "Паркур",
                    "slug": "parkur-2",
                    "language": "rus",
                    "games_count": 1457,
                    "image_background": "https://media.rawg.io/media/games/f87/f87457e8347484033cb34cde6101d08d.jpg"
                },
                {
                    "id": 188,
                    "name": "Parkour",
                    "slug": "parkour",
                    "language": "eng",
                    "games_count": 3777,
                    "image_background": "https://media.rawg.io/media/games/d1a/d1a2e99ade53494c6330a0ed945fe823.jpg"
                },
                {
                    "id": 45878,
                    "name": "Online PvP",
                    "slug": "online-pvp",
                    "language": "eng",
                    "games_count": 5443,
                    "image_background": "https://media.rawg.io/media/games/018/01857c5ff9579c48fa8bd76b4d83a946.jpg"
                },
                {
                    "id": 119,
                    "name": "Dystopian",
                    "slug": "dystopian",
                    "language": "eng",
                    "games_count": 2391,
                    "image_background": "https://media.rawg.io/media/games/be0/be01c3d7d8795a45615da139322ca080.jpg"
                },
                {
                    "id": 42665,
                    "name": "Антиутопия",
                    "slug": "antiutopiia",
                    "language": "rus",
                    "games_count": 1465,
                    "image_background": "https://media.rawg.io/media/games/157/15742f2f67eacff546738e1ab5c19d20.jpg"
                },
                {
                    "id": 40937,
                    "name": "Steam Trading Cards",
                    "slug": "steam-trading-cards-2",
                    "language": "eng",
                    "games_count": 732,
                    "image_background": "https://media.rawg.io/media/games/473/473bd9a5e9522629d6cb28b701fb836a.jpg"
                },
                {
                    "id": 197,
                    "name": "Robots",
                    "slug": "robots",
                    "language": "eng",
                    "games_count": 8532,
                    "image_background": "https://media.rawg.io/media/games/43c/43cfdb7fdc48d99b4a4c2525b411daf8.jpg"
                },
                {
                    "id": 42630,
                    "name": "Роботы",
                    "slug": "roboty",
                    "language": "rus",
                    "games_count": 2125,
                    "image_background": "https://media.rawg.io/media/screenshots/e29/e29ce2369152515e9ae20c6e217cbe81.jpg"
                },
                {
                    "id": 58127,
                    "name": "Бой",
                    "slug": "boi-2",
                    "language": "rus",
                    "games_count": 8978,
                    "image_background": "https://media.rawg.io/media/screenshots/120/120d930368bc171c42f9caab94e33c65.jpg"
                },
                {
                    "id": 265,
                    "name": "Class-Based",
                    "slug": "class-based",
                    "language": "eng",
                    "games_count": 774,
                    "image_background": "https://media.rawg.io/media/games/576/57614dc6203d74f1d980754c3298192c.jpg"
                },
                {
                    "id": 42549,
                    "name": "Разделение на классы",
                    "slug": "razdelenie-na-klassy",
                    "language": "rus",
                    "games_count": 777,
                    "image_background": "https://media.rawg.io/media/games/979/979155841412068e7adf8c83dee94a4a.jpg"
                },
                {
                    "id": 184,
                    "name": "Mechs",
                    "slug": "mechs",
                    "language": "eng",
                    "games_count": 1326,
                    "image_background": "https://media.rawg.io/media/games/ae3/ae357d6e6f9e89597e8293469ddabba9.jpg"
                },
                {
                    "id": 42609,
                    "name": "Мехи",
                    "slug": "mekhi",
                    "language": "rus",
                    "games_count": 628,
                    "image_background": "https://media.rawg.io/media/screenshots/656/656d684bd6728e09cb121ad7563b146b.jpg"
                },
                {
                    "id": 49953,
                    "name": "Hero Shooter",
                    "slug": "hero-shooter-2",
                    "language": "eng",
                    "games_count": 815,
                    "image_background": "https://media.rawg.io/media/screenshots/e3f/e3fc7474f68ae40d0b29864800787fc1.jpg"
                },
                {
                    "id": 1505,
                    "name": "ship",
                    "slug": "ship",
                    "language": "eng",
                    "games_count": 2794,
                    "image_background": "https://media.rawg.io/media/screenshots/2df/2dfe6134e8f622baac7bc169cc90eb1a.jpg"
                },
                {
                    "id": 2405,
                    "name": "planets",
                    "slug": "planets",
                    "language": "eng",
                    "games_count": 1502,
                    "image_background": "https://media.rawg.io/media/games/174/1743b3dd185bda4a7be349347d4064df.jpg"
                },
                {
                    "id": 58141,
                    "name": "Геройский шутер",
                    "slug": "geroiskii-shuter",
                    "language": "rus",
                    "games_count": 763,
                    "image_background": "https://media.rawg.io/media/screenshots/b80/b80c39adf79297f59fd0d3ebb63d812f.jpg"
                }
            ],
            "esrb_rating": {
                "id": 4,
                "name": "Mature",
                "slug": "mature",
                "name_en": "Mature",
                "name_ru": "С 17 лет"
            },
            "user_game": null,
            "reviews_count": 423,
            "saturated_color": "0f0f0f",
            "dominant_color": "0f0f0f",
            "short_screenshots": [
                {
                    "id": -1,
                    "image": "https://media.rawg.io/media/games/979/979155841412068e7adf8c83dee94a4a.jpg"
                },
                {
                    "id": 610422,
                    "image": "https://media.rawg.io/media/screenshots/a2e/a2e15d1f364d518817e7efe596b2b479.jpg"
                },
                {
                    "id": 610423,
                    "image": "https://media.rawg.io/media/screenshots/163/163538c17ae29a15a05e3063ef626c74.jpg"
                },
                {
                    "id": 610424,
                    "image": "https://media.rawg.io/media/screenshots/87f/87f7449fa45d43b1e64540f42e41ad18.jpg"
                },
                {
                    "id": 610425,
                    "image": "https://media.rawg.io/media/screenshots/2d9/2d9fb72ec643955e6e4ef7bb7be07047.jpg"
                },
                {
                    "id": 610426,
                    "image": "https://media.rawg.io/media/screenshots/bf0/bf0c006eeaa52959419840d0040a6b8d.jpg"
                },
                {
                    "id": 610427,
                    "image": "https://media.rawg.io/media/screenshots/50b/50b6bd3ce7ed640bf1d750a09b2c06fa.jpg"
                }
            ],
            "parent_platforms": [
                {
                    "platform": {
                        "id": 1,
                        "name": "PC",
                        "slug": "pc"
                    }
                },
                {
                    "platform": {
                        "id": 3,
                        "name": "Xbox",
                        "slug": "xbox"
                    }
                }
            ],
            "genres": [
                {
                    "id": 2,
                    "name": "Shooter",
                    "slug": "shooter"
                },
                {
                    "id": 4,
                    "name": "Action",
                    "slug": "action"
                }
            ]
        },
        {
            "slug": "blast-factor",
            "name": "Blast Factor",
            "playtime": 0,
            "platforms": [
                {
                    "platform": {
                        "id": 16,
                        "name": "PlayStation 3",
                        "slug": "playstation3"
                    }
                }
            ],
            "stores": [
                {
                    "store": {
                        "id": 3,
                        "name": "PlayStation Store",
                        "slug": "playstation-store"
                    }
                }
            ],
            "released": "2006-11-17",
            "tba": false,
            "background_image": "https://media.rawg.io/media/screenshots/a1d/a1dcc9bf209e10bd3af432dbbd8b1673.jpg",
            "rating": 3.33,
            "rating_top": 4,
            "ratings": [
                {
                    "id": 4,
                    "title": "recommended",
                    "count": 4,
                    "percent": 66.67
                },
                {
                    "id": 3,
                    "title": "meh",
                    "count": 1,
                    "percent": 16.67
                },
                {
                    "id": 1,
                    "title": "skip",
                    "count": 1,
                    "percent": 16.67
                }
            ],
            "ratings_count": 6,
            "reviews_text_count": 0,
            "added": 51,
            "added_by_status": {
                "owned": 40,
                "beaten": 4,
                "toplay": 1,
                "dropped": 5,
                "playing": 1
            },
            "metacritic": null,
            "suggestions_count": 393,
            "updated": "2019-09-12T06:40:44",
            "id": 5503,
            "score": null,
            "clip": null,
            "tags": [
                {
                    "id": 37796,
                    "name": "exclusive",
                    "slug": "exclusive",
                    "language": "eng",
                    "games_count": 4496,
                    "image_background": "https://media.rawg.io/media/games/214/214b29aeff13a0ae6a70fc4426e85991.jpg"
                },
                {
                    "id": 37797,
                    "name": "true exclusive",
                    "slug": "true-exclusive",
                    "language": "eng",
                    "games_count": 3983,
                    "image_background": "https://media.rawg.io/media/games/dfa/dfa0906773ebb8a50d15548ac5b8ee5e.jpg"
                }
            ],
            "esrb_rating": {
                "id": 2,
                "name": "Everyone 10+",
                "slug": "everyone-10-plus",
                "name_en": "Everyone 10+",
                "name_ru": "С 10 лет"
            },
            "user_game": null,
            "reviews_count": 6,
            "saturated_color": "0f0f0f",
            "dominant_color": "0f0f0f",
            "short_screenshots": [
                {
                    "id": -1,
                    "image": "https://media.rawg.io/media/screenshots/a1d/a1dcc9bf209e10bd3af432dbbd8b1673.jpg"
                },
                {
                    "id": 568522,
                    "image": "https://media.rawg.io/media/screenshots/dd7/dd71d1221fd140d3b8857c621a66a8e1.jpg"
                },
                {
                    "id": 568523,
                    "image": "https://media.rawg.io/media/screenshots/96b/96b28e5fa9754a823554c8909d1c24e3.jpg"
                },
                {
                    "id": 568524,
                    "image": "https://media.rawg.io/media/screenshots/dac/dac172447c500256a9ed837ef40c9375.jpg"
                },
                {
                    "id": 568525,
                    "image": "https://media.rawg.io/media/screenshots/41a/41ada3a21f80bbe8968dc14229ecf84d.jpg"
                },
                {
                    "id": 568526,
                    "image": "https://media.rawg.io/media/screenshots/cd2/cd2012a6e91d312d3dfcecbb23e96120.jpg"
                },
                {
                    "id": 568527,
                    "image": "https://media.rawg.io/media/screenshots/03d/03d756f76eeeb1683d8a40b7e8a6f99f.jpg"
                }
            ],
            "parent_platforms": [
                {
                    "platform": {
                        "id": 2,
                        "name": "PlayStation",
                        "slug": "playstation"
                    }
                }
            ],
            "genres": [
                {
                    "id": 11,
                    "name": "Arcade",
                    "slug": "arcade"
                }
            ]
        },
        {
            "slug": "playstation-all-stars-battle-royale",
            "name": "PlayStation All-Stars Battle Royale",
            "playtime": 2,
            "platforms": [
                {
                    "platform": {
                        "id": 16,
                        "name": "PlayStation 3",
                        "slug": "playstation3"
                    }
                },
                {
                    "platform": {
                        "id": 19,
                        "name": "PS Vita",
                        "slug": "ps-vita"
                    }
                }
            ],
            "stores": [
                {
                    "store": {
                        "id": 3,
                        "name": "PlayStation Store",
                        "slug": "playstation-store"
                    }
                }
            ],
            "released": "2012-11-20",
            "tba": false,
            "background_image": "https://media.rawg.io/media/games/596/596215939911a0d97facfc224b1bca30.jpg",
            "rating": 3.03,
            "rating_top": 3,
            "ratings": [
                {
                    "id": 3,
                    "title": "meh",
                    "count": 129,
                    "percent": 49.05
                },
                {
                    "id": 4,
                    "title": "recommended",
                    "count": 85,
                    "percent": 32.32
                },
                {
                    "id": 1,
                    "title": "skip",
                    "count": 44,
                    "percent": 16.73
                },
                {
                    "id": 5,
                    "title": "exceptional",
                    "count": 5,
                    "percent": 1.9
                }
            ],
            "ratings_count": 262,
            "reviews_text_count": 1,
            "added": 1333,
            "added_by_status": {
                "yet": 19,
                "owned": 1059,
                "beaten": 124,
                "toplay": 8,
                "dropped": 121,
                "playing": 2
            },
            "metacritic": 74,
            "suggestions_count": 654,
            "updated": "2024-12-20T17:21:21",
            "id": 4187,
            "score": null,
            "clip": null,
            "tags": [
                {
                    "id": 7,
                    "name": "Multiplayer",
                    "slug": "multiplayer",
                    "language": "eng",
                    "games_count": 40195,
                    "image_background": "https://media.rawg.io/media/games/6c5/6c55e22185876626881b76c11922b073.jpg"
                },
                {
                    "id": 406,
                    "name": "Story",
                    "slug": "story",
                    "language": "eng",
                    "games_count": 11485,
                    "image_background": "https://media.rawg.io/media/games/1eb/1ebef06e55f756974654c35b9aedb127.jpg"
                },
                {
                    "id": 413,
                    "name": "online",
                    "slug": "online",
                    "language": "eng",
                    "games_count": 6554,
                    "image_background": "https://media.rawg.io/media/screenshots/587/58785538b2d3a7226fa2c07d36e02b2b.jpeg"
                },
                {
                    "id": 981,
                    "name": "battle",
                    "slug": "battle",
                    "language": "eng",
                    "games_count": 10679,
                    "image_background": "https://media.rawg.io/media/screenshots/7f8/7f8b58994fc420fefaa5fb9992335a11.jpg"
                },
                {
                    "id": 744,
                    "name": "friends",
                    "slug": "friends",
                    "language": "eng",
                    "games_count": 15174,
                    "image_background": "https://media.rawg.io/media/games/4fe/4feffcec6315c5f5a96442a8444431ca.jpg"
                },
                {
                    "id": 625,
                    "name": "party",
                    "slug": "party",
                    "language": "eng",
                    "games_count": 4170,
                    "image_background": "https://media.rawg.io/media/screenshots/ca8/ca840f2a8ebfc74aac1688367dc1f903.jpg"
                },
                {
                    "id": 3612,
                    "name": "match",
                    "slug": "match",
                    "language": "eng",
                    "games_count": 6504,
                    "image_background": "https://media.rawg.io/media/games/a28/a289b31f456f1837fabc2fd2f0a9ed1e.jpg"
                },
                {
                    "id": 6033,
                    "name": "smash",
                    "slug": "smash",
                    "language": "eng",
                    "games_count": 1791,
                    "image_background": "https://media.rawg.io/media/games/9f3/9f3c513b301d8d7250a64dd7e73c62df.jpg"
                },
                {
                    "id": 833,
                    "name": "brawler",
                    "slug": "brawler",
                    "language": "eng",
                    "games_count": 390,
                    "image_background": "https://media.rawg.io/media/screenshots/5e7/5e7ad42ee52bd174bb65c938866f21a2.jpg"
                }
            ],
            "esrb_rating": {
                "id": 3,
                "name": "Teen",
                "slug": "teen",
                "name_en": "Teen",
                "name_ru": "С 13 лет"
            },
            "user_game": null,
            "reviews_count": 263,
            "saturated_color": "0f0f0f",
            "dominant_color": "0f0f0f",
            "short_screenshots": [
                {
                    "id": -1,
                    "image": "https://media.rawg.io/media/games/596/596215939911a0d97facfc224b1bca30.jpg"
                },
                {
                    "id": 593522,
                    "image": "https://media.rawg.io/media/screenshots/a14/a149887511b65ddf744b531d4078607c.jpg"
                },
                {
                    "id": 593523,
                    "image": "https://media.rawg.io/media/screenshots/c47/c47210d3382edb31d754c159b640e84a.jpg"
                },
                {
                    "id": 593524,
                    "image": "https://media.rawg.io/media/screenshots/c20/c2080c3e7ce099c66cb32bc61efc263e.jpg"
                },
                {
                    "id": 593525,
                    "image": "https://media.rawg.io/media/screenshots/54c/54c026449ac967961e18d9274d87e867.jpg"
                },
                {
                    "id": 593526,
                    "image": "https://media.rawg.io/media/screenshots/a66/a66372342966be2b2c6e3c6c9d4a7c72.jpg"
                },
                {
                    "id": 593527,
                    "image": "https://media.rawg.io/media/screenshots/6dd/6dd451d29287d6ef1a1c11fc2fc328f3.jpg"
                }
            ],
            "parent_platforms": [
                {
                    "platform": {
                        "id": 2,
                        "name": "PlayStation",
                        "slug": "playstation"
                    }
                }
            ],
            "genres": [
                {
                    "id": 19,
                    "name": "Family",
                    "slug": "family"
                },
                {
                    "id": 59,
                    "name": "Massively Multiplayer",
                    "slug": "massively-multiplayer"
                },
                {
                    "id": 11,
                    "name": "Arcade",
                    "slug": "arcade"
                },
                {
                    "id": 6,
                    "name": "Fighting",
                    "slug": "fighting"
                }
            ]
        }
    ],
    "user_platforms": false
}