{
    "count": 30,
    "next": "https://api.rawg.io/api/games?developers=3232&key=6144c1f5ae184e6a89a3e2b34caf541c&ordering=-rating&page=2&page_size=10",
    "previous": null,
    "results": [
        {
            "slug": "halo-2",
            "name": "Halo 2",
            "playtime": 8,
            "platforms": [
                {
                    "platform": {
                        "id": 4,
                        "name": "PC",
                        "slug": "pc"
                    }
                },
                {
                    "platform": {
                        "id": 1,
                        "name": "Xbox One",
                        "slug": "xbox-one"
                    }
                },
                {
                    "platform": {
                        "id": 80,
                        "name": "Xbox",
                        "slug": "xbox-old"
                    }
                }
            ],
            "stores": null,
            "released": "2004-11-09",
            "tba": false,
            "background_image": "https://media.rawg.io/media/games/3bf/3bfc3bd9fda76bf83f6cf1d788e1c7c7.jpg",
            "rating": 4.41,
            "rating_top": 5,
            "ratings": [
                {
                    "id": 5,
                    "title": "exceptional",
                    "count": 197,
                    "percent": 52.96
                },
                {
                    "id": 4,
                    "title": "recommended",
                    "count": 142,
                    "percent": 38.17
                },
                {
                    "id": 3,
                    "title": "meh",
                    "count": 27,
                    "percent": 7.26
                },
                {
                    "id": 1,
                    "title": "skip",
                    "count": 6,
                    "percent": 1.61
                }
            ],
            "ratings_count": 367,
            "reviews_text_count": 4,
            "added": 817,
            "added_by_status": {
                "yet": 52,
                "owned": 179,
                "beaten": 438,
                "toplay": 81,
                "dropped": 59,
                "playing": 8
            },
            "metacritic": 84,
            "suggestions_count": 583,
            "updated": "2025-03-12T07:17:11",
            "id": 37130,
            "score": null,
            "clip": null,
            "tags": [
                {
                    "id": 36890,
                    "name": "gfwl",
                    "slug": "gfwl",
                    "language": "eng",
                    "games_count": 1,
                    "image_background": "https://media.rawg.io/media/games/0c9/0c98889aa28b7c27474be0156961bee2.jpg"
                }
            ],
            "esrb_rating": {
                "id": 4,
                "name": "Mature",
                "slug": "mature",
                "name_en": "Mature",
                "name_ru": "С 17 лет"
            },
            "user_game": null,
            "reviews_count": 372,
            "saturated_color": "0f0f0f",
            "dominant_color": "0f0f0f",
            "short_screenshots": [
                {
                    "id": -1,
                    "image": "https://media.rawg.io/media/games/3bf/3bfc3bd9fda76bf83f6cf1d788e1c7c7.jpg"
                },
                {
                    "id": 442950,
                    "image": "https://media.rawg.io/media/screenshots/3ee/3ee4ba2d11ed9521cb4887a021848ea7.jpg"
                },
                {
                    "id": 442951,
                    "image": "https://media.rawg.io/media/screenshots/077/0775538be37da26ffc9744065f0f6b4c.jpg"
                },
                {
                    "id": 442952,
                    "image": "https://media.rawg.io/media/screenshots/c15/c15fc00bd0e5cfb844ab0d03a02096b4.jpg"
                },
                {
                    "id": 442953,
                    "image": "https://media.rawg.io/media/screenshots/bfc/bfca87049ecacc712730a4c379246a0e.jpg"
                },
                {
                    "id": 442954,
                    "image": "https://media.rawg.io/media/screenshots/af2/af2b986ba782226b68a29a292f1059b1.jpg"
                },
                {
                    "id": 442955,
                    "image": "https://media.rawg.io/media/screenshots/073/0736a84520c29afaf4f61390c3ff499b.jpg"
                }
            ],
            "parent_platforms": [
                {
                    "platform": {
                        "id": 1,
                        "name": "PC",
                        "slug": "pc"
                    }
                },
                {
                    "platform": {
                        "id": 3,
                        "name": "Xbox",
                        "slug": "xbox"
                    }
                }
            ],
            "genres": [
                {
                    "id": 2,
                    "name": "Shooter",
                    "slug": "shooter"
                },
                {
                    "id": 4,
                    "name": "Action",
                    "slug": "action"
                }
            ]
        },
        {
            "slug": "halo-3",
            "name": "Halo 3",
            "playtime": 2,
            "platforms": [
                {
                    "platform": {
                        "id": 4,
                        "name": "PC",
                        "slug": "pc"
                    }
                },
                {
                    "platform": {
                        "id": 1,
                        "name": "Xbox One",
                        "slug": "xbox-one"
                    }
                },
                {
                    "platform": {
                        "id": 14,
                        "name": "Xbox 360",
                        "slug": "xbox360"
                    }
                }
            ],
            "stores": [
                {
                    "store": {
                        "id": 2,
                        "name": "Xbox Store",
                        "slug": "xbox-store"
                    }
                },
                {
                    "store": {
                        "id": 7,
                        "name": "Xbox 360 Store",
                        "slug": "xbox360"
                    }
                }
            ],
            "released": "2007-09-25",
            "tba": false,
            "background_image": "https://media.rawg.io/media/games/982/982ff61d574fed5e416cb1867b40d9b0.jpg",
            "rating": 4.36,
            "rating_top": 5,
            "ratings": [
                {
                    "id": 5,
                    "title": "exceptional",
                    "count": 414,
                    "percent": 52.94
                },
                {
                    "id": 4,
                    "title": "recommended",
                    "count": 276,
                    "percent": 35.29
                },
                {
                    "id": 3,
                    "title": "meh",
                    "count": 71,
                    "percent": 9.08
                },
                {
                    "id": 1,
                    "title": "skip",
                    "count": 21,
                    "percent": 2.69
                }
            ],
            "ratings_count": 773,
            "reviews_text_count": 8,
            "added": 3077,
            "added_by_status": {
                "yet": 100,
                "owned": 2014,
                "beaten": 767,
                "toplay": 87,
                "dropped": 99,
                "playing": 10
            },
            "metacritic": 91,
            "suggestions_count": 729,
            "updated": "2025-03-04T17:43:20",
            "id": 28589,
            "score": null,
            "clip": null,
            "tags": [
                {
                    "id": 37796,
                    "name": "exclusive",
                    "slug": "exclusive",
                    "language": "eng",
                    "games_count": 4491,
                    "image_background": "https://media.rawg.io/media/games/f24/f2493ea338fe7bd3c7d73750a85a0959.jpeg"
                }
            ],
            "esrb_rating": {
                "id": 4,
                "name": "Mature",
                "slug": "mature",
                "name_en": "Mature",
                "name_ru": "С 17 лет"
            },
            "user_game": null,
            "reviews_count": 782,
            "saturated_color": "0f0f0f",
            "dominant_color": "0f0f0f",
            "short_screenshots": [
                {
                    "id": -1,
                    "image": "https://media.rawg.io/media/games/982/982ff61d574fed5e416cb1867b40d9b0.jpg"
                },
                {
                    "id": 2021478,
                    "image": "https://media.rawg.io/media/screenshots/109/1099c73ce1ed6023ac8bcafb468aa024.jpg"
                },
                {
                    "id": 2021480,
                    "image": "https://media.rawg.io/media/screenshots/6c6/6c6a2eb5271690f56731a0b6b700aa0f.jpg"
                },
                {
                    "id": 2021481,
                    "image": "https://media.rawg.io/media/screenshots/0b2/0b2a502e4a589e0bdeafc72111b25c9b.jpg"
                },
                {
                    "id": 277652,
                    "image": "https://media.rawg.io/media/screenshots/3a0/3a00600bc1948c2d6ea670e6897a5099.jpg"
                },
                {
                    "id": 277653,
                    "image": "https://media.rawg.io/media/screenshots/c11/c11edbc5c8670efde76458c781acf59b.jpg"
                },
                {
                    "id": 277654,
                    "image": "https://media.rawg.io/media/screenshots/504/504d9bd7c1f7100f81af3c976f6cccc3.jpg"
                }
            ],
            "parent_platforms": [
                {
                    "platform": {
                        "id": 1,
                        "name": "PC",
                        "slug": "pc"
                    }
                },
                {
                    "platform": {
                        "id": 3,
                        "name": "Xbox",
                        "slug": "xbox"
                    }
                }
            ],
            "genres": [
                {
                    "id": 2,
                    "name": "Shooter",
                    "slug": "shooter"
                }
            ]
        },
        {
            "slug": "halo-combat-evolved",
            "name": "Halo: Combat Evolved",
            "playtime": 1,
            "platforms": [
                {
                    "platform": {
                        "id": 4,
                        "name": "PC",
                        "slug": "pc"
                    }
                },
                {
                    "platform": {
                        "id": 5,
                        "name": "macOS",
                        "slug": "macos"
                    }
                },
                {
                    "platform": {
                        "id": 80,
                        "name": "Xbox",
                        "slug": "xbox-old"
                    }
                }
            ],
            "stores": [
                {
                    "store": {
                        "id": 7,
                        "name": "Xbox 360 Store",
                        "slug": "xbox360"
                    }
                }
            ],
            "released": "2001-11-15",
            "tba": false,
            "background_image": "https://media.rawg.io/media/games/abf/abffd94ed6fe34027c720bee593c06d2.jpg",
            "rating": 4.32,
            "rating_top": 5,
            "ratings": [
                {
                    "id": 5,
                    "title": "exceptional",
                    "count": 235,
                    "percent": 52.57
                },
                {
                    "id": 4,
                    "title": "recommended",
                    "count": 148,
                    "percent": 33.11
                },
                {
                    "id": 3,
                    "title": "meh",
                    "count": 49,
                    "percent": 10.96
                },
                {
                    "id": 1,
                    "title": "skip",
                    "count": 15,
                    "percent": 3.36
                }
            ],
            "ratings_count": 435,
            "reviews_text_count": 9,
            "added": 902,
            "added_by_status": {
                "yet": 33,
                "owned": 167,
                "beaten": 545,
                "toplay": 69,
                "dropped": 74,
                "playing": 14
            },
            "metacritic": 90,
            "suggestions_count": 561,
            "updated": "2025-03-01T09:25:29",
            "id": 28448,
            "score": null,
            "clip": null,
            "tags": [
                {
                    "id": 1465,
                    "name": "combat",
                    "slug": "combat",
                    "language": "eng",
                    "games_count": 14182,
                    "image_background": "https://media.rawg.io/media/games/737/737ea5662211d2e0bbd6f5989189e4f1.jpg"
                },
                {
                    "id": 820,
                    "name": "secrets",
                    "slug": "secrets",
                    "language": "eng",
                    "games_count": 3380,
                    "image_background": "https://media.rawg.io/media/screenshots/81e/81e17d5b2a1cb89835234fe2d28950bd.jpg"
                },
                {
                    "id": 2191,
                    "name": "alien",
                    "slug": "alien",
                    "language": "eng",
                    "games_count": 1216,
                    "image_background": "https://media.rawg.io/media/screenshots/601/601c3d179639c53e55531fa8efde6435.jpg"
                }
            ],
            "esrb_rating": {
                "id": 4,
                "name": "Mature",
                "slug": "mature",
                "name_en": "Mature",
                "name_ru": "С 17 лет"
            },
            "user_game": null,
            "reviews_count": 447,
            "saturated_color": "0f0f0f",
            "dominant_color": "0f0f0f",
            "short_screenshots": [
                {
                    "id": -1,
                    "image": "https://media.rawg.io/media/games/abf/abffd94ed6fe34027c720bee593c06d2.jpg"
                },
                {
                    "id": 348125,
                    "image": "https://media.rawg.io/media/screenshots/d46/d469ecca7635747decf8f4663e8c61b5.jpg"
                },
                {
                    "id": 348126,
                    "image": "https://media.rawg.io/media/screenshots/9ff/9ff77cd572bc3714a5712f8191e94efc.jpg"
                },
                {
                    "id": 348127,
                    "image": "https://media.rawg.io/media/screenshots/a7e/a7eb6d1401b4b5f9e3eb7aa5e0dc2753.jpg"
                },
                {
                    "id": 348128,
                    "image": "https://media.rawg.io/media/screenshots/3e9/3e9b5862ef2a694f5a5962f9b6a54d57.jpg"
                },
                {
                    "id": 348129,
                    "image": "https://media.rawg.io/media/screenshots/1ca/1ca6e7541b146c6b55b7a1ca108062b0.jpg"
                },
                {
                    "id": 348130,
                    "image": "https://media.rawg.io/media/screenshots/e49/e4951b16fe44d838e96597aba527abd0.jpg"
                }
            ],
            "parent_platforms": [
                {
                    "platform": {
                        "id": 1,
                        "name": "PC",
                        "slug": "pc"
                    }
                },
                {
                    "platform": {
                        "id": 3,
                        "name": "Xbox",
                        "slug": "xbox"
                    }
                },
                {
                    "platform": {
                        "id": 5,
                        "name": "Apple Macintosh",
                        "slug": "mac"
                    }
                }
            ],
            "genres": [
                {
                    "id": 2,
                    "name": "Shooter",
                    "slug": "shooter"
                },
                {
                    "id": 4,
                    "name": "Action",
                    "slug": "action"
                }
            ]
        },
        {
            "slug": "halo-reach",
            "name": "Halo: Reach",
            "playtime": 11,
            "platforms": [
                {
                    "platform": {
                        "id": 4,
                        "name": "PC",
                        "slug": "pc"
                    }
                },
                {
                    "platform": {
                        "id": 1,
                        "name": "Xbox One",
                        "slug": "xbox-one"
                    }
                },
                {
                    "platform": {
                        "id": 14,
                        "name": "Xbox 360",
                        "slug": "xbox360"
                    }
                }
            ],
            "stores": [
                {
                    "store": {
                        "id": 1,
                        "name": "Steam",
                        "slug": "steam"
                    }
                },
                {
                    "store": {
                        "id": 2,
                        "name": "Xbox Store",
                        "slug": "xbox-store"
                    }
                },
                {
                    "store": {
                        "id": 7,
                        "name": "Xbox 360 Store",
                        "slug": "xbox360"
                    }
                }
            ],
            "released": "2010-09-14",
            "tba": false,
            "background_image": "https://media.rawg.io/media/games/045/0457f748c9492261ccb46147edf9c761.jpg",
            "rating": 4.28,
            "rating_top": 5,
            "ratings": [
                {
                    "id": 5,
                    "title": "exceptional",
                    "count": 358,
                    "percent": 45.9
                },
                {
                    "id": 4,
                    "title": "recommended",
                    "count": 326,
                    "percent": 41.79
                },
                {
                    "id": 3,
                    "title": "meh",
                    "count": 74,
                    "percent": 9.49
                },
                {
                    "id": 1,
                    "title": "skip",
                    "count": 22,
                    "percent": 2.82
                }
            ],
            "ratings_count": 771,
            "reviews_text_count": 6,
            "added": 3017,
            "added_by_status": {
                "yet": 109,
                "owned": 1919,
                "beaten": 755,
                "toplay": 85,
                "dropped": 127,
                "playing": 22
            },
            "metacritic": 91,
            "suggestions_count": 676,
            "updated": "2025-03-03T22:26:40",
            "id": 28613,
            "score": null,
            "clip": null,
            "tags": [
                {
                    "id": 37796,
                    "name": "exclusive",
                    "slug": "exclusive",
                    "language": "eng",
                    "games_count": 4491,
                    "image_background": "https://media.rawg.io/media/games/f24/f2493ea338fe7bd3c7d73750a85a0959.jpeg"
                }
            ],
            "esrb_rating": {
                "id": 4,
                "name": "Mature",
                "slug": "mature",
                "name_en": "Mature",
                "name_ru": "С 17 лет"
            },
            "user_game": null,
            "reviews_count": 780,
            "saturated_color": "0f0f0f",
            "dominant_color": "0f0f0f",
            "short_screenshots": [
                {
                    "id": -1,
                    "image": "https://media.rawg.io/media/games/045/0457f748c9492261ccb46147edf9c761.jpg"
                },
                {
                    "id": 2021548,
                    "image": "https://media.rawg.io/media/screenshots/36e/36e2b35282b7a413dae48789ffbd6651.jpg"
                },
                {
                    "id": 2021549,
                    "image": "https://media.rawg.io/media/screenshots/b36/b3652fd9a223a6ed95a1d933ff181425.jpg"
                },
                {
                    "id": 2021550,
                    "image": "https://media.rawg.io/media/screenshots/395/3951c9f13e83cd74d794469a67659280.jpg"
                },
                {
                    "id": 2021552,
                    "image": "https://media.rawg.io/media/screenshots/14f/14f906f9dcaadd50251bd87bdfaa3c2e.jpg"
                },
                {
                    "id": 278340,
                    "image": "https://media.rawg.io/media/screenshots/8ff/8ffa358080ab334f572387681cc86ae5.jpg"
                },
                {
                    "id": 278341,
                    "image": "https://media.rawg.io/media/screenshots/2a8/2a86a45da621293cb0a28bcf69d2aee6.jpg"
                }
            ],
            "parent_platforms": [
                {
                    "platform": {
                        "id": 1,
                        "name": "PC",
                        "slug": "pc"
                    }
                },
                {
                    "platform": {
                        "id": 3,
                        "name": "Xbox",
                        "slug": "xbox"
                    }
                }
            ],
            "genres": [
                {
                    "id": 2,
                    "name": "Shooter",
                    "slug": "shooter"
                }
            ]
        },
        {
            "slug": "destiny-the-taken-king",
            "name": "Destiny: The Taken King",
            "playtime": 0,
            "platforms": [
                {
                    "platform": {
                        "id": 1,
                        "name": "Xbox One",
                        "slug": "xbox-one"
                    }
                },
                {
                    "platform": {
                        "id": 18,
                        "name": "PlayStation 4",
                        "slug": "playstation4"
                    }
                },
                {
                    "platform": {
                        "id": 14,
                        "name": "Xbox 360",
                        "slug": "xbox360"
                    }
                },
                {
                    "platform": {
                        "id": 16,
                        "name": "PlayStation 3",
                        "slug": "playstation3"
                    }
                }
            ],
            "stores": [
                {
                    "store": {
                        "id": 3,
                        "name": "PlayStation Store",
                        "slug": "playstation-store"
                    }
                },
                {
                    "store": {
                        "id": 2,
                        "name": "Xbox Store",
                        "slug": "xbox-store"
                    }
                }
            ],
            "released": "2015-09-15",
            "tba": false,
            "background_image": "https://media.rawg.io/media/games/121/12157a7edd25ba696996180f68012e02.jpg",
            "rating": 4.09,
            "rating_top": 4,
            "ratings": [
                {
                    "id": 4,
                    "title": "recommended",
                    "count": 6,
                    "percent": 54.55
                },
                {
                    "id": 5,
                    "title": "exceptional",
                    "count": 4,
                    "percent": 36.36
                },
                {
                    "id": 1,
                    "title": "skip",
                    "count": 1,
                    "percent": 9.09
                }
            ],
            "ratings_count": 11,
            "reviews_text_count": 0,
            "added": 41,
            "added_by_status": {
                "yet": 4,
                "owned": 9,
                "beaten": 18,
                "toplay": 7,
                "dropped": 3
            },
            "metacritic": 88,
            "suggestions_count": 545,
            "updated": "2023-05-11T01:02:21",
            "id": 43350,
            "score": null,
            "clip": null,
            "tags": [
                {
                    "id": 981,
                    "name": "battle",
                    "slug": "battle",
                    "language": "eng",
                    "games_count": 10604,
                    "image_background": "https://media.rawg.io/media/screenshots/bf9/bf987c6a9734996d3be6838357d369b2.jpg"
                },
                {
                    "id": 808,
                    "name": "character",
                    "slug": "character",
                    "language": "eng",
                    "games_count": 8812,
                    "image_background": "https://media.rawg.io/media/games/510/51039d0ec5dc8c3e08ae4374dfceecec.jpg"
                },
                {
                    "id": 5777,
                    "name": "pack",
                    "slug": "pack",
                    "language": "eng",
                    "games_count": 2647,
                    "image_background": "https://media.rawg.io/media/games/708/7080e6c87e0825cb02888bf3c44b3889.jpg"
                }
            ],
            "esrb_rating": {
                "id": 3,
                "name": "Teen",
                "slug": "teen",
                "name_en": "Teen",
                "name_ru": "С 13 лет"
            },
            "user_game": null,
            "reviews_count": 11,
            "saturated_color": "0f0f0f",
            "dominant_color": "0f0f0f",
            "short_screenshots": [
                {
                    "id": -1,
                    "image": "https://media.rawg.io/media/games/121/12157a7edd25ba696996180f68012e02.jpg"
                },
                {
                    "id": 625337,
                    "image": "https://media.rawg.io/media/screenshots/79c/79c77dc05d4de7d7d3bcaf73e2da7852.jpg"
                },
                {
                    "id": 625338,
                    "image": "https://media.rawg.io/media/screenshots/c70/c708e828d4ab73cc2d3c459fab6669c9.jpg"
                },
                {
                    "id": 625339,
                    "image": "https://media.rawg.io/media/screenshots/0b5/0b5d5e02e18ae256147520357aeb230f.jpg"
                },
                {
                    "id": 625340,
                    "image": "https://media.rawg.io/media/screenshots/cf5/cf5508970f0b0c8592f43850f1471d62.jpg"
                },
                {
                    "id": 625341,
                    "image": "https://media.rawg.io/media/screenshots/61b/61b1d7a3c49bd1a2575c3a3c7dafe8c2_LlSNUNj.jpg"
                },
                {
                    "id": 625342,
                    "image": "https://media.rawg.io/media/screenshots/7b2/7b2a32051cf81add3aceeb1b179250b8.jpg"
                }
            ],
            "parent_platforms": [
                {
                    "platform": {
                        "id": 2,
                        "name": "PlayStation",
                        "slug": "playstation"
                    }
                },
                {
                    "platform": {
                        "id": 3,
                        "name": "Xbox",
                        "slug": "xbox"
                    }
                }
            ],
            "genres": [
                {
                    "id": 2,
                    "name": "Shooter",
                    "slug": "shooter"
                },
                {
                    "id": 4,
                    "name": "Action",
                    "slug": "action"
                },
                {
                    "id": 5,
                    "name": "RPG",
                    "slug": "role-playing-games-rpg"
                }
            ]
        },
        {
            "slug": "oni",
            "name": "Oni",
            "playtime": 1,
            "platforms": [
                {
                    "platform": {
                        "id": 4,
                        "name": "PC",
                        "slug": "pc"
                    }
                },
                {
                    "platform": {
                        "id": 5,
                        "name": "macOS",
                        "slug": "macos"
                    }
                },
                {
                    "platform": {
                        "id": 15,
                        "name": "PlayStation 2",
                        "slug": "playstation2"
                    }
                }
            ],
            "stores": null,
            "released": "2001-01-29",
            "tba": false,
            "background_image": "https://media.rawg.io/media/games/60e/60ec0cee4c7dfdec953e608332b7a472.jpg",
            "rating": 4.06,
            "rating_top": 4,
            "ratings": [
                {
                    "id": 4,
                    "title": "recommended",
                    "count": 47,
                    "percent": 53.41
                },
                {
                    "id": 5,
                    "title": "exceptional",
                    "count": 25,
                    "percent": 28.41
                },
                {
                    "id": 3,
                    "title": "meh",
                    "count": 14,
                    "percent": 15.91
                },
                {
                    "id": 1,
                    "title": "skip",
                    "count": 2,
                    "percent": 2.27
                }
            ],
            "ratings_count": 87,
            "reviews_text_count": 1,
            "added": 212,
            "added_by_status": {
                "yet": 20,
                "owned": 37,
                "beaten": 80,
                "toplay": 30,
                "dropped": 40,
                "playing": 5
            },
            "metacritic": 73,
            "suggestions_count": 369,
            "updated": "2025-02-17T12:28:53",
            "id": 31859,
            "score": null,
            "clip": null,
            "tags": [
                {
                    "id": 13,
                    "name": "Atmospheric",
                    "slug": "atmospheric",
                    "language": "eng",
                    "games_count": 35983,
                    "image_background": "https://media.rawg.io/media/games/310/3106b0e012271c5ffb16497b070be739.jpg"
                },
                {
                    "id": 32,
                    "name": "Sci-fi",
                    "slug": "sci-fi",
                    "language": "eng",
                    "games_count": 20425,
                    "image_background": "https://media.rawg.io/media/games/e6d/e6de699bd788497f4b52e2f41f9698f2.jpg"
                },
                {
                    "id": 226,
                    "name": "Cyberpunk",
                    "slug": "cyberpunk",
                    "language": "eng",
                    "games_count": 4863,
                    "image_background": "https://media.rawg.io/media/games/8df/8df64136042eb6e2ed4fa910a6ad96ac.jpg"
                },
                {
                    "id": 478,
                    "name": "3rd-Person Perspective",
                    "slug": "3rd-person-perspective",
                    "language": "eng",
                    "games_count": 87,
                    "image_background": "https://media.rawg.io/media/games/21c/21cc15d233117c6809ec86870559e105.jpg"
                }
            ],
            "esrb_rating": {
                "id": 3,
                "name": "Teen",
                "slug": "teen",
                "name_en": "Teen",
                "name_ru": "С 13 лет"
            },
            "user_game": null,
            "reviews_count": 88,
            "saturated_color": "0f0f0f",
            "dominant_color": "0f0f0f",
            "short_screenshots": [
                {
                    "id": -1,
                    "image": "https://media.rawg.io/media/games/60e/60ec0cee4c7dfdec953e608332b7a472.jpg"
                },
                {
                    "id": 321679,
                    "image": "https://media.rawg.io/media/screenshots/ce6/ce670f1c555dd24cee5f216fc5307171.jpg"
                },
                {
                    "id": 321680,
                    "image": "https://media.rawg.io/media/screenshots/f32/f32b227d88895298f7b20ea3a1593fa9.jpg"
                },
                {
                    "id": 321681,
                    "image": "https://media.rawg.io/media/screenshots/7a1/7a1ed4d495529e7260c756bcf491e562.jpg"
                },
                {
                    "id": 321682,
                    "image": "https://media.rawg.io/media/screenshots/39d/39db0f19d63cf61ec6220fdc0880b22f.jpg"
                },
                {
                    "id": 321683,
                    "image": "https://media.rawg.io/media/screenshots/c28/c285390a74dd9d198108484f3ef3badc.jpg"
                },
                {
                    "id": 321684,
                    "image": "https://media.rawg.io/media/screenshots/fdf/fdf557fdd516b641ec9d84b675cedde5.jpg"
                }
            ],
            "parent_platforms": [
                {
                    "platform": {
                        "id": 1,
                        "name": "PC",
                        "slug": "pc"
                    }
                },
                {
                    "platform": {
                        "id": 2,
                        "name": "PlayStation",
                        "slug": "playstation"
                    }
                },
                {
                    "platform": {
                        "id": 5,
                        "name": "Apple Macintosh",
                        "slug": "mac"
                    }
                }
            ],
            "genres": [
                {
                    "id": 2,
                    "name": "Shooter",
                    "slug": "shooter"
                },
                {
                    "id": 11,
                    "name": "Arcade",
                    "slug": "arcade"
                },
                {
                    "id": 4,
                    "name": "Action",
                    "slug": "action"
                },
                {
                    "id": 6,
                    "name": "Fighting",
                    "slug": "fighting"
                }
            ]
        },
        {
            "slug": "halo-3-odst",
            "name": "Halo 3: ODST",
            "playtime": 19,
            "platforms": [
                {
                    "platform": {
                        "id": 4,
                        "name": "PC",
                        "slug": "pc"
                    }
                },
                {
                    "platform": {
                        "id": 1,
                        "name": "Xbox One",
                        "slug": "xbox-one"
                    }
                },
                {
                    "platform": {
                        "id": 14,
                        "name": "Xbox 360",
                        "slug": "xbox360"
                    }
                }
            ],
            "stores": [
                {
                    "store": {
                        "id": 2,
                        "name": "Xbox Store",
                        "slug": "xbox-store"
                    }
                }
            ],
            "released": "2009-09-22",
            "tba": false,
            "background_image": "https://media.rawg.io/media/games/f8a/f8ac43db218f2c4396fa811a050591d7.jpg",
            "rating": 4.04,
            "rating_top": 4,
            "ratings": [
                {
                    "id": 4,
                    "title": "recommended",
                    "count": 215,
                    "percent": 49.43
                },
                {
                    "id": 5,
                    "title": "exceptional",
                    "count": 132,
                    "percent": 30.34
                },
                {
                    "id": 3,
                    "title": "meh",
                    "count": 75,
                    "percent": 17.24
                },
                {
                    "id": 1,
                    "title": "skip",
                    "count": 13,
                    "percent": 2.99
                }
            ],
            "ratings_count": 432,
            "reviews_text_count": 2,
            "added": 1780,
            "added_by_status": {
                "yet": 58,
                "owned": 1123,
                "beaten": 472,
                "toplay": 55,
                "dropped": 67,
                "playing": 5
            },
            "metacritic": 83,
            "suggestions_count": 556,
            "updated": "2025-03-01T09:25:19",
            "id": 50566,
            "score": null,
            "clip": null,
            "tags": [
                {
                    "id": 31,
                    "name": "Singleplayer",
                    "slug": "singleplayer",
                    "language": "eng",
                    "games_count": 236808,
                    "image_background": "https://media.rawg.io/media/games/4be/4be6a6ad0364751a96229c56bf69be59.jpg"
                },
                {
                    "id": 118,
                    "name": "Story Rich",
                    "slug": "story-rich",
                    "language": "eng",
                    "games_count": 24317,
                    "image_background": "https://media.rawg.io/media/games/be0/be01c3d7d8795a45615da139322ca080.jpg"
                },
                {
                    "id": 8,
                    "name": "First-Person",
                    "slug": "first-person",
                    "language": "eng",
                    "games_count": 34382,
                    "image_background": "https://media.rawg.io/media/games/2ba/2bac0e87cf45e5b508f227d281c9252a.jpg"
                },
                {
                    "id": 32,
                    "name": "Sci-fi",
                    "slug": "sci-fi",
                    "language": "eng",
                    "games_count": 20582,
                    "image_background": "https://media.rawg.io/media/games/587/587588c64afbff80e6f444eb2e46f9da.jpg"
                },
                {
                    "id": 30,
                    "name": "FPS",
                    "slug": "fps",
                    "language": "eng",
                    "games_count": 14102,
                    "image_background": "https://media.rawg.io/media/games/ec3/ec3a7db7b8ab5a71aad622fe7c62632f.jpg"
                },
                {
                    "id": 70,
                    "name": "War",
                    "slug": "war",
                    "language": "eng",
                    "games_count": 9698,
                    "image_background": "https://media.rawg.io/media/games/9af/9af24c1886e2c7b52a4a2c65aa874638.jpg"
                },
                {
                    "id": 37796,
                    "name": "exclusive",
                    "slug": "exclusive",
                    "language": "eng",
                    "games_count": 4491,
                    "image_background": "https://media.rawg.io/media/games/f24/f2493ea338fe7bd3c7d73750a85a0959.jpeg"
                },
                {
                    "id": 167,
                    "name": "Futuristic",
                    "slug": "futuristic",
                    "language": "eng",
                    "games_count": 6138,
                    "image_background": "https://media.rawg.io/media/games/5e4/5e4bff02098b2b6f824c68286d5da1a6.jpg"
                },
                {
                    "id": 172,
                    "name": "Aliens",
                    "slug": "aliens",
                    "language": "eng",
                    "games_count": 7164,
                    "image_background": "https://media.rawg.io/media/games/d54/d54f0267a042f44c032d8ca264584ecf.jpg"
                }
            ],
            "esrb_rating": {
                "id": 4,
                "name": "Mature",
                "slug": "mature",
                "name_en": "Mature",
                "name_ru": "С 17 лет"
            },
            "user_game": null,
            "reviews_count": 435,
            "saturated_color": "0f0f0f",
            "dominant_color": "0f0f0f",
            "short_screenshots": [
                {
                    "id": -1,
                    "image": "https://media.rawg.io/media/games/f8a/f8ac43db218f2c4396fa811a050591d7.jpg"
                },
                {
                    "id": 707543,
                    "image": "https://media.rawg.io/media/screenshots/602/60295beb153e0a049dd95aaf8c90196d.jpg"
                },
                {
                    "id": 707544,
                    "image": "https://media.rawg.io/media/screenshots/660/6605dec21c779318b424f83e7480df8f.jpg"
                },
                {
                    "id": 707545,
                    "image": "https://media.rawg.io/media/screenshots/71e/71ee5c1e5f23fb0241c8a82a2fe06ad5.jpg"
                },
                {
                    "id": 707546,
                    "image": "https://media.rawg.io/media/screenshots/f6f/f6ff4837660911127fc811f04c66b78c.jpg"
                },
                {
                    "id": 707547,
                    "image": "https://media.rawg.io/media/screenshots/b02/b0298270237c29a076ab906a2a3fbd21.jpg"
                },
                {
                    "id": 707548,
                    "image": "https://media.rawg.io/media/screenshots/de3/de3795829395a80d8a956d27404127ff.jpg"
                }
            ],
            "parent_platforms": [
                {
                    "platform": {
                        "id": 1,
                        "name": "PC",
                        "slug": "pc"
                    }
                },
                {
                    "platform": {
                        "id": 3,
                        "name": "Xbox",
                        "slug": "xbox"
                    }
                }
            ],
            "genres": [
                {
                    "id": 2,
                    "name": "Shooter",
                    "slug": "shooter"
                },
                {
                    "id": 4,
                    "name": "Action",
                    "slug": "action"
                }
            ]
        },
        {
            "slug": "destiny-2-the-witch-queen",
            "name": "Destiny 2: The Witch Queen",
            "playtime": 0,
            "platforms": [
                {
                    "platform": {
                        "id": 4,
                        "name": "PC",
                        "slug": "pc"
                    }
                },
                {
                    "platform": {
                        "id": 187,
                        "name": "PlayStation 5",
                        "slug": "playstation5"
                    }
                },
                {
                    "platform": {
                        "id": 1,
                        "name": "Xbox One",
                        "slug": "xbox-one"
                    }
                },
                {
                    "platform": {
                        "id": 18,
                        "name": "PlayStation 4",
                        "slug": "playstation4"
                    }
                },
                {
                    "platform": {
                        "id": 186,
                        "name": "Xbox Series S/X",
                        "slug": "xbox-series-x"
                    }
                }
            ],
            "stores": [
                {
                    "store": {
                        "id": 1,
                        "name": "Steam",
                        "slug": "steam"
                    }
                },
                {
                    "store": {
                        "id": 3,
                        "name": "PlayStation Store",
                        "slug": "playstation-store"
                    }
                },
                {
                    "store": {
                        "id": 2,
                        "name": "Xbox Store",
                        "slug": "xbox-store"
                    }
                },
                {
                    "store": {
                        "id": 11,
                        "name": "Epic Games",
                        "slug": "epic-games"
                    }
                }
            ],
            "released": "2022-02-23",
            "tba": false,
            "background_image": "https://media.rawg.io/media/games/1f8/1f8807885799cfab21ab1db0d07ffd01.jpeg",
            "rating": 3.74,
            "rating_top": 4,
            "ratings": [
                {
                    "id": 4,
                    "title": "recommended",
                    "count": 12,
                    "percent": 63.16
                },
                {
                    "id": 5,
                    "title": "exceptional",
                    "count": 3,
                    "percent": 15.79
                },
                {
                    "id": 3,
                    "title": "meh",
                    "count": 2,
                    "percent": 10.53
                },
                {
                    "id": 1,
                    "title": "skip",
                    "count": 2,
                    "percent": 10.53
                }
            ],
            "ratings_count": 18,
            "reviews_text_count": 1,
            "added": 54,
            "added_by_status": {
                "yet": 2,
                "owned": 12,
                "beaten": 19,
                "toplay": 17,
                "playing": 4
            },
            "metacritic": null,
            "suggestions_count": 472,
            "updated": "2025-02-07T13:44:39",
            "id": 662312,
            "score": null,
            "clip": null,
            "tags": [],
            "esrb_rating": {
                "id": 3,
                "name": "Teen",
                "slug": "teen",
                "name_en": "Teen",
                "name_ru": "С 13 лет"
            },
            "user_game": null,
            "reviews_count": 19,
            "saturated_color": "0f0f0f",
            "dominant_color": "0f0f0f",
            "short_screenshots": [
                {
                    "id": -1,
                    "image": "https://media.rawg.io/media/games/1f8/1f8807885799cfab21ab1db0d07ffd01.jpeg"
                },
                {
                    "id": 3016835,
                    "image": "https://media.rawg.io/media/screenshots/723/723264ffd51f9ab70f5bf9fc034751ce.jpg"
                },
                {
                    "id": 3016836,
                    "image": "https://media.rawg.io/media/screenshots/68d/68d3618779794c9c4f94bbb35ad110c8.jpg"
                },
                {
                    "id": 3016837,
                    "image": "https://media.rawg.io/media/screenshots/580/5805bf3bd26d9cd1773794f86857b241.jpg"
                },
                {
                    "id": 3016838,
                    "image": "https://media.rawg.io/media/screenshots/229/229a8494dd2cb52cfc1553caa69b4032.jpg"
                },
                {
                    "id": 3016839,
                    "image": "https://media.rawg.io/media/screenshots/478/47853045299d01795d324f58f6000828.jpg"
                },
                {
                    "id": 3016840,
                    "image": "https://media.rawg.io/media/screenshots/c7a/c7ae9400902ac26c010d0f8ffcded1f3.jpg"
                }
            ],
            "parent_platforms": [
                {
                    "platform": {
                        "id": 1,
                        "name": "PC",
                        "slug": "pc"
                    }
                },
                {
                    "platform": {
                        "id": 2,
                        "name": "PlayStation",
                        "slug": "playstation"
                    }
                },
                {
                    "platform": {
                        "id": 3,
                        "name": "Xbox",
                        "slug": "xbox"
                    }
                }
            ],
            "genres": [
                {
                    "id": 2,
                    "name": "Shooter",
                    "slug": "shooter"
                },
                {
                    "id": 4,
                    "name": "Action",
                    "slug": "action"
                }
            ]
        },
        {
            "slug": "destiny",
            "name": "Destiny",
            "playtime": 24,
            "platforms": [
                {
                    "platform": {
                        "id": 1,
                        "name": "Xbox One",
                        "slug": "xbox-one"
                    }
                },
                {
                    "platform": {
                        "id": 18,
                        "name": "PlayStation 4",
                        "slug": "playstation4"
                    }
                },
                {
                    "platform": {
                        "id": 14,
                        "name": "Xbox 360",
                        "slug": "xbox360"
                    }
                },
                {
                    "platform": {
                        "id": 16,
                        "name": "PlayStation 3",
                        "slug": "playstation3"
                    }
                }
            ],
            "stores": [
                {
                    "store": {
                        "id": 3,
                        "name": "PlayStation Store",
                        "slug": "playstation-store"
                    }
                },
                {
                    "store": {
                        "id": 2,
                        "name": "Xbox Store",
                        "slug": "xbox-store"
                    }
                },
                {
                    "store": {
                        "id": 7,
                        "name": "Xbox 360 Store",
                        "slug": "xbox360"
                    }
                }
            ],
            "released": "2014-09-09",
            "tba": false,
            "background_image": "https://media.rawg.io/media/games/062/062420d85c7143f72ad3557f32c41ead.jpg",
            "rating": 3.69,
            "rating_top": 4,
            "ratings": [
                {
                    "id": 4,
                    "title": "recommended",
                    "count": 453,
                    "percent": 42.82
                },
                {
                    "id": 3,
                    "title": "meh",
                    "count": 313,
                    "percent": 29.58
                },
                {
                    "id": 5,
                    "title": "exceptional",
                    "count": 214,
                    "percent": 20.23
                },
                {
                    "id": 1,
                    "title": "skip",
                    "count": 78,
                    "percent": 7.37
                }
            ],
            "ratings_count": 1055,
            "reviews_text_count": 3,
            "added": 5061,
            "added_by_status": {
                "yet": 62,
                "owned": 3771,
                "beaten": 707,
                "toplay": 60,
                "dropped": 439,
                "playing": 22
            },
            "metacritic": 76,
            "suggestions_count": 683,
            "updated": "2025-02-16T12:27:44",
            "id": 894,
            "score": null,
            "clip": null,
            "tags": [
                {
                    "id": 31,
                    "name": "Singleplayer",
                    "slug": "singleplayer",
                    "language": "eng",
                    "games_count": 236399,
                    "image_background": "https://media.rawg.io/media/games/20a/20aa03a10cda45239fe22d035c0ebe64.jpg"
                },
                {
                    "id": 42392,
                    "name": "Приключение",
                    "slug": "prikliuchenie",
                    "language": "rus",
                    "games_count": 43223,
                    "image_background": "https://media.rawg.io/media/games/d1a/d1a2e99ade53494c6330a0ed945fe823.jpg"
                },
                {
                    "id": 7,
                    "name": "Multiplayer",
                    "slug": "multiplayer",
                    "language": "eng",
                    "games_count": 40195,
                    "image_background": "https://media.rawg.io/media/games/6c5/6c55e22185876626881b76c11922b073.jpg"
                },
                {
                    "id": 18,
                    "name": "Co-op",
                    "slug": "co-op",
                    "language": "eng",
                    "games_count": 12942,
                    "image_background": "https://media.rawg.io/media/games/713/713269608dc8f2f40f5a670a14b2de94.jpg"
                },
                {
                    "id": 42421,
                    "name": "Стратегия",
                    "slug": "strategiia",
                    "language": "rus",
                    "games_count": 21532,
                    "image_background": "https://media.rawg.io/media/games/1bd/1bd2657b81eb0c99338120ad444b24ff.jpg"
                },
                {
                    "id": 8,
                    "name": "First-Person",
                    "slug": "first-person",
                    "language": "eng",
                    "games_count": 34303,
                    "image_background": "https://media.rawg.io/media/games/ec3/ec3a7db7b8ab5a71aad622fe7c62632f.jpg"
                },
                {
                    "id": 32,
                    "name": "Sci-fi",
                    "slug": "sci-fi",
                    "language": "eng",
                    "games_count": 20531,
                    "image_background": "https://media.rawg.io/media/games/6c5/6c55e22185876626881b76c11922b073.jpg"
                },
                {
                    "id": 10215,
                    "name": "raid",
                    "slug": "raid",
                    "language": "eng",
                    "games_count": 14,
                    "image_background": "https://media.rawg.io/media/screenshots/fc6/fc60c16e5ad9f2181569299593aec9b7.jpg"
                }
            ],
            "esrb_rating": {
                "id": 3,
                "name": "Teen",
                "slug": "teen",
                "name_en": "Teen",
                "name_ru": "С 13 лет"
            },
            "user_game": null,
            "reviews_count": 1058,
            "saturated_color": "0f0f0f",
            "dominant_color": "0f0f0f",
            "short_screenshots": [
                {
                    "id": -1,
                    "image": "https://media.rawg.io/media/games/062/062420d85c7143f72ad3557f32c41ead.jpg"
                },
                {
                    "id": 7883,
                    "image": "https://media.rawg.io/media/screenshots/3bd/3bd0da3289697d4bedafc8811ae1c9b7.jpg"
                },
                {
                    "id": 7893,
                    "image": "https://media.rawg.io/media/screenshots/d44/d44eb92dd9587aa7842c03a64cf4b4f5.jpg"
                },
                {
                    "id": 7905,
                    "image": "https://media.rawg.io/media/screenshots/e95/e95aa596f101a6c7b515f8482a653726.jpg"
                },
                {
                    "id": 7918,
                    "image": "https://media.rawg.io/media/screenshots/23a/23a9b44535956615c02fd95bac47d3b3.jpg"
                },
                {
                    "id": 7931,
                    "image": "https://media.rawg.io/media/screenshots/3e7/3e74fa3075f96630dc08405f2b5cfb19.jpg"
                },
                {
                    "id": 7936,
                    "image": "https://media.rawg.io/media/screenshots/2cd/2cd66308b19d10e5f8c6f24b31551392.jpg"
                }
            ],
            "parent_platforms": [
                {
                    "platform": {
                        "id": 2,
                        "name": "PlayStation",
                        "slug": "playstation"
                    }
                },
                {
                    "platform": {
                        "id": 3,
                        "name": "Xbox",
                        "slug": "xbox"
                    }
                }
            ],
            "genres": [
                {
                    "id": 2,
                    "name": "Shooter",
                    "slug": "shooter"
                },
                {
                    "id": 4,
                    "name": "Action",
                    "slug": "action"
                }
            ]
        },
        {
            "slug": "destiny-2",
            "name": "Destiny 2",
            "playtime": 6,
            "platforms": [
                {
                    "platform": {
                        "id": 4,
                        "name": "PC",
                        "slug": "pc"
                    }
                },
                {
                    "platform": {
                        "id": 187,
                        "name": "PlayStation 5",
                        "slug": "playstation5"
                    }
                },
                {
                    "platform": {
                        "id": 1,
                        "name": "Xbox One",
                        "slug": "xbox-one"
                    }
                },
                {
                    "platform": {
                        "id": 18,
                        "name": "PlayStation 4",
                        "slug": "playstation4"
                    }
                },
                {
                    "platform": {
                        "id": 186,
                        "name": "Xbox Series S/X",
                        "slug": "xbox-series-x"
                    }
                },
                {
                    "platform": {
                        "id": 171,
                        "name": "Web",
                        "slug": "web"
                    }
                }
            ],
            "stores": [
                {
                    "store": {
                        "id": 1,
                        "name": "Steam",
                        "slug": "steam"
                    }
                },
                {
                    "store": {
                        "id": 3,
                        "name": "PlayStation Store",
                        "slug": "playstation-store"
                    }
                },
                {
                    "store": {
                        "id": 2,
                        "name": "Xbox Store",
                        "slug": "xbox-store"
                    }
                },
                {
                    "store": {
                        "id": 11,
                        "name": "Epic Games",
                        "slug": "epic-games"
                    }
                }
            ],
            "released": "2017-09-06",
            "tba": false,
            "background_image": "https://media.rawg.io/media/games/34b/34b1f1850a1c06fd971bc6ab3ac0ce0e.jpg",
            "rating": 3.52,
            "rating_top": 4,
            "ratings": [
                {
                    "id": 4,
                    "title": "recommended",
                    "count": 1174,
                    "percent": 44.2
                },
                {
                    "id": 3,
                    "title": "meh",
                    "count": 867,
                    "percent": 32.64
                },
                {
                    "id": 5,
                    "title": "exceptional",
                    "count": 362,
                    "percent": 13.63
                },
                {
                    "id": 1,
                    "title": "skip",
                    "count": 253,
                    "percent": 9.53
                }
            ],
            "ratings_count": 2630,
            "reviews_text_count": 21,
            "added": 14491,
            "added_by_status": {
                "yet": 471,
                "owned": 11077,
                "beaten": 790,
                "toplay": 174,
                "dropped": 1568,
                "playing": 411
            },
            "metacritic": 82,
            "suggestions_count": 1237,
            "updated": "2025-03-02T10:19:16",
            "id": 32,
            "score": null,
            "clip": null,
            "tags": [
                {
                    "id": 31,
                    "name": "Singleplayer",
                    "slug": "singleplayer",
                    "language": "eng",
                    "games_count": 236808,
                    "image_background": "https://media.rawg.io/media/games/4be/4be6a6ad0364751a96229c56bf69be59.jpg"
                },
                {
                    "id": 42396,
                    "name": "Для одного игрока",
                    "slug": "dlia-odnogo-igroka",
                    "language": "rus",
                    "games_count": 59339,
                    "image_background": "https://media.rawg.io/media/games/49c/49c3dfa4ce2f6f140cc4825868e858cb.jpg"
                },
                {
                    "id": 42417,
                    "name": "Экшен",
                    "slug": "ekshen",
                    "language": "rus",
                    "games_count": 45143,
                    "image_background": "https://media.rawg.io/media/games/b45/b45575f34285f2c4479c9a5f719d972e.jpg"
                },
                {
                    "id": 42392,
                    "name": "Приключение",
                    "slug": "prikliuchenie",
                    "language": "rus",
                    "games_count": 43383,
                    "image_background": "https://media.rawg.io/media/games/d82/d82990b9c67ba0d2d09d4e6fa88885a7.jpg"
                },
                {
                    "id": 7,
                    "name": "Multiplayer",
                    "slug": "multiplayer",
                    "language": "eng",
                    "games_count": 40265,
                    "image_background": "https://media.rawg.io/media/games/021/021c4e21a1824d2526f925eff6324653.jpg"
                },
                {
                    "id": 40836,
                    "name": "Full controller support",
                    "slug": "full-controller-support",
                    "language": "eng",
                    "games_count": 20885,
                    "image_background": "https://media.rawg.io/media/games/562/562553814dd54e001a541e4ee83a591c.jpg"
                },
                {
                    "id": 13,
                    "name": "Atmospheric",
                    "slug": "atmospheric",
                    "language": "eng",
                    "games_count": 36334,
                    "image_background": "https://media.rawg.io/media/games/b45/b45575f34285f2c4479c9a5f719d972e.jpg"
                },
                {
                    "id": 42425,
                    "name": "Для нескольких игроков",
                    "slug": "dlia-neskolkikh-igrokov",
                    "language": "rus",
                    "games_count": 11352,
                    "image_background": "https://media.rawg.io/media/games/157/15742f2f67eacff546738e1ab5c19d20.jpg"
                },
                {
                    "id": 42400,
                    "name": "Атмосфера",
                    "slug": "atmosfera",
                    "language": "rus",
                    "games_count": 6083,
                    "image_background": "https://media.rawg.io/media/games/7fa/7fa0b586293c5861ee32490e953a4996.jpg"
                },
                {
                    "id": 42401,
                    "name": "Отличный саундтрек",
                    "slug": "otlichnyi-saundtrek",
                    "language": "rus",
                    "games_count": 4645,
                    "image_background": "https://media.rawg.io/media/games/7cf/7cfc9220b401b7a300e409e539c9afd5.jpg"
                },
                {
                    "id": 42,
                    "name": "Great Soundtrack",
                    "slug": "great-soundtrack",
                    "language": "eng",
                    "games_count": 3421,
                    "image_background": "https://media.rawg.io/media/games/26d/26d4437715bee60138dab4a7c8c59c92.jpg"
                },
                {
                    "id": 18,
                    "name": "Co-op",
                    "slug": "co-op",
                    "language": "eng",
                    "games_count": 12990,
                    "image_background": "https://media.rawg.io/media/games/4e0/4e0e7b6d6906a131307c94266e5c9a1c.jpg"
                },
                {
                    "id": 42442,
                    "name": "Открытый мир",
                    "slug": "otkrytyi-mir",
                    "language": "rus",
                    "games_count": 6580,
                    "image_background": "https://media.rawg.io/media/games/ee3/ee3e10193aafc3230ba1cae426967d10.jpg"
                },
                {
                    "id": 36,
                    "name": "Open World",
                    "slug": "open-world",
                    "language": "eng",
                    "games_count": 8394,
                    "image_background": "https://media.rawg.io/media/games/00d/00d374f12a3ab5f96c500a2cfa901e15.jpg"
                },
                {
                    "id": 411,
                    "name": "cooperative",
                    "slug": "cooperative",
                    "language": "eng",
                    "games_count": 5769,
                    "image_background": "https://media.rawg.io/media/games/587/587588c64afbff80e6f444eb2e46f9da.jpg"
                },
                {
                    "id": 42428,
                    "name": "Шутер",
                    "slug": "shuter",
                    "language": "rus",
                    "games_count": 10481,
                    "image_background": "https://media.rawg.io/media/games/4a0/4a0a1316102366260e6f38fd2a9cfdce.jpg"
                },
                {
                    "id": 42429,
                    "name": "От первого лица",
                    "slug": "ot-pervogo-litsa",
                    "language": "rus",
                    "games_count": 13462,
                    "image_background": "https://media.rawg.io/media/games/b8c/b8c243eaa0fbac8115e0cdccac3f91dc.jpg"
                },
                {
                    "id": 8,
                    "name": "First-Person",
                    "slug": "first-person",
                    "language": "eng",
                    "games_count": 34382,
                    "image_background": "https://media.rawg.io/media/games/2ba/2bac0e87cf45e5b508f227d281c9252a.jpg"
                },
                {
                    "id": 42435,
                    "name": "Шедевр",
                    "slug": "shedevr",
                    "language": "rus",
                    "games_count": 1059,
                    "image_background": "https://media.rawg.io/media/games/7cf/7cfc9220b401b7a300e409e539c9afd5.jpg"
                },
                {
                    "id": 42423,
                    "name": "Научная фантастика",
                    "slug": "nauchnaia-fantastika",
                    "language": "rus",
                    "games_count": 9486,
                    "image_background": "https://media.rawg.io/media/games/587/587588c64afbff80e6f444eb2e46f9da.jpg"
                },
                {
                    "id": 32,
                    "name": "Sci-fi",
                    "slug": "sci-fi",
                    "language": "eng",
                    "games_count": 20582,
                    "image_background": "https://media.rawg.io/media/games/587/587588c64afbff80e6f444eb2e46f9da.jpg"
                },
                {
                    "id": 30,
                    "name": "FPS",
                    "slug": "fps",
                    "language": "eng",
                    "games_count": 14102,
                    "image_background": "https://media.rawg.io/media/games/ec3/ec3a7db7b8ab5a71aad622fe7c62632f.jpg"
                },
                {
                    "id": 42427,
                    "name": "Шутер от первого лица",
                    "slug": "shuter-ot-pervogo-litsa",
                    "language": "rus",
                    "games_count": 6085,
                    "image_background": "https://media.rawg.io/media/games/f87/f87457e8347484033cb34cde6101d08d.jpg"
                },
                {
                    "id": 9,
                    "name": "Online Co-Op",
                    "slug": "online-co-op",
                    "language": "eng",
                    "games_count": 6621,
                    "image_background": "https://media.rawg.io/media/games/2ba/2bac0e87cf45e5b508f227d281c9252a.jpg"
                },
                {
                    "id": 6,
                    "name": "Exploration",
                    "slug": "exploration",
                    "language": "eng",
                    "games_count": 26004,
                    "image_background": "https://media.rawg.io/media/games/737/737ea5662211d2e0bbd6f5989189e4f1.jpg"
                },
                {
                    "id": 79,
                    "name": "Free to Play",
                    "slug": "free-to-play",
                    "language": "eng",
                    "games_count": 8323,
                    "image_background": "https://media.rawg.io/media/games/35b/35b47c4d85cd6e08f3e2ca43ea5ce7bb.jpg"
                },
                {
                    "id": 42433,
                    "name": "Совместная игра по сети",
                    "slug": "sovmestnaia-igra-po-seti",
                    "language": "rus",
                    "games_count": 1226,
                    "image_background": "https://media.rawg.io/media/games/4e0/4e0e7b6d6906a131307c94266e5c9a1c.jpg"
                },
                {
                    "id": 42538,
                    "name": "Бесплатная игра",
                    "slug": "besplatnaia-igra",
                    "language": "rus",
                    "games_count": 8311,
                    "image_background": "https://media.rawg.io/media/games/26b/26b27e1da9e3727fcb12e3e4e86c8c19.jpg"
                },
                {
                    "id": 397,
                    "name": "Online multiplayer",
                    "slug": "online-multiplayer",
                    "language": "eng",
                    "games_count": 3804,
                    "image_background": "https://media.rawg.io/media/games/f46/f466571d536f2e3ea9e815ad17177501.jpg"
                },
                {
                    "id": 69,
                    "name": "Action-Adventure",
                    "slug": "action-adventure",
                    "language": "eng",
                    "games_count": 18751,
                    "image_background": "https://media.rawg.io/media/games/c50/c5085506fe4b5e20fc7aa5ace842c20b.jpg"
                },
                {
                    "id": 157,
                    "name": "PvP",
                    "slug": "pvp",
                    "language": "eng",
                    "games_count": 10659,
                    "image_background": "https://media.rawg.io/media/games/9c4/9c47f320eb73c9a02d462e12f6206b26.jpg"
                },
                {
                    "id": 25,
                    "name": "Space",
                    "slug": "space",
                    "language": "eng",
                    "games_count": 43511,
                    "image_background": "https://media.rawg.io/media/games/0bc/0bcc108295a244b488d5c25f7d867220.jpg"
                },
                {
                    "id": 42422,
                    "name": "Космос",
                    "slug": "kosmos-2",
                    "language": "rus",
                    "games_count": 4847,
                    "image_background": "https://media.rawg.io/media/games/bd2/bd2cc7714e0b9b1adad1ba1b2400d436.jpg"
                },
                {
                    "id": 42453,
                    "name": "ММО",
                    "slug": "mmo-2",
                    "language": "rus",
                    "games_count": 2678,
                    "image_background": "https://media.rawg.io/media/games/34b/34b1f1850a1c06fd971bc6ab3ac0ce0e.jpg"
                },
                {
                    "id": 1465,
                    "name": "combat",
                    "slug": "combat",
                    "language": "eng",
                    "games_count": 14182,
                    "image_background": "https://media.rawg.io/media/games/737/737ea5662211d2e0bbd6f5989189e4f1.jpg"
                },
                {
                    "id": 167,
                    "name": "Futuristic",
                    "slug": "futuristic",
                    "language": "eng",
                    "games_count": 6138,
                    "image_background": "https://media.rawg.io/media/games/5e4/5e4bff02098b2b6f824c68286d5da1a6.jpg"
                },
                {
                    "id": 172,
                    "name": "Aliens",
                    "slug": "aliens",
                    "language": "eng",
                    "games_count": 7164,
                    "image_background": "https://media.rawg.io/media/games/d54/d54f0267a042f44c032d8ca264584ecf.jpg"
                },
                {
                    "id": 406,
                    "name": "Story",
                    "slug": "story",
                    "language": "eng",
                    "games_count": 11490,
                    "image_background": "https://media.rawg.io/media/games/257/257c497aa4060f4a697ccbf5e99ec230.jpg"
                },
                {
                    "id": 478,
                    "name": "3rd-Person Perspective",
                    "slug": "3rd-person-perspective",
                    "language": "eng",
                    "games_count": 87,
                    "image_background": "https://media.rawg.io/media/games/21c/21cc15d233117c6809ec86870559e105.jpg"
                },
                {
                    "id": 413,
                    "name": "online",
                    "slug": "online",
                    "language": "eng",
                    "games_count": 6554,
                    "image_background": "https://media.rawg.io/media/screenshots/587/58785538b2d3a7226fa2c07d36e02b2b.jpeg"
                },
                {
                    "id": 158,
                    "name": "MMORPG",
                    "slug": "mmorpg",
                    "language": "eng",
                    "games_count": 1542,
                    "image_background": "https://media.rawg.io/media/screenshots/3ed/3ed77f22a7bf8139b096a90bb732e208.jpg"
                },
                {
                    "id": 171,
                    "name": "PvE",
                    "slug": "pve",
                    "language": "eng",
                    "games_count": 6399,
                    "image_background": "https://media.rawg.io/media/screenshots/a53/a533bac7350ea700022cf2be8e694c88.jpg"
                },
                {
                    "id": 98,
                    "name": "Loot",
                    "slug": "loot",
                    "language": "eng",
                    "games_count": 2571,
                    "image_background": "https://media.rawg.io/media/games/501/501e7019925a3c692bf1c8062f07abe6.jpg"
                },
                {
                    "id": 42575,
                    "name": "Лут",
                    "slug": "lut",
                    "language": "rus",
                    "games_count": 1400,
                    "image_background": "https://media.rawg.io/media/screenshots/ad9/ad9fe262d9379adbb3d65d6c2fd61c9f.jpg"
                },
                {
                    "id": 205,
                    "name": "Lore-Rich",
                    "slug": "lore-rich",
                    "language": "eng",
                    "games_count": 1732,
                    "image_background": "https://media.rawg.io/media/games/007/0073b6418763a47eb023fba88cb22e7c.jpg"
                },
                {
                    "id": 42594,
                    "name": "Проработанная вселенная",
                    "slug": "prorabotannaia-vselennaia",
                    "language": "rus",
                    "games_count": 1760,
                    "image_background": "https://media.rawg.io/media/games/e1f/e1ffbeb1bac25b19749ad285ca29e158.jpg"
                },
                {
                    "id": 2030,
                    "name": "city",
                    "slug": "city",
                    "language": "eng",
                    "games_count": 9263,
                    "image_background": "https://media.rawg.io/media/games/4d3/4d36d90fd20f0c0e7e66a99fd624b03a.jpg"
                },
                {
                    "id": 744,
                    "name": "friends",
                    "slug": "friends",
                    "language": "eng",
                    "games_count": 15174,
                    "image_background": "https://media.rawg.io/media/games/4fe/4feffcec6315c5f5a96442a8444431ca.jpg"
                },
                {
                    "id": 5816,
                    "name": "console",
                    "slug": "console",
                    "language": "eng",
                    "games_count": 1390,
                    "image_background": "https://media.rawg.io/media/games/faa/faa6a4a7a2e57faf2960329630aee211.jpg"
                },
                {
                    "id": 578,
                    "name": "Masterpiece",
                    "slug": "masterpiece",
                    "language": "eng",
                    "games_count": 301,
                    "image_background": "https://media.rawg.io/media/games/c24/c24f4434882ae9c2c8d9d38de82cb7a5.jpg"
                },
                {
                    "id": 3109,
                    "name": "weapons",
                    "slug": "weapons",
                    "language": "eng",
                    "games_count": 2281,
                    "image_background": "https://media.rawg.io/media/games/73b/73bcfec00beec38a3d3527db4f9b8c53.jpg"
                },
                {
                    "id": 1484,
                    "name": "skill",
                    "slug": "skill",
                    "language": "eng",
                    "games_count": 3527,
                    "image_background": "https://media.rawg.io/media/games/4a5/4a5ce21f529cf8fd4670b4c3188b25df.jpg"
                },
                {
                    "id": 3046,
                    "name": "destroy",
                    "slug": "destroy",
                    "language": "eng",
                    "games_count": 4618,
                    "image_background": "https://media.rawg.io/media/screenshots/c84/c841102a515d24777f91b4861a84fb5b.jpg"
                },
                {
                    "id": 1743,
                    "name": "collect",
                    "slug": "collect",
                    "language": "eng",
                    "games_count": 8079,
                    "image_background": "https://media.rawg.io/media/screenshots/865/865964417247f8fa694bf60c36e2818b.jpg"
                },
                {
                    "id": 2184,
                    "name": "hunt",
                    "slug": "hunt",
                    "language": "eng",
                    "games_count": 2348,
                    "image_background": "https://media.rawg.io/media/games/b42/b42b05096de6668833bbab38f6099c6a.jpg"
                },
                {
                    "id": 754,
                    "name": "gun",
                    "slug": "gun",
                    "language": "eng",
                    "games_count": 3215,
                    "image_background": "https://media.rawg.io/media/screenshots/ea4/ea4ce80f8acd5cef34487ad54bb8c839.jpeg"
                },
                {
                    "id": 1527,
                    "name": "rain",
                    "slug": "rain",
                    "language": "eng",
                    "games_count": 864,
                    "image_background": "https://media.rawg.io/media/screenshots/c7b/c7b6140815bc7772cdb3fd40e89fa2ab.jpg"
                },
                {
                    "id": 18426,
                    "name": "enemy",
                    "slug": "enemy",
                    "language": "eng",
                    "games_count": 2578,
                    "image_background": "https://media.rawg.io/media/screenshots/203/20345d9164f477415f7c118a540797ed.jpg"
                },
                {
                    "id": 691,
                    "name": "quick",
                    "slug": "quick",
                    "language": "eng",
                    "games_count": 931,
                    "image_background": "https://media.rawg.io/media/games/9e5/9e5db3cb9bc5e74293a344998207a22c.jpg"
                },
                {
                    "id": 2863,
                    "name": "darkness",
                    "slug": "darkness",
                    "language": "eng",
                    "games_count": 477,
                    "image_background": "https://media.rawg.io/media/screenshots/3f0/3f0e42edfd3c43ba7101573e00d10445.jpg"
                },
                {
                    "id": 6580,
                    "name": "defender",
                    "slug": "defender",
                    "language": "eng",
                    "games_count": 182,
                    "image_background": "https://media.rawg.io/media/games/34b/34b1f1850a1c06fd971bc6ab3ac0ce0e.jpg"
                }
            ],
            "esrb_rating": {
                "id": 3,
                "name": "Teen",
                "slug": "teen",
                "name_en": "Teen",
                "name_ru": "С 13 лет"
            },
            "user_game": null,
            "reviews_count": 2656,
            "saturated_color": "0f0f0f",
            "dominant_color": "0f0f0f",
            "short_screenshots": [
                {
                    "id": -1,
                    "image": "https://media.rawg.io/media/games/34b/34b1f1850a1c06fd971bc6ab3ac0ce0e.jpg"
                },
                {
                    "id": 2629150,
                    "image": "https://media.rawg.io/media/screenshots/818/818cc34134cb22fb18fda8edec7144a3.jpg"
                },
                {
                    "id": 2629151,
                    "image": "https://media.rawg.io/media/screenshots/003/003a559bc0b47a4e5f2928f18a8d9142.jpg"
                },
                {
                    "id": 2629152,
                    "image": "https://media.rawg.io/media/screenshots/75d/75d8fbb3254f5b06f1a3f9a026d9c122.jpg"
                },
                {
                    "id": 2629153,
                    "image": "https://media.rawg.io/media/screenshots/ca3/ca3bdc1a51fc90a96c860ab6db8a313c.jpg"
                },
                {
                    "id": 2629154,
                    "image": "https://media.rawg.io/media/screenshots/575/5751a70c954618a99ec574f32be7ad43.jpg"
                },
                {
                    "id": 2629155,
                    "image": "https://media.rawg.io/media/screenshots/2e7/2e7304d3b9e670f943d0bd1e4be090f0.jpg"
                }
            ],
            "parent_platforms": [
                {
                    "platform": {
                        "id": 1,
                        "name": "PC",
                        "slug": "pc"
                    }
                },
                {
                    "platform": {
                        "id": 2,
                        "name": "PlayStation",
                        "slug": "playstation"
                    }
                },
                {
                    "platform": {
                        "id": 3,
                        "name": "Xbox",
                        "slug": "xbox"
                    }
                },
                {
                    "platform": {
                        "id": 14,
                        "name": "Web",
                        "slug": "web"
                    }
                }
            ],
            "genres": [
                {
                    "id": 2,
                    "name": "Shooter",
                    "slug": "shooter"
                },
                {
                    "id": 4,
                    "name": "Action",
                    "slug": "action"
                }
            ]
        }
    ],
    "user_platforms": false
}