{
    "count": 79,
    "next": "https://api.rawg.io/api/games?developers=3844&key=6144c1f5ae184e6a89a3e2b34caf541c&ordering=-rating&page=2&page_size=10",
    "previous": null,
    "results": [
        {
            "slug": "rome-total-war",
            "name": "ROME: Total War",
            "playtime": 2,
            "platforms": [
                {
                    "platform": {
                        "id": 4,
                        "name": "PC",
                        "slug": "pc"
                    }
                },
                {
                    "platform": {
                        "id": 3,
                        "name": "iOS",
                        "slug": "ios"
                    }
                },
                {
                    "platform": {
                        "id": 21,
                        "name": "Android",
                        "slug": "android"
                    }
                },
                {
                    "platform": {
                        "id": 5,
                        "name": "macOS",
                        "slug": "macos"
                    }
                }
            ],
            "stores": [
                {
                    "store": {
                        "id": 4,
                        "name": "App Store",
                        "slug": "apple-appstore"
                    }
                },
                {
                    "store": {
                        "id": 8,
                        "name": "Google Play",
                        "slug": "google-play"
                    }
                }
            ],
            "released": "2004-09-22",
            "tba": false,
            "background_image": "https://media.rawg.io/media/games/d2a/d2a4b12c173f9ffba1c384a0607a3aea.jpg",
            "rating": 4.41,
            "rating_top": 5,
            "ratings": [
                {
                    "id": 5,
                    "title": "exceptional",
                    "count": 131,
                    "percent": 52.82
                },
                {
                    "id": 4,
                    "title": "recommended",
                    "count": 96,
                    "percent": 38.71
                },
                {
                    "id": 3,
                    "title": "meh",
                    "count": 17,
                    "percent": 6.85
                },
                {
                    "id": 1,
                    "title": "skip",
                    "count": 4,
                    "percent": 1.61
                }
            ],
            "ratings_count": 246,
            "reviews_text_count": 0,
            "added": 897,
            "added_by_status": {
                "yet": 28,
                "owned": 540,
                "beaten": 196,
                "toplay": 35,
                "dropped": 88,
                "playing": 10
            },
            "metacritic": 88,
            "suggestions_count": 507,
            "updated": "2025-02-04T14:27:13",
            "id": 1602,
            "score": null,
            "clip": null,
            "tags": [
                {
                    "id": 70,
                    "name": "War",
                    "slug": "war",
                    "language": "eng",
                    "games_count": 9686,
                    "image_background": "https://media.rawg.io/media/games/2fd/2fd1b58116b10cc1f4442bee5593ca7c.jpg"
                },
                {
                    "id": 406,
                    "name": "Story",
                    "slug": "story",
                    "language": "eng",
                    "games_count": 11485,
                    "image_background": "https://media.rawg.io/media/games/1eb/1ebef06e55f756974654c35b9aedb127.jpg"
                },
                {
                    "id": 981,
                    "name": "battle",
                    "slug": "battle",
                    "language": "eng",
                    "games_count": 10679,
                    "image_background": "https://media.rawg.io/media/screenshots/7f8/7f8b58994fc420fefaa5fb9992335a11.jpg"
                },
                {
                    "id": 195,
                    "name": "Economy",
                    "slug": "economy",
                    "language": "eng",
                    "games_count": 2706,
                    "image_background": "https://media.rawg.io/media/games/82b/82be203e68d737762846203811165933.jpg"
                },
                {
                    "id": 2030,
                    "name": "city",
                    "slug": "city",
                    "language": "eng",
                    "games_count": 9262,
                    "image_background": "https://media.rawg.io/media/games/b5a/b5a1226bfd971284a735a4a0969086b3.jpg"
                },
                {
                    "id": 159,
                    "name": "Agriculture",
                    "slug": "agriculture",
                    "language": "eng",
                    "games_count": 726,
                    "image_background": "https://media.rawg.io/media/screenshots/f4e/f4e3db5ffa5201c5fd824f72e8990981.jpg"
                },
                {
                    "id": 316,
                    "name": "Mining",
                    "slug": "mining",
                    "language": "eng",
                    "games_count": 1113,
                    "image_background": "https://media.rawg.io/media/screenshots/d72/d724b50b620d944f878b9b68c612b3a6.jpg"
                }
            ],
            "esrb_rating": null,
            "user_game": null,
            "reviews_count": 248,
            "saturated_color": "0f0f0f",
            "dominant_color": "0f0f0f",
            "short_screenshots": [
                {
                    "id": -1,
                    "image": "https://media.rawg.io/media/games/d2a/d2a4b12c173f9ffba1c384a0607a3aea.jpg"
                },
                {
                    "id": 351004,
                    "image": "https://media.rawg.io/media/screenshots/9a9/9a92fe6bc611c181835eb505cd65e9c0.jpg"
                },
                {
                    "id": 351005,
                    "image": "https://media.rawg.io/media/screenshots/efa/efa7bcb24865a96775332a46aaadd4cc.jpg"
                },
                {
                    "id": 351006,
                    "image": "https://media.rawg.io/media/screenshots/6fb/6fbc065a338f1599491f59324ab38101.jpg"
                },
                {
                    "id": 351007,
                    "image": "https://media.rawg.io/media/screenshots/a48/a4833e1f49171b4b953689ba447c2760.jpg"
                },
                {
                    "id": 351008,
                    "image": "https://media.rawg.io/media/screenshots/41b/41b9844721a821616f343b15e2428ac4.jpg"
                },
                {
                    "id": 351009,
                    "image": "https://media.rawg.io/media/screenshots/065/06526caf94184d76f67b099c30ee7a06.jpg"
                }
            ],
            "parent_platforms": [
                {
                    "platform": {
                        "id": 1,
                        "name": "PC",
                        "slug": "pc"
                    }
                },
                {
                    "platform": {
                        "id": 4,
                        "name": "iOS",
                        "slug": "ios"
                    }
                },
                {
                    "platform": {
                        "id": 8,
                        "name": "Android",
                        "slug": "android"
                    }
                },
                {
                    "platform": {
                        "id": 5,
                        "name": "Apple Macintosh",
                        "slug": "mac"
                    }
                }
            ],
            "genres": [
                {
                    "id": 10,
                    "name": "Strategy",
                    "slug": "strategy"
                },
                {
                    "id": 14,
                    "name": "Simulation",
                    "slug": "simulation"
                }
            ]
        },
        {
            "slug": "spartan-total-warrior",
            "name": "Spartan: Total Warrior",
            "playtime": 0,
            "platforms": [
                {
                    "platform": {
                        "id": 80,
                        "name": "Xbox",
                        "slug": "xbox-old"
                    }
                },
                {
                    "platform": {
                        "id": 15,
                        "name": "PlayStation 2",
                        "slug": "playstation2"
                    }
                },
                {
                    "platform": {
                        "id": 105,
                        "name": "GameCube",
                        "slug": "gamecube"
                    }
                }
            ],
            "stores": null,
            "released": "2005-10-07",
            "tba": false,
            "background_image": "https://media.rawg.io/media/screenshots/426/426bd6e86abbfe0c90423bff29504ce3.jpg",
            "rating": 4.38,
            "rating_top": 5,
            "ratings": [
                {
                    "id": 5,
                    "title": "exceptional",
                    "count": 9,
                    "percent": 56.25
                },
                {
                    "id": 4,
                    "title": "recommended",
                    "count": 6,
                    "percent": 37.5
                },
                {
                    "id": 1,
                    "title": "skip",
                    "count": 1,
                    "percent": 6.25
                }
            ],
            "ratings_count": 16,
            "reviews_text_count": 0,
            "added": 48,
            "added_by_status": {
                "yet": 5,
                "owned": 7,
                "beaten": 19,
                "toplay": 12,
                "dropped": 5
            },
            "metacritic": null,
            "suggestions_count": 717,
            "updated": "2023-11-22T17:00:51",
            "id": 41665,
            "score": null,
            "clip": null,
            "tags": [
                {
                    "id": 31,
                    "name": "Singleplayer",
                    "slug": "singleplayer",
                    "language": "eng",
                    "games_count": 233540,
                    "image_background": "https://media.rawg.io/media/games/4a0/4a0a1316102366260e6f38fd2a9cfdce.jpg"
                },
                {
                    "id": 92008,
                    "name": "massive battles",
                    "slug": "massive-battles",
                    "language": "eng",
                    "games_count": 34,
                    "image_background": "https://media.rawg.io/media/games/57a/57a0948becfd6472ecc2922e6bc6feaa.jpg"
                }
            ],
            "esrb_rating": null,
            "user_game": null,
            "reviews_count": 16,
            "saturated_color": "0f0f0f",
            "dominant_color": "0f0f0f",
            "short_screenshots": [
                {
                    "id": -1,
                    "image": "https://media.rawg.io/media/screenshots/426/426bd6e86abbfe0c90423bff29504ce3.jpg"
                },
                {
                    "id": 599993,
                    "image": "https://media.rawg.io/media/screenshots/6fe/6fe1e103b0e6bc25cb8cf10906810cd9.jpg"
                },
                {
                    "id": 599994,
                    "image": "https://media.rawg.io/media/screenshots/796/796c63a15c08784ebe5812f4dc5c2b37.jpg"
                },
                {
                    "id": 599995,
                    "image": "https://media.rawg.io/media/screenshots/86e/86e61a47d8cde276a986b7976d5b4074.jpg"
                },
                {
                    "id": 599996,
                    "image": "https://media.rawg.io/media/screenshots/c3d/c3d15a5a5249ab1a4ec545c11494af85.jpg"
                },
                {
                    "id": 599997,
                    "image": "https://media.rawg.io/media/screenshots/367/3678b5cc1b6c71b37bddf2c40d4d6e02.jpg"
                },
                {
                    "id": 599998,
                    "image": "https://media.rawg.io/media/screenshots/bea/beafe150f0123d0173de20b9ee9fd739.jpg"
                }
            ],
            "parent_platforms": [
                {
                    "platform": {
                        "id": 2,
                        "name": "PlayStation",
                        "slug": "playstation"
                    }
                },
                {
                    "platform": {
                        "id": 3,
                        "name": "Xbox",
                        "slug": "xbox"
                    }
                },
                {
                    "platform": {
                        "id": 7,
                        "name": "Nintendo",
                        "slug": "nintendo"
                    }
                }
            ],
            "genres": [
                {
                    "id": 4,
                    "name": "Action",
                    "slug": "action"
                }
            ]
        },
        {
            "slug": "medieval-total-war",
            "name": "Medieval: Total War",
            "playtime": 1,
            "platforms": [
                {
                    "platform": {
                        "id": 4,
                        "name": "PC",
                        "slug": "pc"
                    }
                }
            ],
            "stores": null,
            "released": "2002-08-30",
            "tba": false,
            "background_image": "https://media.rawg.io/media/screenshots/b07/b07008ea5e44380187dfe53456ad67d2.jpg",
            "rating": 4.35,
            "rating_top": 5,
            "ratings": [
                {
                    "id": 5,
                    "title": "exceptional",
                    "count": 21,
                    "percent": 52.5
                },
                {
                    "id": 4,
                    "title": "recommended",
                    "count": 14,
                    "percent": 35.0
                },
                {
                    "id": 3,
                    "title": "meh",
                    "count": 4,
                    "percent": 10.0
                },
                {
                    "id": 1,
                    "title": "skip",
                    "count": 1,
                    "percent": 2.5
                }
            ],
            "ratings_count": 39,
            "reviews_text_count": 0,
            "added": 106,
            "added_by_status": {
                "yet": 11,
                "owned": 29,
                "beaten": 38,
                "toplay": 10,
                "dropped": 17,
                "playing": 1
            },
            "metacritic": 88,
            "suggestions_count": 438,
            "updated": "2025-03-13T15:43:39",
            "id": 32707,
            "score": null,
            "clip": null,
            "tags": [],
            "esrb_rating": null,
            "user_game": null,
            "reviews_count": 40,
            "saturated_color": "0f0f0f",
            "dominant_color": "0f0f0f",
            "short_screenshots": [
                {
                    "id": -1,
                    "image": "https://media.rawg.io/media/screenshots/b07/b07008ea5e44380187dfe53456ad67d2.jpg"
                },
                {
                    "id": 331725,
                    "image": "https://media.rawg.io/media/screenshots/a24/a2476faf053a79ec7095ec3e845cefc8.jpg"
                },
                {
                    "id": 331726,
                    "image": "https://media.rawg.io/media/screenshots/847/847a132c4134a86b2e226616225ca0d2.jpg"
                },
                {
                    "id": 331727,
                    "image": "https://media.rawg.io/media/screenshots/491/491b7565a9e27b3443ec81fb9defd65d.jpg"
                },
                {
                    "id": 331728,
                    "image": "https://media.rawg.io/media/screenshots/332/332aaf914fb3869b01b0c02cecdf238b.jpg"
                },
                {
                    "id": 331729,
                    "image": "https://media.rawg.io/media/screenshots/d79/d79851caac2cd6d8ea101247f5ca2e9a.jpg"
                },
                {
                    "id": 331730,
                    "image": "https://media.rawg.io/media/screenshots/39f/39f85d04ae3e4609f98304f1ab68af91.jpg"
                }
            ],
            "parent_platforms": [
                {
                    "platform": {
                        "id": 1,
                        "name": "PC",
                        "slug": "pc"
                    }
                }
            ],
            "genres": [
                {
                    "id": 10,
                    "name": "Strategy",
                    "slug": "strategy"
                }
            ]
        },
        {
            "slug": "total-war-shogun-2-fall-of-the-samurai",
            "name": "Total War: Shogun 2 - Fall of the Samurai",
            "playtime": 0,
            "platforms": [
                {
                    "platform": {
                        "id": 4,
                        "name": "PC",
                        "slug": "pc"
                    }
                },
                {
                    "platform": {
                        "id": 5,
                        "name": "macOS",
                        "slug": "macos"
                    }
                }
            ],
            "stores": [
                {
                    "store": {
                        "id": 1,
                        "name": "Steam",
                        "slug": "steam"
                    }
                }
            ],
            "released": "2012-03-22",
            "tba": false,
            "background_image": "https://media.rawg.io/media/screenshots/e25/e25ff373d74e3dc79fb60db550881aad.jpeg",
            "rating": 4.33,
            "rating_top": 4,
            "ratings": [
                {
                    "id": 4,
                    "title": "recommended",
                    "count": 8,
                    "percent": 53.33
                },
                {
                    "id": 5,
                    "title": "exceptional",
                    "count": 6,
                    "percent": 40.0
                },
                {
                    "id": 3,
                    "title": "meh",
                    "count": 1,
                    "percent": 6.67
                }
            ],
            "ratings_count": 15,
            "reviews_text_count": 0,
            "added": 53,
            "added_by_status": {
                "yet": 7,
                "owned": 17,
                "beaten": 16,
                "toplay": 5,
                "dropped": 6,
                "playing": 2
            },
            "metacritic": 86,
            "suggestions_count": 594,
            "updated": "2024-12-11T15:15:27",
            "id": 14935,
            "score": null,
            "clip": null,
            "tags": [
                {
                    "id": 31,
                    "name": "Singleplayer",
                    "slug": "singleplayer",
                    "language": "eng",
                    "games_count": 233006,
                    "image_background": "https://media.rawg.io/media/games/20a/20aa03a10cda45239fe22d035c0ebe64.jpg"
                },
                {
                    "id": 7,
                    "name": "Multiplayer",
                    "slug": "multiplayer",
                    "language": "eng",
                    "games_count": 39626,
                    "image_background": "https://media.rawg.io/media/games/4a0/4a0a1316102366260e6f38fd2a9cfdce.jpg"
                },
                {
                    "id": 42,
                    "name": "Great Soundtrack",
                    "slug": "great-soundtrack",
                    "language": "eng",
                    "games_count": 3415,
                    "image_background": "https://media.rawg.io/media/games/b8c/b8c243eaa0fbac8115e0cdccac3f91dc.jpg"
                },
                {
                    "id": 18,
                    "name": "Co-op",
                    "slug": "co-op",
                    "language": "eng",
                    "games_count": 12594,
                    "image_background": "https://media.rawg.io/media/games/da1/da1b267764d77221f07a4386b6548e5a.jpg"
                },
                {
                    "id": 9,
                    "name": "Online Co-Op",
                    "slug": "online-co-op",
                    "language": "eng",
                    "games_count": 6330,
                    "image_background": "https://media.rawg.io/media/games/49c/49c3dfa4ce2f6f140cc4825868e858cb.jpg"
                },
                {
                    "id": 70,
                    "name": "War",
                    "slug": "war",
                    "language": "eng",
                    "games_count": 9574,
                    "image_background": "https://media.rawg.io/media/games/f14/f1422eacab98c5f85a5123da4e9d9e89.jpg"
                },
                {
                    "id": 89,
                    "name": "Historical",
                    "slug": "historical",
                    "language": "eng",
                    "games_count": 3475,
                    "image_background": "https://media.rawg.io/media/games/bff/bff077fb7c3b037bd5ed920bf447c863.jpg"
                },
                {
                    "id": 168,
                    "name": "RTS",
                    "slug": "rts",
                    "language": "eng",
                    "games_count": 2539,
                    "image_background": "https://media.rawg.io/media/games/725/725d08c4174c129ce5275c43cd0347c6.jpg"
                },
                {
                    "id": 101,
                    "name": "Turn-Based Strategy",
                    "slug": "turn-based-strategy",
                    "language": "eng",
                    "games_count": 5650,
                    "image_background": "https://media.rawg.io/media/games/800/800d07ca648a9778a8230f40088e0866.jpg"
                },
                {
                    "id": 100,
                    "name": "Grand Strategy",
                    "slug": "grand-strategy",
                    "language": "eng",
                    "games_count": 815,
                    "image_background": "https://media.rawg.io/media/screenshots/65c/65c9c15e274705b5fe343e424ce76ec8.jpg"
                },
                {
                    "id": 186,
                    "name": "Ninja",
                    "slug": "ninja",
                    "language": "eng",
                    "games_count": 2414,
                    "image_background": "https://media.rawg.io/media/games/dbb/dbba6100aae179b5f24052c9141d426d.jpg"
                }
            ],
            "esrb_rating": null,
            "user_game": null,
            "reviews_count": 15,
            "saturated_color": "0f0f0f",
            "dominant_color": "0f0f0f",
            "short_screenshots": [
                {
                    "id": -1,
                    "image": "https://media.rawg.io/media/screenshots/e25/e25ff373d74e3dc79fb60db550881aad.jpeg"
                },
                {
                    "id": 131136,
                    "image": "https://media.rawg.io/media/screenshots/338/3384c6182a1090174a8ac48f30199235.jpg"
                },
                {
                    "id": 131137,
                    "image": "https://media.rawg.io/media/screenshots/cfa/cfa608332a15f35a708f23920d0c724a.jpg"
                },
                {
                    "id": 131138,
                    "image": "https://media.rawg.io/media/screenshots/6ee/6eeef372e603013d4aa6673b5e74b5fa.jpg"
                },
                {
                    "id": 131139,
                    "image": "https://media.rawg.io/media/screenshots/3a3/3a3a1ee50743074cb46806d899f254b1.jpg"
                },
                {
                    "id": 131140,
                    "image": "https://media.rawg.io/media/screenshots/e2c/e2c4342420eeaba2b1fe2072314f49f7.jpg"
                },
                {
                    "id": 131141,
                    "image": "https://media.rawg.io/media/screenshots/87a/87a63acb7aeb16a9be8ec97955abca63.jpg"
                }
            ],
            "parent_platforms": [
                {
                    "platform": {
                        "id": 1,
                        "name": "PC",
                        "slug": "pc"
                    }
                },
                {
                    "platform": {
                        "id": 5,
                        "name": "Apple Macintosh",
                        "slug": "mac"
                    }
                }
            ],
            "genres": [
                {
                    "id": 10,
                    "name": "Strategy",
                    "slug": "strategy"
                }
            ]
        },
        {
            "slug": "total-war-warhammer-ii",
            "name": "Total War: WARHAMMER II",
            "playtime": 14,
            "platforms": [
                {
                    "platform": {
                        "id": 4,
                        "name": "PC",
                        "slug": "pc"
                    }
                },
                {
                    "platform": {
                        "id": 5,
                        "name": "macOS",
                        "slug": "macos"
                    }
                },
                {
                    "platform": {
                        "id": 6,
                        "name": "Linux",
                        "slug": "linux"
                    }
                }
            ],
            "stores": [
                {
                    "store": {
                        "id": 1,
                        "name": "Steam",
                        "slug": "steam"
                    }
                },
                {
                    "store": {
                        "id": 11,
                        "name": "Epic Games",
                        "slug": "epic-games"
                    }
                }
            ],
            "released": "2017-09-28",
            "tba": false,
            "background_image": "https://media.rawg.io/media/games/a20/a20d2e07179b4a71dd5276a5c4cc0f61.jpg",
            "rating": 4.33,
            "rating_top": 5,
            "ratings": [
                {
                    "id": 5,
                    "title": "exceptional",
                    "count": 119,
                    "percent": 48.37
                },
                {
                    "id": 4,
                    "title": "recommended",
                    "count": 103,
                    "percent": 41.87
                },
                {
                    "id": 3,
                    "title": "meh",
                    "count": 17,
                    "percent": 6.91
                },
                {
                    "id": 1,
                    "title": "skip",
                    "count": 7,
                    "percent": 2.85
                }
            ],
            "ratings_count": 242,
            "reviews_text_count": 3,
            "added": 1529,
            "added_by_status": {
                "yet": 94,
                "owned": 1131,
                "beaten": 107,
                "toplay": 59,
                "dropped": 78,
                "playing": 60
            },
            "metacritic": 86,
            "suggestions_count": 323,
            "updated": "2025-01-14T08:54:56",
            "id": 9981,
            "score": null,
            "clip": null,
            "tags": [
                {
                    "id": 31,
                    "name": "Singleplayer",
                    "slug": "singleplayer",
                    "language": "eng",
                    "games_count": 236399,
                    "image_background": "https://media.rawg.io/media/games/20a/20aa03a10cda45239fe22d035c0ebe64.jpg"
                },
                {
                    "id": 42396,
                    "name": "Для одного игрока",
                    "slug": "dlia-odnogo-igroka",
                    "language": "rus",
                    "games_count": 59009,
                    "image_background": "https://media.rawg.io/media/games/b7b/b7b8381707152afc7d91f5d95de70e39.jpg"
                },
                {
                    "id": 42417,
                    "name": "Экшен",
                    "slug": "ekshen",
                    "language": "rus",
                    "games_count": 44970,
                    "image_background": "https://media.rawg.io/media/games/4a0/4a0a1316102366260e6f38fd2a9cfdce.jpg"
                },
                {
                    "id": 40847,
                    "name": "Steam Achievements",
                    "slug": "steam-achievements",
                    "language": "eng",
                    "games_count": 44039,
                    "image_background": "https://media.rawg.io/media/games/2ba/2bac0e87cf45e5b508f227d281c9252a.jpg"
                },
                {
                    "id": 7,
                    "name": "Multiplayer",
                    "slug": "multiplayer",
                    "language": "eng",
                    "games_count": 40195,
                    "image_background": "https://media.rawg.io/media/games/6c5/6c55e22185876626881b76c11922b073.jpg"
                },
                {
                    "id": 13,
                    "name": "Atmospheric",
                    "slug": "atmospheric",
                    "language": "eng",
                    "games_count": 36246,
                    "image_background": "https://media.rawg.io/media/games/562/562553814dd54e001a541e4ee83a591c.jpg"
                },
                {
                    "id": 42425,
                    "name": "Для нескольких игроков",
                    "slug": "dlia-neskolkikh-igrokov",
                    "language": "rus",
                    "games_count": 11306,
                    "image_background": "https://media.rawg.io/media/games/6fc/6fcf4cd3b17c288821388e6085bb0fc9.jpg"
                },
                {
                    "id": 42400,
                    "name": "Атмосфера",
                    "slug": "atmosfera",
                    "language": "rus",
                    "games_count": 6083,
                    "image_background": "https://media.rawg.io/media/games/942/9424d6bb763dc38d9378b488603c87fa.jpg"
                },
                {
                    "id": 42401,
                    "name": "Отличный саундтрек",
                    "slug": "otlichnyi-saundtrek",
                    "language": "rus",
                    "games_count": 4645,
                    "image_background": "https://media.rawg.io/media/games/7cf/7cfc9220b401b7a300e409e539c9afd5.jpg"
                },
                {
                    "id": 42394,
                    "name": "Глубокий сюжет",
                    "slug": "glubokii-siuzhet",
                    "language": "rus",
                    "games_count": 15104,
                    "image_background": "https://media.rawg.io/media/games/da1/da1b267764d77221f07a4386b6548e5a.jpg"
                },
                {
                    "id": 42421,
                    "name": "Стратегия",
                    "slug": "strategiia",
                    "language": "rus",
                    "games_count": 21532,
                    "image_background": "https://media.rawg.io/media/games/1bd/1bd2657b81eb0c99338120ad444b24ff.jpg"
                },
                {
                    "id": 411,
                    "name": "cooperative",
                    "slug": "cooperative",
                    "language": "eng",
                    "games_count": 5738,
                    "image_background": "https://media.rawg.io/media/games/f87/f87457e8347484033cb34cde6101d08d.jpg"
                },
                {
                    "id": 42480,
                    "name": "Фэнтези",
                    "slug": "fentezi",
                    "language": "rus",
                    "games_count": 14019,
                    "image_background": "https://media.rawg.io/media/screenshots/c97/c97b943741f5fbc936fe054d9d58851d.jpg"
                },
                {
                    "id": 64,
                    "name": "Fantasy",
                    "slug": "fantasy",
                    "language": "eng",
                    "games_count": 30264,
                    "image_background": "https://media.rawg.io/media/games/6cd/6cd653e0aaef5ff8bbd295bf4bcb12eb.jpg"
                },
                {
                    "id": 42436,
                    "name": "Тактика",
                    "slug": "taktika",
                    "language": "rus",
                    "games_count": 4411,
                    "image_background": "https://media.rawg.io/media/games/16b/16b1b7b36e2042d1128d5a3e852b3b2f.jpg"
                },
                {
                    "id": 42424,
                    "name": "Пошаговая",
                    "slug": "poshagovaia",
                    "language": "rus",
                    "games_count": 1834,
                    "image_background": "https://media.rawg.io/media/games/8ca/8ca40b562a755d6a0e30d48e6c74b178.jpg"
                },
                {
                    "id": 70,
                    "name": "War",
                    "slug": "war",
                    "language": "eng",
                    "games_count": 9686,
                    "image_background": "https://media.rawg.io/media/games/2fd/2fd1b58116b10cc1f4442bee5593ca7c.jpg"
                },
                {
                    "id": 102,
                    "name": "Turn-Based",
                    "slug": "turn-based",
                    "language": "eng",
                    "games_count": 5455,
                    "image_background": "https://media.rawg.io/media/games/8ca/8ca40b562a755d6a0e30d48e6c74b178.jpg"
                },
                {
                    "id": 42430,
                    "name": "Война",
                    "slug": "voina",
                    "language": "rus",
                    "games_count": 2784,
                    "image_background": "https://media.rawg.io/media/games/b49/b4912b5dbfc7ed8927b65f05b8507f6c.jpg"
                },
                {
                    "id": 42506,
                    "name": "Тёмное фэнтези",
                    "slug": "tiomnoe-fentezi",
                    "language": "rus",
                    "games_count": 3612,
                    "image_background": "https://media.rawg.io/media/games/63f/63f0e68688cad279ed38cde931dbfcdb.jpg"
                },
                {
                    "id": 42426,
                    "name": "Пошаговая стратегия",
                    "slug": "poshagovaia-strategiia",
                    "language": "rus",
                    "games_count": 3925,
                    "image_background": "https://media.rawg.io/media/games/0d4/0d4e5446db732e2fcce34d1dcb4dd914.jpg"
                },
                {
                    "id": 42503,
                    "name": "Стратегия в реальном времени",
                    "slug": "strategiia-v-realnom-vremeni",
                    "language": "rus",
                    "games_count": 2171,
                    "image_background": "https://media.rawg.io/media/games/fcf/fcf81e19683092d40d519a6d6a9bcf6e.jpg"
                },
                {
                    "id": 168,
                    "name": "RTS",
                    "slug": "rts",
                    "language": "eng",
                    "games_count": 2625,
                    "image_background": "https://media.rawg.io/media/games/fcf/fcf81e19683092d40d519a6d6a9bcf6e.jpg"
                },
                {
                    "id": 101,
                    "name": "Turn-Based Strategy",
                    "slug": "turn-based-strategy",
                    "language": "eng",
                    "games_count": 5831,
                    "image_background": "https://media.rawg.io/media/screenshots/7f8/7f8b58994fc420fefaa5fb9992335a11.jpg"
                },
                {
                    "id": 100,
                    "name": "Grand Strategy",
                    "slug": "grand-strategy",
                    "language": "eng",
                    "games_count": 847,
                    "image_background": "https://media.rawg.io/media/games/3d2/3d260e4aaeb88b7ac53c81040ac4b80c.jpg"
                },
                {
                    "id": 42519,
                    "name": "Глобальная стратегия",
                    "slug": "globalnaia-strategiia",
                    "language": "rus",
                    "games_count": 886,
                    "image_background": "https://media.rawg.io/media/games/b28/b2813f31d36b83d2e8d4e246a2cfcbe2.jpg"
                },
                {
                    "id": 42585,
                    "name": "Тактика в реальном времени",
                    "slug": "taktika-v-realnom-vremeni",
                    "language": "rus",
                    "games_count": 1997,
                    "image_background": "https://media.rawg.io/media/games/389/389355994024b6b2a2becd960e13b5b1.jpg"
                },
                {
                    "id": 126,
                    "name": "Dinosaurs",
                    "slug": "dinosaurs",
                    "language": "eng",
                    "games_count": 1773,
                    "image_background": "https://media.rawg.io/media/games/17b/17bcf0d95af7f341adbfa5eaab2841a5.jpg"
                },
                {
                    "id": 42651,
                    "name": "Динозавры",
                    "slug": "dinozavry",
                    "language": "rus",
                    "games_count": 430,
                    "image_background": "https://media.rawg.io/media/screenshots/61f/61f183e3d12c7846ed6bd3c027a9fa47.jpg"
                },
                {
                    "id": 29,
                    "name": "Games Workshop",
                    "slug": "games-workshop",
                    "language": "eng",
                    "games_count": 85,
                    "image_background": "https://media.rawg.io/media/games/2ac/2ac6a47029ea0e215ece015db1ff7722.jpg"
                },
                {
                    "id": 27,
                    "name": "Warhammer 40K",
                    "slug": "warhammer-40k",
                    "language": "eng",
                    "games_count": 76,
                    "image_background": "https://media.rawg.io/media/screenshots/6f3/6f3855fc42784a7da7bdc4cf325b0d30.jpg"
                }
            ],
            "esrb_rating": null,
            "user_game": null,
            "reviews_count": 246,
            "saturated_color": "0f0f0f",
            "dominant_color": "0f0f0f",
            "short_screenshots": [
                {
                    "id": -1,
                    "image": "https://media.rawg.io/media/games/a20/a20d2e07179b4a71dd5276a5c4cc0f61.jpg"
                },
                {
                    "id": 75312,
                    "image": "https://media.rawg.io/media/screenshots/e02/e02204aea271d2b78633d9a3a5b7fd5f.jpg"
                },
                {
                    "id": 75313,
                    "image": "https://media.rawg.io/media/screenshots/b56/b56842d1300c2bab05c8f278fd250593.jpg"
                },
                {
                    "id": 75314,
                    "image": "https://media.rawg.io/media/screenshots/876/87608d8138e72f1106ececbc47f49ae0.jpg"
                },
                {
                    "id": 75315,
                    "image": "https://media.rawg.io/media/screenshots/68b/68b21d51058940bd4dbdbaee09627abb.jpg"
                },
                {
                    "id": 75316,
                    "image": "https://media.rawg.io/media/screenshots/04d/04d8a6b0b9faa933717b6d4185a9b472.jpg"
                }
            ],
            "parent_platforms": [
                {
                    "platform": {
                        "id": 1,
                        "name": "PC",
                        "slug": "pc"
                    }
                },
                {
                    "platform": {
                        "id": 5,
                        "name": "Apple Macintosh",
                        "slug": "mac"
                    }
                },
                {
                    "platform": {
                        "id": 6,
                        "name": "Linux",
                        "slug": "linux"
                    }
                }
            ],
            "genres": [
                {
                    "id": 10,
                    "name": "Strategy",
                    "slug": "strategy"
                },
                {
                    "id": 4,
                    "name": "Action",
                    "slug": "action"
                }
            ]
        },
        {
            "slug": "rome-total-war-barbarian-invasion",
            "name": "ROME: Total War - Barbarian Invasion",
            "playtime": 0,
            "platforms": [
                {
                    "platform": {
                        "id": 4,
                        "name": "PC",
                        "slug": "pc"
                    }
                },
                {
                    "platform": {
                        "id": 3,
                        "name": "iOS",
                        "slug": "ios"
                    }
                },
                {
                    "platform": {
                        "id": 21,
                        "name": "Android",
                        "slug": "android"
                    }
                }
            ],
            "stores": [
                {
                    "store": {
                        "id": 4,
                        "name": "App Store",
                        "slug": "apple-appstore"
                    }
                },
                {
                    "store": {
                        "id": 8,
                        "name": "Google Play",
                        "slug": "google-play"
                    }
                }
            ],
            "released": "2005-09-27",
            "tba": false,
            "background_image": "https://media.rawg.io/media/screenshots/af3/af31fcd6cb1c3b68c3ebef95a209ebc4.jpeg",
            "rating": 4.33,
            "rating_top": 5,
            "ratings": [
                {
                    "id": 5,
                    "title": "exceptional",
                    "count": 17,
                    "percent": 62.96
                },
                {
                    "id": 4,
                    "title": "recommended",
                    "count": 6,
                    "percent": 22.22
                },
                {
                    "id": 3,
                    "title": "meh",
                    "count": 2,
                    "percent": 7.41
                },
                {
                    "id": 1,
                    "title": "skip",
                    "count": 2,
                    "percent": 7.41
                }
            ],
            "ratings_count": 27,
            "reviews_text_count": 0,
            "added": 62,
            "added_by_status": {
                "yet": 3,
                "owned": 21,
                "beaten": 28,
                "toplay": 4,
                "dropped": 4,
                "playing": 2
            },
            "metacritic": null,
            "suggestions_count": 479,
            "updated": "2024-03-13T20:57:20",
            "id": 336,
            "score": null,
            "clip": null,
            "tags": [
                {
                    "id": 70,
                    "name": "War",
                    "slug": "war",
                    "language": "eng",
                    "games_count": 9635,
                    "image_background": "https://media.rawg.io/media/games/c81/c812e158129e00c9b0f096ae8a0bb7d6.jpg"
                },
                {
                    "id": 2129,
                    "name": "interactive",
                    "slug": "interactive",
                    "language": "eng",
                    "games_count": 473,
                    "image_background": "https://media.rawg.io/media/screenshots/cba/cbacf036f4d93eecc45db7c83a90e3f7.jpg"
                },
                {
                    "id": 6033,
                    "name": "smash",
                    "slug": "smash",
                    "language": "eng",
                    "games_count": 1791,
                    "image_background": "https://media.rawg.io/media/screenshots/8d7/8d79e0742fef9106089f04c7c7fdcb51.jpg"
                }
            ],
            "esrb_rating": {
                "id": 3,
                "name": "Teen",
                "slug": "teen",
                "name_en": "Teen",
                "name_ru": "С 13 лет"
            },
            "user_game": null,
            "reviews_count": 27,
            "saturated_color": "0f0f0f",
            "dominant_color": "0f0f0f",
            "short_screenshots": [
                {
                    "id": -1,
                    "image": "https://media.rawg.io/media/screenshots/af3/af31fcd6cb1c3b68c3ebef95a209ebc4.jpeg"
                },
                {
                    "id": 426321,
                    "image": "https://media.rawg.io/media/screenshots/d18/d18f3a7ad896ec2d0d1f62ddc1b71574.jpg"
                },
                {
                    "id": 426322,
                    "image": "https://media.rawg.io/media/screenshots/812/812f940847272c4d9e228307cfa3ac81.jpg"
                },
                {
                    "id": 426323,
                    "image": "https://media.rawg.io/media/screenshots/72e/72e3b8298e6c8159a818ba7055dc8b36.jpg"
                },
                {
                    "id": 426324,
                    "image": "https://media.rawg.io/media/screenshots/2ce/2cef3abf6bad10de328cb37fc6d2a37a.jpg"
                },
                {
                    "id": 426325,
                    "image": "https://media.rawg.io/media/screenshots/9ff/9ff9e37d59c6690aa7695c9cf976f53a.jpg"
                },
                {
                    "id": 426326,
                    "image": "https://media.rawg.io/media/screenshots/4fa/4fa512356be6d4b659c64108acd4af19_AbmwALU.jpg"
                }
            ],
            "parent_platforms": [
                {
                    "platform": {
                        "id": 1,
                        "name": "PC",
                        "slug": "pc"
                    }
                },
                {
                    "platform": {
                        "id": 4,
                        "name": "iOS",
                        "slug": "ios"
                    }
                },
                {
                    "platform": {
                        "id": 8,
                        "name": "Android",
                        "slug": "android"
                    }
                }
            ],
            "genres": [
                {
                    "id": 10,
                    "name": "Strategy",
                    "slug": "strategy"
                },
                {
                    "id": 14,
                    "name": "Simulation",
                    "slug": "simulation"
                }
            ]
        },
        {
            "slug": "medieval-ii-total-war-kingdoms",
            "name": "Medieval II: Total War Kingdoms",
            "playtime": 119,
            "platforms": [
                {
                    "platform": {
                        "id": 4,
                        "name": "PC",
                        "slug": "pc"
                    }
                },
                {
                    "platform": {
                        "id": 5,
                        "name": "macOS",
                        "slug": "macos"
                    }
                },
                {
                    "platform": {
                        "id": 6,
                        "name": "Linux",
                        "slug": "linux"
                    }
                }
            ],
            "stores": [
                {
                    "store": {
                        "id": 1,
                        "name": "Steam",
                        "slug": "steam"
                    }
                }
            ],
            "released": "2007-11-27",
            "tba": false,
            "background_image": "https://media.rawg.io/media/screenshots/592/5926084b09f8164a7a270ebac79bfc0e.jpg",
            "rating": 4.29,
            "rating_top": 5,
            "ratings": [
                {
                    "id": 5,
                    "title": "exceptional",
                    "count": 11,
                    "percent": 52.38
                },
                {
                    "id": 4,
                    "title": "recommended",
                    "count": 7,
                    "percent": 33.33
                },
                {
                    "id": 3,
                    "title": "meh",
                    "count": 2,
                    "percent": 9.52
                },
                {
                    "id": 1,
                    "title": "skip",
                    "count": 1,
                    "percent": 4.76
                }
            ],
            "ratings_count": 21,
            "reviews_text_count": 0,
            "added": 94,
            "added_by_status": {
                "yet": 12,
                "owned": 35,
                "beaten": 27,
                "toplay": 10,
                "dropped": 8,
                "playing": 2
            },
            "metacritic": 85,
            "suggestions_count": 638,
            "updated": "2024-11-02T23:11:37",
            "id": 14927,
            "score": null,
            "clip": null,
            "tags": [
                {
                    "id": 31,
                    "name": "Singleplayer",
                    "slug": "singleplayer",
                    "language": "eng",
                    "games_count": 234389,
                    "image_background": "https://media.rawg.io/media/games/7fa/7fa0b586293c5861ee32490e953a4996.jpg"
                },
                {
                    "id": 7,
                    "name": "Multiplayer",
                    "slug": "multiplayer",
                    "language": "eng",
                    "games_count": 39845,
                    "image_background": "https://media.rawg.io/media/games/960/960b601d9541cec776c5fa42a00bf6c4.jpg"
                },
                {
                    "id": 62,
                    "name": "Moddable",
                    "slug": "moddable",
                    "language": "eng",
                    "games_count": 1002,
                    "image_background": "https://media.rawg.io/media/games/7a2/7a2500ee8b2c0e1ff268bb4479463dea.jpg"
                },
                {
                    "id": 102,
                    "name": "Turn-Based",
                    "slug": "turn-based",
                    "language": "eng",
                    "games_count": 5437,
                    "image_background": "https://media.rawg.io/media/screenshots/0a6/0a62ee096ef629d5c3c44cc4bcc8cbb5.jpg"
                },
                {
                    "id": 89,
                    "name": "Historical",
                    "slug": "historical",
                    "language": "eng",
                    "games_count": 3519,
                    "image_background": "https://media.rawg.io/media/games/bff/bff077fb7c3b037bd5ed920bf447c863.jpg"
                },
                {
                    "id": 66,
                    "name": "Medieval",
                    "slug": "medieval",
                    "language": "eng",
                    "games_count": 7077,
                    "image_background": "https://media.rawg.io/media/games/d09/d096ad37b7f522e11c02848252213a9a.jpg"
                },
                {
                    "id": 168,
                    "name": "RTS",
                    "slug": "rts",
                    "language": "eng",
                    "games_count": 2581,
                    "image_background": "https://media.rawg.io/media/games/d1e/d1e70ce3762efcfc170c6bd067d7e9e3.jpg"
                },
                {
                    "id": 101,
                    "name": "Turn-Based Strategy",
                    "slug": "turn-based-strategy",
                    "language": "eng",
                    "games_count": 5715,
                    "image_background": "https://media.rawg.io/media/games/0d4/0d4e5446db732e2fcce34d1dcb4dd914.jpg"
                },
                {
                    "id": 100,
                    "name": "Grand Strategy",
                    "slug": "grand-strategy",
                    "language": "eng",
                    "games_count": 828,
                    "image_background": "https://media.rawg.io/media/games/f1c/f1c816c29db3b394d915101eaa09808a.jpg"
                }
            ],
            "esrb_rating": null,
            "user_game": null,
            "reviews_count": 21,
            "saturated_color": "0f0f0f",
            "dominant_color": "0f0f0f",
            "short_screenshots": [
                {
                    "id": -1,
                    "image": "https://media.rawg.io/media/screenshots/592/5926084b09f8164a7a270ebac79bfc0e.jpg"
                },
                {
                    "id": 130991,
                    "image": "https://media.rawg.io/media/screenshots/a8d/a8d9965fd0cbeeb8c408ca7d723acf47.jpg"
                },
                {
                    "id": 130992,
                    "image": "https://media.rawg.io/media/screenshots/da8/da8a1561fa672e6232958adeefac5728.jpg"
                },
                {
                    "id": 130993,
                    "image": "https://media.rawg.io/media/screenshots/f30/f306f9b06c1f7f751d1441117544c8a7.jpg"
                },
                {
                    "id": 130994,
                    "image": "https://media.rawg.io/media/screenshots/a37/a37e12bd2cca8eb838ae50025773ade3.jpg"
                },
                {
                    "id": 130995,
                    "image": "https://media.rawg.io/media/screenshots/1eb/1ebc4d5555badbcbde3a78790021f171.jpg"
                },
                {
                    "id": 130996,
                    "image": "https://media.rawg.io/media/screenshots/3a1/3a1667e393397e70371f4432f88f7e91.jpg"
                }
            ],
            "parent_platforms": [
                {
                    "platform": {
                        "id": 1,
                        "name": "PC",
                        "slug": "pc"
                    }
                },
                {
                    "platform": {
                        "id": 5,
                        "name": "Apple Macintosh",
                        "slug": "mac"
                    }
                },
                {
                    "platform": {
                        "id": 6,
                        "name": "Linux",
                        "slug": "linux"
                    }
                }
            ],
            "genres": [
                {
                    "id": 10,
                    "name": "Strategy",
                    "slug": "strategy"
                }
            ]
        },
        {
            "slug": "medieval-2-total-war",
            "name": "Medieval 2: Total War",
            "playtime": 0,
            "platforms": [
                {
                    "platform": {
                        "id": 4,
                        "name": "PC",
                        "slug": "pc"
                    }
                }
            ],
            "stores": null,
            "released": "2006-11-14",
            "tba": false,
            "background_image": "https://media.rawg.io/media/screenshots/316/3167e4af403998733340435cbac726e6.jpg",
            "rating": 4.22,
            "rating_top": 5,
            "ratings": [
                {
                    "id": 5,
                    "title": "exceptional",
                    "count": 13,
                    "percent": 56.52
                },
                {
                    "id": 4,
                    "title": "recommended",
                    "count": 6,
                    "percent": 26.09
                },
                {
                    "id": 3,
                    "title": "meh",
                    "count": 2,
                    "percent": 8.7
                },
                {
                    "id": 1,
                    "title": "skip",
                    "count": 2,
                    "percent": 8.7
                }
            ],
            "ratings_count": 23,
            "reviews_text_count": 0,
            "added": 57,
            "added_by_status": {
                "yet": 6,
                "owned": 17,
                "beaten": 23,
                "toplay": 5,
                "dropped": 6
            },
            "metacritic": null,
            "suggestions_count": 616,
            "updated": "2024-09-27T13:37:39",
            "id": 37166,
            "score": null,
            "clip": null,
            "tags": [],
            "esrb_rating": null,
            "user_game": null,
            "reviews_count": 23,
            "saturated_color": "0f0f0f",
            "dominant_color": "0f0f0f",
            "short_screenshots": [
                {
                    "id": -1,
                    "image": "https://media.rawg.io/media/screenshots/316/3167e4af403998733340435cbac726e6.jpg"
                },
                {
                    "id": 444403,
                    "image": "https://media.rawg.io/media/screenshots/4fb/4fb5eaaa6f1a85733a9edb149c6573b4.jpg"
                },
                {
                    "id": 444404,
                    "image": "https://media.rawg.io/media/screenshots/762/762a4a8c67dbecf58fd0cad41c6238c3.jpg"
                },
                {
                    "id": 444405,
                    "image": "https://media.rawg.io/media/screenshots/df0/df0b9c4a9449f9e9eb44921f1e284b73_1gikJfo.jpg"
                },
                {
                    "id": 444406,
                    "image": "https://media.rawg.io/media/screenshots/dc4/dc4e9871e59a1b5c0c3e8778651a9042.jpg"
                },
                {
                    "id": 444407,
                    "image": "https://media.rawg.io/media/screenshots/051/051e92fc6d3f806351cdcd9a5f4ceea9.jpg"
                },
                {
                    "id": 444408,
                    "image": "https://media.rawg.io/media/screenshots/e3d/e3dbc28f10400fe4113f9d72be80c557.jpg"
                }
            ],
            "parent_platforms": [
                {
                    "platform": {
                        "id": 1,
                        "name": "PC",
                        "slug": "pc"
                    }
                }
            ],
            "genres": [
                {
                    "id": 10,
                    "name": "Strategy",
                    "slug": "strategy"
                }
            ]
        },
        {
            "slug": "alien-isolation",
            "name": "Alien: Isolation",
            "playtime": 4,
            "platforms": [
                {
                    "platform": {
                        "id": 4,
                        "name": "PC",
                        "slug": "pc"
                    }
                },
                {
                    "platform": {
                        "id": 1,
                        "name": "Xbox One",
                        "slug": "xbox-one"
                    }
                },
                {
                    "platform": {
                        "id": 18,
                        "name": "PlayStation 4",
                        "slug": "playstation4"
                    }
                },
                {
                    "platform": {
                        "id": 7,
                        "name": "Nintendo Switch",
                        "slug": "nintendo-switch"
                    }
                },
                {
                    "platform": {
                        "id": 3,
                        "name": "iOS",
                        "slug": "ios"
                    }
                },
                {
                    "platform": {
                        "id": 21,
                        "name": "Android",
                        "slug": "android"
                    }
                }
            ],
            "stores": [
                {
                    "store": {
                        "id": 1,
                        "name": "Steam",
                        "slug": "steam"
                    }
                },
                {
                    "store": {
                        "id": 3,
                        "name": "PlayStation Store",
                        "slug": "playstation-store"
                    }
                },
                {
                    "store": {
                        "id": 2,
                        "name": "Xbox Store",
                        "slug": "xbox-store"
                    }
                },
                {
                    "store": {
                        "id": 4,
                        "name": "App Store",
                        "slug": "apple-appstore"
                    }
                },
                {
                    "store": {
                        "id": 5,
                        "name": "GOG",
                        "slug": "gog"
                    }
                },
                {
                    "store": {
                        "id": 6,
                        "name": "Nintendo Store",
                        "slug": "nintendo"
                    }
                },
                {
                    "store": {
                        "id": 7,
                        "name": "Xbox 360 Store",
                        "slug": "xbox360"
                    }
                },
                {
                    "store": {
                        "id": 8,
                        "name": "Google Play",
                        "slug": "google-play"
                    }
                },
                {
                    "store": {
                        "id": 11,
                        "name": "Epic Games",
                        "slug": "epic-games"
                    }
                }
            ],
            "released": "2014-10-05",
            "tba": false,
            "background_image": "https://media.rawg.io/media/games/daa/daaee07fcb40744d90cf8142f94a241f.jpg",
            "rating": 4.2,
            "rating_top": 5,
            "ratings": [
                {
                    "id": 5,
                    "title": "exceptional",
                    "count": 656,
                    "percent": 45.43
                },
                {
                    "id": 4,
                    "title": "recommended",
                    "count": 564,
                    "percent": 39.06
                },
                {
                    "id": 3,
                    "title": "meh",
                    "count": 155,
                    "percent": 10.73
                },
                {
                    "id": 1,
                    "title": "skip",
                    "count": 69,
                    "percent": 4.78
                }
            ],
            "ratings_count": 1431,
            "reviews_text_count": 7,
            "added": 8081,
            "added_by_status": {
                "yet": 642,
                "owned": 5460,
                "beaten": 884,
                "toplay": 329,
                "dropped": 605,
                "playing": 161
            },
            "metacritic": 81,
            "suggestions_count": 539,
            "updated": "2025-03-12T20:46:47",
            "id": 3556,
            "score": null,
            "clip": null,
            "tags": [
                {
                    "id": 31,
                    "name": "Singleplayer",
                    "slug": "singleplayer",
                    "language": "eng",
                    "games_count": 236808,
                    "image_background": "https://media.rawg.io/media/games/4be/4be6a6ad0364751a96229c56bf69be59.jpg"
                },
                {
                    "id": 42396,
                    "name": "Для одного игрока",
                    "slug": "dlia-odnogo-igroka",
                    "language": "rus",
                    "games_count": 59339,
                    "image_background": "https://media.rawg.io/media/games/49c/49c3dfa4ce2f6f140cc4825868e858cb.jpg"
                },
                {
                    "id": 42417,
                    "name": "Экшен",
                    "slug": "ekshen",
                    "language": "rus",
                    "games_count": 45143,
                    "image_background": "https://media.rawg.io/media/games/b45/b45575f34285f2c4479c9a5f719d972e.jpg"
                },
                {
                    "id": 42392,
                    "name": "Приключение",
                    "slug": "prikliuchenie",
                    "language": "rus",
                    "games_count": 43383,
                    "image_background": "https://media.rawg.io/media/games/d82/d82990b9c67ba0d2d09d4e6fa88885a7.jpg"
                },
                {
                    "id": 40847,
                    "name": "Steam Achievements",
                    "slug": "steam-achievements",
                    "language": "eng",
                    "games_count": 44261,
                    "image_background": "https://media.rawg.io/media/games/b8c/b8c243eaa0fbac8115e0cdccac3f91dc.jpg"
                },
                {
                    "id": 40836,
                    "name": "Full controller support",
                    "slug": "full-controller-support",
                    "language": "eng",
                    "games_count": 20885,
                    "image_background": "https://media.rawg.io/media/games/562/562553814dd54e001a541e4ee83a591c.jpg"
                },
                {
                    "id": 40849,
                    "name": "Steam Cloud",
                    "slug": "steam-cloud",
                    "language": "eng",
                    "games_count": 21355,
                    "image_background": "https://media.rawg.io/media/games/be0/be01c3d7d8795a45615da139322ca080.jpg"
                },
                {
                    "id": 13,
                    "name": "Atmospheric",
                    "slug": "atmospheric",
                    "language": "eng",
                    "games_count": 36334,
                    "image_background": "https://media.rawg.io/media/games/b45/b45575f34285f2c4479c9a5f719d972e.jpg"
                },
                {
                    "id": 42400,
                    "name": "Атмосфера",
                    "slug": "atmosfera",
                    "language": "rus",
                    "games_count": 6083,
                    "image_background": "https://media.rawg.io/media/games/7fa/7fa0b586293c5861ee32490e953a4996.jpg"
                },
                {
                    "id": 42401,
                    "name": "Отличный саундтрек",
                    "slug": "otlichnyi-saundtrek",
                    "language": "rus",
                    "games_count": 4645,
                    "image_background": "https://media.rawg.io/media/games/7cf/7cfc9220b401b7a300e409e539c9afd5.jpg"
                },
                {
                    "id": 42,
                    "name": "Great Soundtrack",
                    "slug": "great-soundtrack",
                    "language": "eng",
                    "games_count": 3421,
                    "image_background": "https://media.rawg.io/media/games/26d/26d4437715bee60138dab4a7c8c59c92.jpg"
                },
                {
                    "id": 42428,
                    "name": "Шутер",
                    "slug": "shuter",
                    "language": "rus",
                    "games_count": 10481,
                    "image_background": "https://media.rawg.io/media/games/4a0/4a0a1316102366260e6f38fd2a9cfdce.jpg"
                },
                {
                    "id": 42429,
                    "name": "От первого лица",
                    "slug": "ot-pervogo-litsa",
                    "language": "rus",
                    "games_count": 13462,
                    "image_background": "https://media.rawg.io/media/games/b8c/b8c243eaa0fbac8115e0cdccac3f91dc.jpg"
                },
                {
                    "id": 8,
                    "name": "First-Person",
                    "slug": "first-person",
                    "language": "eng",
                    "games_count": 34382,
                    "image_background": "https://media.rawg.io/media/games/2ba/2bac0e87cf45e5b508f227d281c9252a.jpg"
                },
                {
                    "id": 42435,
                    "name": "Шедевр",
                    "slug": "shedevr",
                    "language": "rus",
                    "games_count": 1059,
                    "image_background": "https://media.rawg.io/media/games/7cf/7cfc9220b401b7a300e409e539c9afd5.jpg"
                },
                {
                    "id": 42423,
                    "name": "Научная фантастика",
                    "slug": "nauchnaia-fantastika",
                    "language": "rus",
                    "games_count": 9486,
                    "image_background": "https://media.rawg.io/media/games/587/587588c64afbff80e6f444eb2e46f9da.jpg"
                },
                {
                    "id": 32,
                    "name": "Sci-fi",
                    "slug": "sci-fi",
                    "language": "eng",
                    "games_count": 20582,
                    "image_background": "https://media.rawg.io/media/games/587/587588c64afbff80e6f444eb2e46f9da.jpg"
                },
                {
                    "id": 16,
                    "name": "Horror",
                    "slug": "horror",
                    "language": "eng",
                    "games_count": 46748,
                    "image_background": "https://media.rawg.io/media/games/4fb/4fb548e4816c84d1d70f1a228fb167cc.jpg"
                },
                {
                    "id": 30,
                    "name": "FPS",
                    "slug": "fps",
                    "language": "eng",
                    "games_count": 14102,
                    "image_background": "https://media.rawg.io/media/games/ec3/ec3a7db7b8ab5a71aad622fe7c62632f.jpg"
                },
                {
                    "id": 42427,
                    "name": "Шутер от первого лица",
                    "slug": "shuter-ot-pervogo-litsa",
                    "language": "rus",
                    "games_count": 6085,
                    "image_background": "https://media.rawg.io/media/games/f87/f87457e8347484033cb34cde6101d08d.jpg"
                },
                {
                    "id": 42420,
                    "name": "Сложная",
                    "slug": "slozhnaia",
                    "language": "rus",
                    "games_count": 5797,
                    "image_background": "https://media.rawg.io/media/games/226/2262cea0b385db6cf399f4be831603b0.jpg"
                },
                {
                    "id": 42491,
                    "name": "Мясо",
                    "slug": "miaso",
                    "language": "rus",
                    "games_count": 4962,
                    "image_background": "https://media.rawg.io/media/games/9dd/9ddabb34840ea9227556670606cf8ea3.jpg"
                },
                {
                    "id": 26,
                    "name": "Gore",
                    "slug": "gore",
                    "language": "eng",
                    "games_count": 6148,
                    "image_background": "https://media.rawg.io/media/games/c6b/c6bfece1daf8d06bc0a60632ac78e5bf.jpg"
                },
                {
                    "id": 49,
                    "name": "Difficult",
                    "slug": "difficult",
                    "language": "eng",
                    "games_count": 13769,
                    "image_background": "https://media.rawg.io/media/games/283/283e7e600366b0da7021883d27159b27.jpg"
                },
                {
                    "id": 189,
                    "name": "Female Protagonist",
                    "slug": "female-protagonist",
                    "language": "eng",
                    "games_count": 13922,
                    "image_background": "https://media.rawg.io/media/games/bce/bce62fbc7cf74bf6a1a37340993ec148.jpg"
                },
                {
                    "id": 42452,
                    "name": "Выживание",
                    "slug": "vyzhivanie",
                    "language": "rus",
                    "games_count": 7223,
                    "image_background": "https://media.rawg.io/media/games/2ad/2ad87a4a69b1104f02435c14c5196095.jpg"
                },
                {
                    "id": 1,
                    "name": "Survival",
                    "slug": "survival",
                    "language": "eng",
                    "games_count": 9760,
                    "image_background": "https://media.rawg.io/media/games/d82/d82990b9c67ba0d2d09d4e6fa88885a7.jpg"
                },
                {
                    "id": 42404,
                    "name": "Женщина-протагонист",
                    "slug": "zhenshchina-protagonist",
                    "language": "rus",
                    "games_count": 2413,
                    "image_background": "https://media.rawg.io/media/games/651/651ae84f2d5e36206aad90976a453329.jpg"
                },
                {
                    "id": 15,
                    "name": "Stealth",
                    "slug": "stealth",
                    "language": "eng",
                    "games_count": 6675,
                    "image_background": "https://media.rawg.io/media/games/364/3642d850efb217c58feab80b8affaa89.jpg"
                },
                {
                    "id": 42439,
                    "name": "Стелс",
                    "slug": "stels",
                    "language": "rus",
                    "games_count": 2535,
                    "image_background": "https://media.rawg.io/media/games/8a0/8a02f84a5916ede2f923b88d5f8217ba.jpg"
                },
                {
                    "id": 25,
                    "name": "Space",
                    "slug": "space",
                    "language": "eng",
                    "games_count": 43511,
                    "image_background": "https://media.rawg.io/media/games/0bc/0bcc108295a244b488d5c25f7d867220.jpg"
                },
                {
                    "id": 42422,
                    "name": "Космос",
                    "slug": "kosmos-2",
                    "language": "rus",
                    "games_count": 4847,
                    "image_background": "https://media.rawg.io/media/games/bd2/bd2cc7714e0b9b1adad1ba1b2400d436.jpg"
                },
                {
                    "id": 42471,
                    "name": "Хоррор на выживание",
                    "slug": "khorror-na-vyzhivanie",
                    "language": "rus",
                    "games_count": 3813,
                    "image_background": "https://media.rawg.io/media/games/739/73990e3ec9f43a9e8ecafe207fa4f368.jpg"
                },
                {
                    "id": 17,
                    "name": "Survival Horror",
                    "slug": "survival-horror",
                    "language": "eng",
                    "games_count": 9174,
                    "image_background": "https://media.rawg.io/media/games/1be/1be575aa6de86de328433a63fb534d9a.jpg"
                },
                {
                    "id": 172,
                    "name": "Aliens",
                    "slug": "aliens",
                    "language": "eng",
                    "games_count": 7164,
                    "image_background": "https://media.rawg.io/media/games/d54/d54f0267a042f44c032d8ca264584ecf.jpg"
                },
                {
                    "id": 42485,
                    "name": "Инопланетяне",
                    "slug": "inoplanetiane",
                    "language": "rus",
                    "games_count": 2231,
                    "image_background": "https://media.rawg.io/media/games/009/009e4e84975d6a60173ec1199db25aa3.jpg"
                },
                {
                    "id": 62349,
                    "name": "vr mod",
                    "slug": "vr-mod",
                    "language": "eng",
                    "games_count": 17,
                    "image_background": "https://media.rawg.io/media/screenshots/1bb/1bb3f78f0fe43b5d5ca2f3da5b638840.jpg"
                }
            ],
            "esrb_rating": {
                "id": 4,
                "name": "Mature",
                "slug": "mature",
                "name_en": "Mature",
                "name_ru": "С 17 лет"
            },
            "user_game": null,
            "reviews_count": 1444,
            "saturated_color": "0f0f0f",
            "dominant_color": "0f0f0f",
            "short_screenshots": [
                {
                    "id": -1,
                    "image": "https://media.rawg.io/media/games/daa/daaee07fcb40744d90cf8142f94a241f.jpg"
                },
                {
                    "id": 31794,
                    "image": "https://media.rawg.io/media/screenshots/df3/df311b578fbaa587c8ba2d768bcf18d7.jpg"
                },
                {
                    "id": 31795,
                    "image": "https://media.rawg.io/media/screenshots/b46/b46d5ddcbf7650df4d7eedf1e886bcdb.jpg"
                },
                {
                    "id": 31796,
                    "image": "https://media.rawg.io/media/screenshots/37a/37a8f38809062d7e68d32c537e23862d.jpg"
                },
                {
                    "id": 31797,
                    "image": "https://media.rawg.io/media/screenshots/89c/89c46fe1576b925f4c00cc9b6620877a.jpg"
                },
                {
                    "id": 31798,
                    "image": "https://media.rawg.io/media/screenshots/d06/d0612058778cdf798a747c80a491b55f.jpg"
                },
                {
                    "id": 31799,
                    "image": "https://media.rawg.io/media/screenshots/e12/e12d1635f074c536a16bc50a6b3f56cc.jpg"
                }
            ],
            "parent_platforms": [
                {
                    "platform": {
                        "id": 1,
                        "name": "PC",
                        "slug": "pc"
                    }
                },
                {
                    "platform": {
                        "id": 2,
                        "name": "PlayStation",
                        "slug": "playstation"
                    }
                },
                {
                    "platform": {
                        "id": 3,
                        "name": "Xbox",
                        "slug": "xbox"
                    }
                },
                {
                    "platform": {
                        "id": 4,
                        "name": "iOS",
                        "slug": "ios"
                    }
                },
                {
                    "platform": {
                        "id": 8,
                        "name": "Android",
                        "slug": "android"
                    }
                },
                {
                    "platform": {
                        "id": 7,
                        "name": "Nintendo",
                        "slug": "nintendo"
                    }
                }
            ],
            "genres": [
                {
                    "id": 3,
                    "name": "Adventure",
                    "slug": "adventure"
                },
                {
                    "id": 4,
                    "name": "Action",
                    "slug": "action"
                }
            ]
        },
        {
            "slug": "total-war-shogun-2-rise-of-the-samurai",
            "name": "Total War: Shogun 2 - Rise of the Samurai",
            "playtime": 0,
            "platforms": [
                {
                    "platform": {
                        "id": 4,
                        "name": "PC",
                        "slug": "pc"
                    }
                }
            ],
            "stores": null,
            "released": "2011-09-27",
            "tba": false,
            "background_image": "https://media.rawg.io/media/screenshots/137/1370e945203f32e1ba2eb69333bed9b7.jpeg",
            "rating": 4.14,
            "rating_top": 5,
            "ratings": [
                {
                    "id": 5,
                    "title": "exceptional",
                    "count": 3,
                    "percent": 42.86
                },
                {
                    "id": 4,
                    "title": "recommended",
                    "count": 2,
                    "percent": 28.57
                },
                {
                    "id": 3,
                    "title": "meh",
                    "count": 2,
                    "percent": 28.57
                }
            ],
            "ratings_count": 7,
            "reviews_text_count": 0,
            "added": 17,
            "added_by_status": {
                "yet": 2,
                "owned": 8,
                "beaten": 4,
                "toplay": 2,
                "dropped": 1
            },
            "metacritic": null,
            "suggestions_count": 581,
            "updated": "2024-12-11T14:58:01",
            "id": 41065,
            "score": null,
            "clip": null,
            "tags": [],
            "esrb_rating": null,
            "user_game": null,
            "reviews_count": 7,
            "saturated_color": "0f0f0f",
            "dominant_color": "0f0f0f",
            "short_screenshots": [
                {
                    "id": -1,
                    "image": "https://media.rawg.io/media/screenshots/137/1370e945203f32e1ba2eb69333bed9b7.jpeg"
                },
                {
                    "id": 583503,
                    "image": "https://media.rawg.io/media/screenshots/064/0647852a6b92b7d962ac12f32fad5e06.jpg"
                },
                {
                    "id": 583504,
                    "image": "https://media.rawg.io/media/screenshots/0af/0af2c4074a3162c76ec7c0e7573c06dc.jpg"
                },
                {
                    "id": 583505,
                    "image": "https://media.rawg.io/media/screenshots/11d/11dfaa306df1a0a436b8c8e39a420833.jpg"
                },
                {
                    "id": 583506,
                    "image": "https://media.rawg.io/media/screenshots/fd1/fd165062f40491ae08dacdc63d3094ad.jpg"
                },
                {
                    "id": 583507,
                    "image": "https://media.rawg.io/media/screenshots/bf9/bf996f764b72880f816550bde1ba7747.jpg"
                },
                {
                    "id": 583508,
                    "image": "https://media.rawg.io/media/screenshots/3a6/3a6993a083dc590509c19a5ac5453fed_W4H9qxH.jpg"
                }
            ],
            "parent_platforms": [
                {
                    "platform": {
                        "id": 1,
                        "name": "PC",
                        "slug": "pc"
                    }
                }
            ],
            "genres": [
                {
                    "id": 10,
                    "name": "Strategy",
                    "slug": "strategy"
                }
            ]
        }
    ],
    "user_platforms": false
}