{
    "count": 49,
    "next": "https://api.rawg.io/api/games?developers=14068&key=6144c1f5ae184e6a89a3e2b34caf541c&ordering=-rating&page=2&page_size=10",
    "previous": null,
    "results": [
        {
            "slug": "silent-bomber",
            "name": "Silent Bomber",
            "playtime": 0,
            "platforms": [
                {
                    "platform": {
                        "id": 27,
                        "name": "PlayStation",
                        "slug": "playstation1"
                    }
                }
            ],
            "stores": null,
            "released": "1999-10-28",
            "tba": false,
            "background_image": "https://media.rawg.io/media/screenshots/695/6954239d4389a4c23f216d3199d652b5.jpg",
            "rating": 4.5,
            "rating_top": 5,
            "ratings": [
                {
                    "id": 5,
                    "title": "exceptional",
                    "count": 3,
                    "percent": 50.0
                },
                {
                    "id": 4,
                    "title": "recommended",
                    "count": 3,
                    "percent": 50.0
                }
            ],
            "ratings_count": 6,
            "reviews_text_count": 0,
            "added": 22,
            "added_by_status": {
                "yet": 3,
                "owned": 7,
                "beaten": 4,
                "toplay": 5,
                "dropped": 3
            },
            "metacritic": null,
            "suggestions_count": 298,
            "updated": "2023-11-26T08:10:13",
            "id": 57770,
            "score": null,
            "clip": null,
            "tags": [
                {
                    "id": 31,
                    "name": "Singleplayer",
                    "slug": "singleplayer",
                    "language": "eng",
                    "games_count": 227300,
                    "image_background": "https://media.rawg.io/media/games/490/49016e06ae2103881ff6373248843069.jpg"
                },
                {
                    "id": 7,
                    "name": "Multiplayer",
                    "slug": "multiplayer",
                    "language": "eng",
                    "games_count": 38617,
                    "image_background": "https://media.rawg.io/media/games/960/960b601d9541cec776c5fa42a00bf6c4.jpg"
                }
            ],
            "esrb_rating": {
                "id": 3,
                "name": "Teen",
                "slug": "teen",
                "name_en": "Teen",
                "name_ru": "С 13 лет"
            },
            "user_game": null,
            "reviews_count": 6,
            "saturated_color": "0f0f0f",
            "dominant_color": "0f0f0f",
            "short_screenshots": [
                {
                    "id": -1,
                    "image": "https://media.rawg.io/media/screenshots/695/6954239d4389a4c23f216d3199d652b5.jpg"
                },
                {
                    "id": 764311,
                    "image": "https://media.rawg.io/media/screenshots/d74/d74176b2e14d35a352e3f5d234663811.jpg"
                },
                {
                    "id": 764312,
                    "image": "https://media.rawg.io/media/screenshots/0e3/0e3ad8b3a26e07ffa5589c890cbad1bf.jpg"
                },
                {
                    "id": 764313,
                    "image": "https://media.rawg.io/media/screenshots/a21/a21088d25f3b31d40b534bdbac61cd62.jpg"
                },
                {
                    "id": 764314,
                    "image": "https://media.rawg.io/media/screenshots/ae6/ae64f2a828ccd811f6769f507bdec252.jpg"
                },
                {
                    "id": 764315,
                    "image": "https://media.rawg.io/media/screenshots/207/20710f774cfad53bbfaa446043549995.jpg"
                },
                {
                    "id": 764316,
                    "image": "https://media.rawg.io/media/screenshots/2a0/2a03ed4d8ef4f022859026dd54b31935.jpg"
                }
            ],
            "parent_platforms": [
                {
                    "platform": {
                        "id": 2,
                        "name": "PlayStation",
                        "slug": "playstation"
                    }
                }
            ],
            "genres": [
                {
                    "id": 4,
                    "name": "Action",
                    "slug": "action"
                }
            ]
        },
        {
            "slug": "asuras-wrath",
            "name": "ASURA'S WRATH",
            "playtime": 3,
            "platforms": [
                {
                    "platform": {
                        "id": 14,
                        "name": "Xbox 360",
                        "slug": "xbox360"
                    }
                },
                {
                    "platform": {
                        "id": 16,
                        "name": "PlayStation 3",
                        "slug": "playstation3"
                    }
                }
            ],
            "stores": [
                {
                    "store": {
                        "id": 2,
                        "name": "Xbox Store",
                        "slug": "xbox-store"
                    }
                },
                {
                    "store": {
                        "id": 7,
                        "name": "Xbox 360 Store",
                        "slug": "xbox360"
                    }
                }
            ],
            "released": "2012-02-21",
            "tba": false,
            "background_image": "https://media.rawg.io/media/games/438/438c07ddb573d47f1c50e2ca1859982f.jpg",
            "rating": 4.19,
            "rating_top": 4,
            "ratings": [
                {
                    "id": 4,
                    "title": "recommended",
                    "count": 85,
                    "percent": 52.8
                },
                {
                    "id": 5,
                    "title": "exceptional",
                    "count": 56,
                    "percent": 34.78
                },
                {
                    "id": 3,
                    "title": "meh",
                    "count": 17,
                    "percent": 10.56
                },
                {
                    "id": 1,
                    "title": "skip",
                    "count": 3,
                    "percent": 1.86
                }
            ],
            "ratings_count": 157,
            "reviews_text_count": 2,
            "added": 796,
            "added_by_status": {
                "yet": 45,
                "owned": 519,
                "beaten": 162,
                "toplay": 36,
                "dropped": 26,
                "playing": 8
            },
            "metacritic": 71,
            "suggestions_count": 680,
            "updated": "2025-02-21T22:05:42",
            "id": 28534,
            "score": null,
            "clip": null,
            "tags": [
                {
                    "id": 3942,
                    "name": "rage",
                    "slug": "rage",
                    "language": "eng",
                    "games_count": 1287,
                    "image_background": "https://media.rawg.io/media/games/586/5862351f30cfe0b4e11e48916c8cff71.jpg"
                },
                {
                    "id": 1015,
                    "name": "survive",
                    "slug": "survive",
                    "language": "eng",
                    "games_count": 1263,
                    "image_background": "https://media.rawg.io/media/screenshots/b23/b23b3b0f25b10123c0338cf9f5c8bc12.jpg"
                }
            ],
            "esrb_rating": {
                "id": 3,
                "name": "Teen",
                "slug": "teen",
                "name_en": "Teen",
                "name_ru": "С 13 лет"
            },
            "user_game": null,
            "reviews_count": 161,
            "saturated_color": "0f0f0f",
            "dominant_color": "0f0f0f",
            "short_screenshots": [
                {
                    "id": -1,
                    "image": "https://media.rawg.io/media/games/438/438c07ddb573d47f1c50e2ca1859982f.jpg"
                },
                {
                    "id": 564297,
                    "image": "https://media.rawg.io/media/screenshots/378/3780eae445176fb1af2294a256de3163.jpg"
                },
                {
                    "id": 564298,
                    "image": "https://media.rawg.io/media/screenshots/e21/e217889ab38ffdf8deacb9667ca7655d.jpg"
                },
                {
                    "id": 564299,
                    "image": "https://media.rawg.io/media/screenshots/7f2/7f2331614feeaacc106a4d6f4f2d2267.jpg"
                },
                {
                    "id": 564300,
                    "image": "https://media.rawg.io/media/screenshots/50f/50fbd12ef37aea252506c41e6e5d7502.jpg"
                },
                {
                    "id": 564301,
                    "image": "https://media.rawg.io/media/screenshots/685/685b0930f5836f692ce0764f2c31b262.jpg"
                },
                {
                    "id": 564302,
                    "image": "https://media.rawg.io/media/screenshots/e80/e809d6c3a04fab50149102c046082659.jpg"
                }
            ],
            "parent_platforms": [
                {
                    "platform": {
                        "id": 2,
                        "name": "PlayStation",
                        "slug": "playstation"
                    }
                },
                {
                    "platform": {
                        "id": 3,
                        "name": "Xbox",
                        "slug": "xbox"
                    }
                }
            ],
            "genres": [
                {
                    "id": 3,
                    "name": "Adventure",
                    "slug": "adventure"
                },
                {
                    "id": 4,
                    "name": "Action",
                    "slug": "action"
                }
            ]
        },
        {
            "slug": "naruto-ultimate-ninja-3",
            "name": "Naruto: Ultimate Ninja 3",
            "playtime": 0,
            "platforms": [
                {
                    "platform": {
                        "id": 15,
                        "name": "PlayStation 2",
                        "slug": "playstation2"
                    }
                }
            ],
            "stores": null,
            "released": "2005-12-22",
            "tba": false,
            "background_image": "https://media.rawg.io/media/screenshots/778/778755c32794c59bd45004e8587a0176.jpg",
            "rating": 4.06,
            "rating_top": 4,
            "ratings": [
                {
                    "id": 4,
                    "title": "recommended",
                    "count": 25,
                    "percent": 71.43
                },
                {
                    "id": 5,
                    "title": "exceptional",
                    "count": 7,
                    "percent": 20.0
                },
                {
                    "id": 3,
                    "title": "meh",
                    "count": 2,
                    "percent": 5.71
                },
                {
                    "id": 1,
                    "title": "skip",
                    "count": 1,
                    "percent": 2.86
                }
            ],
            "ratings_count": 34,
            "reviews_text_count": 0,
            "added": 73,
            "added_by_status": {
                "yet": 2,
                "owned": 8,
                "beaten": 48,
                "toplay": 3,
                "dropped": 10,
                "playing": 2
            },
            "metacritic": null,
            "suggestions_count": 544,
            "updated": "2024-03-13T20:56:45",
            "id": 41264,
            "score": null,
            "clip": null,
            "tags": [],
            "esrb_rating": null,
            "user_game": null,
            "reviews_count": 35,
            "saturated_color": "0f0f0f",
            "dominant_color": "0f0f0f",
            "short_screenshots": [
                {
                    "id": -1,
                    "image": "https://media.rawg.io/media/screenshots/778/778755c32794c59bd45004e8587a0176.jpg"
                },
                {
                    "id": 588163,
                    "image": "https://media.rawg.io/media/screenshots/ddf/ddf3163d80b837c08854098c7c18e625.jpg"
                },
                {
                    "id": 588164,
                    "image": "https://media.rawg.io/media/screenshots/c89/c8904c7c172415008aa2fedffa032ccd.jpg"
                },
                {
                    "id": 588165,
                    "image": "https://media.rawg.io/media/screenshots/462/462014f7be424daa817e473fcf7b6be4.jpg"
                },
                {
                    "id": 588166,
                    "image": "https://media.rawg.io/media/screenshots/91d/91d6715c195e7e6627c246edfbc38a4f.jpg"
                },
                {
                    "id": 588167,
                    "image": "https://media.rawg.io/media/screenshots/d17/d173cf74d4e57c30df55fdb83a1dd1f9.jpg"
                },
                {
                    "id": 588168,
                    "image": "https://media.rawg.io/media/screenshots/a26/a26cb4e3f9accd90ad7853c4ad22cdd8.jpg"
                }
            ],
            "parent_platforms": [
                {
                    "platform": {
                        "id": 2,
                        "name": "PlayStation",
                        "slug": "playstation"
                    }
                }
            ],
            "genres": [
                {
                    "id": 11,
                    "name": "Arcade",
                    "slug": "arcade"
                },
                {
                    "id": 6,
                    "name": "Fighting",
                    "slug": "fighting"
                }
            ]
        },
        {
            "slug": "naruto-shippuden-ultimate-ninja-5",
            "name": "Naruto Shippuden: Ultimate Ninja 5",
            "playtime": 15,
            "platforms": [
                {
                    "platform": {
                        "id": 15,
                        "name": "PlayStation 2",
                        "slug": "playstation2"
                    }
                }
            ],
            "stores": null,
            "released": "2009-11-27",
            "tba": false,
            "background_image": "https://media.rawg.io/media/screenshots/371/37180f0e4703a5b35e2086a2a98d426c.jpg",
            "rating": 4.06,
            "rating_top": 4,
            "ratings": [
                {
                    "id": 4,
                    "title": "recommended",
                    "count": 15,
                    "percent": 42.86
                },
                {
                    "id": 5,
                    "title": "exceptional",
                    "count": 13,
                    "percent": 37.14
                },
                {
                    "id": 3,
                    "title": "meh",
                    "count": 5,
                    "percent": 14.29
                },
                {
                    "id": 1,
                    "title": "skip",
                    "count": 2,
                    "percent": 5.71
                }
            ],
            "ratings_count": 34,
            "reviews_text_count": 0,
            "added": 78,
            "added_by_status": {
                "yet": 4,
                "owned": 9,
                "beaten": 50,
                "toplay": 2,
                "dropped": 10,
                "playing": 3
            },
            "metacritic": null,
            "suggestions_count": 538,
            "updated": "2024-07-27T12:37:20",
            "id": 34749,
            "score": null,
            "clip": null,
            "tags": [],
            "esrb_rating": null,
            "user_game": null,
            "reviews_count": 35,
            "saturated_color": "0f0f0f",
            "dominant_color": "0f0f0f",
            "short_screenshots": [
                {
                    "id": -1,
                    "image": "https://media.rawg.io/media/screenshots/371/37180f0e4703a5b35e2086a2a98d426c.jpg"
                },
                {
                    "id": 352201,
                    "image": "https://media.rawg.io/media/screenshots/020/020575d4ac5b28a4b0567f08634ca56f.jpg"
                },
                {
                    "id": 352202,
                    "image": "https://media.rawg.io/media/screenshots/44d/44d7b3d2c93be8b3e19bb320999098d7.jpg"
                },
                {
                    "id": 352203,
                    "image": "https://media.rawg.io/media/screenshots/592/592d2fca09c260a7f61d88ade1fbed1e.jpg"
                },
                {
                    "id": 352204,
                    "image": "https://media.rawg.io/media/screenshots/9e0/9e03c9001d165598df321fd6d5b3ec0a.jpg"
                },
                {
                    "id": 352205,
                    "image": "https://media.rawg.io/media/screenshots/1b7/1b7122cbde1146b71aaa231ed4545d86.jpg"
                },
                {
                    "id": 352206,
                    "image": "https://media.rawg.io/media/screenshots/58e/58ea67a30100ebe0097aa43cfea93aed.jpg"
                }
            ],
            "parent_platforms": [
                {
                    "platform": {
                        "id": 2,
                        "name": "PlayStation",
                        "slug": "playstation"
                    }
                }
            ],
            "genres": [
                {
                    "id": 4,
                    "name": "Action",
                    "slug": "action"
                }
            ]
        },
        {
            "slug": "naruto-shippuden-ultimate-ninja-storm-4",
            "name": "NARUTO SHIPPUDEN: Ultimate Ninja STORM 4",
            "playtime": 8,
            "platforms": [
                {
                    "platform": {
                        "id": 4,
                        "name": "PC",
                        "slug": "pc"
                    }
                },
                {
                    "platform": {
                        "id": 1,
                        "name": "Xbox One",
                        "slug": "xbox-one"
                    }
                },
                {
                    "platform": {
                        "id": 18,
                        "name": "PlayStation 4",
                        "slug": "playstation4"
                    }
                }
            ],
            "stores": [
                {
                    "store": {
                        "id": 1,
                        "name": "Steam",
                        "slug": "steam"
                    }
                },
                {
                    "store": {
                        "id": 3,
                        "name": "PlayStation Store",
                        "slug": "playstation-store"
                    }
                },
                {
                    "store": {
                        "id": 2,
                        "name": "Xbox Store",
                        "slug": "xbox-store"
                    }
                }
            ],
            "released": "2016-02-04",
            "tba": false,
            "background_image": "https://media.rawg.io/media/games/b1f/b1f0b19226228555d8b93b2f42b22349.jpg",
            "rating": 4.02,
            "rating_top": 4,
            "ratings": [
                {
                    "id": 4,
                    "title": "recommended",
                    "count": 297,
                    "percent": 59.4
                },
                {
                    "id": 5,
                    "title": "exceptional",
                    "count": 127,
                    "percent": 25.4
                },
                {
                    "id": 3,
                    "title": "meh",
                    "count": 56,
                    "percent": 11.2
                },
                {
                    "id": 1,
                    "title": "skip",
                    "count": 20,
                    "percent": 4.0
                }
            ],
            "ratings_count": 490,
            "reviews_text_count": 5,
            "added": 2656,
            "added_by_status": {
                "yet": 78,
                "owned": 1931,
                "beaten": 434,
                "toplay": 34,
                "dropped": 133,
                "playing": 46
            },
            "metacritic": 80,
            "suggestions_count": 516,
            "updated": "2025-02-22T18:56:38",
            "id": 2828,
            "score": null,
            "clip": null,
            "tags": [
                {
                    "id": 31,
                    "name": "Singleplayer",
                    "slug": "singleplayer",
                    "language": "eng",
                    "games_count": 236808,
                    "image_background": "https://media.rawg.io/media/games/4be/4be6a6ad0364751a96229c56bf69be59.jpg"
                },
                {
                    "id": 42396,
                    "name": "Для одного игрока",
                    "slug": "dlia-odnogo-igroka",
                    "language": "rus",
                    "games_count": 59339,
                    "image_background": "https://media.rawg.io/media/games/49c/49c3dfa4ce2f6f140cc4825868e858cb.jpg"
                },
                {
                    "id": 42417,
                    "name": "Экшен",
                    "slug": "ekshen",
                    "language": "rus",
                    "games_count": 45143,
                    "image_background": "https://media.rawg.io/media/games/b45/b45575f34285f2c4479c9a5f719d972e.jpg"
                },
                {
                    "id": 42392,
                    "name": "Приключение",
                    "slug": "prikliuchenie",
                    "language": "rus",
                    "games_count": 43383,
                    "image_background": "https://media.rawg.io/media/games/d82/d82990b9c67ba0d2d09d4e6fa88885a7.jpg"
                },
                {
                    "id": 40847,
                    "name": "Steam Achievements",
                    "slug": "steam-achievements",
                    "language": "eng",
                    "games_count": 44261,
                    "image_background": "https://media.rawg.io/media/games/b8c/b8c243eaa0fbac8115e0cdccac3f91dc.jpg"
                },
                {
                    "id": 7,
                    "name": "Multiplayer",
                    "slug": "multiplayer",
                    "language": "eng",
                    "games_count": 40265,
                    "image_background": "https://media.rawg.io/media/games/021/021c4e21a1824d2526f925eff6324653.jpg"
                },
                {
                    "id": 40836,
                    "name": "Full controller support",
                    "slug": "full-controller-support",
                    "language": "eng",
                    "games_count": 20885,
                    "image_background": "https://media.rawg.io/media/games/562/562553814dd54e001a541e4ee83a591c.jpg"
                },
                {
                    "id": 40849,
                    "name": "Steam Cloud",
                    "slug": "steam-cloud",
                    "language": "eng",
                    "games_count": 21355,
                    "image_background": "https://media.rawg.io/media/games/be0/be01c3d7d8795a45615da139322ca080.jpg"
                },
                {
                    "id": 13,
                    "name": "Atmospheric",
                    "slug": "atmospheric",
                    "language": "eng",
                    "games_count": 36334,
                    "image_background": "https://media.rawg.io/media/games/b45/b45575f34285f2c4479c9a5f719d972e.jpg"
                },
                {
                    "id": 42425,
                    "name": "Для нескольких игроков",
                    "slug": "dlia-neskolkikh-igrokov",
                    "language": "rus",
                    "games_count": 11352,
                    "image_background": "https://media.rawg.io/media/games/157/15742f2f67eacff546738e1ab5c19d20.jpg"
                },
                {
                    "id": 42400,
                    "name": "Атмосфера",
                    "slug": "atmosfera",
                    "language": "rus",
                    "games_count": 6083,
                    "image_background": "https://media.rawg.io/media/games/7fa/7fa0b586293c5861ee32490e953a4996.jpg"
                },
                {
                    "id": 42401,
                    "name": "Отличный саундтрек",
                    "slug": "otlichnyi-saundtrek",
                    "language": "rus",
                    "games_count": 4645,
                    "image_background": "https://media.rawg.io/media/games/7cf/7cfc9220b401b7a300e409e539c9afd5.jpg"
                },
                {
                    "id": 42,
                    "name": "Great Soundtrack",
                    "slug": "great-soundtrack",
                    "language": "eng",
                    "games_count": 3421,
                    "image_background": "https://media.rawg.io/media/games/26d/26d4437715bee60138dab4a7c8c59c92.jpg"
                },
                {
                    "id": 42394,
                    "name": "Глубокий сюжет",
                    "slug": "glubokii-siuzhet",
                    "language": "rus",
                    "games_count": 15181,
                    "image_background": "https://media.rawg.io/media/games/b8c/b8c243eaa0fbac8115e0cdccac3f91dc.jpg"
                },
                {
                    "id": 18,
                    "name": "Co-op",
                    "slug": "co-op",
                    "language": "eng",
                    "games_count": 12990,
                    "image_background": "https://media.rawg.io/media/games/4e0/4e0e7b6d6906a131307c94266e5c9a1c.jpg"
                },
                {
                    "id": 118,
                    "name": "Story Rich",
                    "slug": "story-rich",
                    "language": "eng",
                    "games_count": 24317,
                    "image_background": "https://media.rawg.io/media/games/be0/be01c3d7d8795a45615da139322ca080.jpg"
                },
                {
                    "id": 42442,
                    "name": "Открытый мир",
                    "slug": "otkrytyi-mir",
                    "language": "rus",
                    "games_count": 6580,
                    "image_background": "https://media.rawg.io/media/games/ee3/ee3e10193aafc3230ba1cae426967d10.jpg"
                },
                {
                    "id": 36,
                    "name": "Open World",
                    "slug": "open-world",
                    "language": "eng",
                    "games_count": 8394,
                    "image_background": "https://media.rawg.io/media/games/00d/00d374f12a3ab5f96c500a2cfa901e15.jpg"
                },
                {
                    "id": 411,
                    "name": "cooperative",
                    "slug": "cooperative",
                    "language": "eng",
                    "games_count": 5769,
                    "image_background": "https://media.rawg.io/media/games/587/587588c64afbff80e6f444eb2e46f9da.jpg"
                },
                {
                    "id": 42441,
                    "name": "От третьего лица",
                    "slug": "ot-tretego-litsa",
                    "language": "rus",
                    "games_count": 8583,
                    "image_background": "https://media.rawg.io/media/games/8a0/8a02f84a5916ede2f923b88d5f8217ba.jpg"
                },
                {
                    "id": 149,
                    "name": "Third Person",
                    "slug": "third-person",
                    "language": "eng",
                    "games_count": 13058,
                    "image_background": "https://media.rawg.io/media/games/6cd/6cd653e0aaef5ff8bbd295bf4bcb12eb.jpg"
                },
                {
                    "id": 9,
                    "name": "Online Co-Op",
                    "slug": "online-co-op",
                    "language": "eng",
                    "games_count": 6621,
                    "image_background": "https://media.rawg.io/media/games/2ba/2bac0e87cf45e5b508f227d281c9252a.jpg"
                },
                {
                    "id": 42480,
                    "name": "Фэнтези",
                    "slug": "fentezi",
                    "language": "rus",
                    "games_count": 14087,
                    "image_background": "https://media.rawg.io/media/games/6fc/6fcf4cd3b17c288821388e6085bb0fc9.jpg"
                },
                {
                    "id": 64,
                    "name": "Fantasy",
                    "slug": "fantasy",
                    "language": "eng",
                    "games_count": 30331,
                    "image_background": "https://media.rawg.io/media/games/04a/04a7e7e185fb51493bdcbe1693a8b3dc.jpg"
                },
                {
                    "id": 40850,
                    "name": "Steam Leaderboards",
                    "slug": "steam-leaderboards",
                    "language": "eng",
                    "games_count": 7625,
                    "image_background": "https://media.rawg.io/media/games/1fb/1fb1c5f7a71d771f440b27ce7f71e7eb.jpg"
                },
                {
                    "id": 42433,
                    "name": "Совместная игра по сети",
                    "slug": "sovmestnaia-igra-po-seti",
                    "language": "rus",
                    "games_count": 1226,
                    "image_background": "https://media.rawg.io/media/games/4e0/4e0e7b6d6906a131307c94266e5c9a1c.jpg"
                },
                {
                    "id": 42449,
                    "name": "Локальный мультиплеер",
                    "slug": "lokalnyi-multipleer",
                    "language": "rus",
                    "games_count": 4025,
                    "image_background": "https://media.rawg.io/media/games/d1a/d1a1202a378607b6c635c8f18ace95dd.jpg"
                },
                {
                    "id": 75,
                    "name": "Local Co-Op",
                    "slug": "local-co-op",
                    "language": "eng",
                    "games_count": 5748,
                    "image_background": "https://media.rawg.io/media/games/926/926928beb8a9f9b31cf202965aa4cbbc.jpg"
                },
                {
                    "id": 72,
                    "name": "Local Multiplayer",
                    "slug": "local-multiplayer",
                    "language": "eng",
                    "games_count": 13574,
                    "image_background": "https://media.rawg.io/media/screenshots/4f4/4f4722571e32954af43a4508607c1748.jpg"
                },
                {
                    "id": 42407,
                    "name": "Аниме",
                    "slug": "anime-2",
                    "language": "rus",
                    "games_count": 11027,
                    "image_background": "https://media.rawg.io/media/screenshots/6d3/6d367773c06886535620f2d7fb1cb866.jpg"
                },
                {
                    "id": 134,
                    "name": "Anime",
                    "slug": "anime",
                    "language": "eng",
                    "games_count": 15138,
                    "image_background": "https://media.rawg.io/media/games/ca1/ca16da30f86d8f4d36261de45fb35430.jpg"
                },
                {
                    "id": 120,
                    "name": "Memes",
                    "slug": "memes",
                    "language": "eng",
                    "games_count": 2000,
                    "image_background": "https://media.rawg.io/media/games/a32/a32c9c299488ca99afc3fcea605a7718.jpg"
                },
                {
                    "id": 42561,
                    "name": "Мемы",
                    "slug": "memy",
                    "language": "rus",
                    "games_count": 1849,
                    "image_background": "https://media.rawg.io/media/games/11f/11fd681c312c14644ab360888dba3486.jpg"
                },
                {
                    "id": 203,
                    "name": "Beat 'em up",
                    "slug": "beat-em-up",
                    "language": "eng",
                    "games_count": 3332,
                    "image_background": "https://media.rawg.io/media/games/af7/af7a831001c5c32c46e950cc883b8cb7.jpg"
                },
                {
                    "id": 42527,
                    "name": "Файтинг",
                    "slug": "faiting",
                    "language": "rus",
                    "games_count": 1118,
                    "image_background": "https://media.rawg.io/media/screenshots/54f/54fcf1a626faa92afa3f5d2834dbc5ce.jpg"
                },
                {
                    "id": 216,
                    "name": "Heist",
                    "slug": "heist",
                    "language": "eng",
                    "games_count": 563,
                    "image_background": "https://media.rawg.io/media/games/725/725131e129692ec32ed62e9e405f5f4c.jpg"
                },
                {
                    "id": 42447,
                    "name": "Ограбления",
                    "slug": "ogrableniia",
                    "language": "rus",
                    "games_count": 292,
                    "image_background": "https://media.rawg.io/media/games/b50/b501727147644474562935f19a60134e.jpg"
                },
                {
                    "id": 42584,
                    "name": "Ниндзя",
                    "slug": "nindzia",
                    "language": "rus",
                    "games_count": 590,
                    "image_background": "https://media.rawg.io/media/screenshots/c08/c085faa3f9120d5855c307fb37cabb99.jpeg"
                },
                {
                    "id": 186,
                    "name": "Ninja",
                    "slug": "ninja",
                    "language": "eng",
                    "games_count": 2443,
                    "image_background": "https://media.rawg.io/media/games/a1b/a1b4791714063c7c6793a68b3e25827a.jpg"
                }
            ],
            "esrb_rating": {
                "id": 3,
                "name": "Teen",
                "slug": "teen",
                "name_en": "Teen",
                "name_ru": "С 13 лет"
            },
            "user_game": null,
            "reviews_count": 500,
            "saturated_color": "0f0f0f",
            "dominant_color": "0f0f0f",
            "short_screenshots": [
                {
                    "id": -1,
                    "image": "https://media.rawg.io/media/games/b1f/b1f0b19226228555d8b93b2f42b22349.jpg"
                },
                {
                    "id": 58423,
                    "image": "https://media.rawg.io/media/screenshots/568/56816c6c2f778246b2fd65e8f28c0ffb.jpg"
                },
                {
                    "id": 58424,
                    "image": "https://media.rawg.io/media/screenshots/575/575664612a10aed03107d413861f2c37.jpg"
                },
                {
                    "id": 58426,
                    "image": "https://media.rawg.io/media/screenshots/5b1/5b16ef4828f1b9a6b3fdfa6d7bf7bcb4.jpg"
                },
                {
                    "id": 58431,
                    "image": "https://media.rawg.io/media/screenshots/966/966cc4538caad816087e76b163414844.jpg"
                },
                {
                    "id": 58436,
                    "image": "https://media.rawg.io/media/screenshots/47e/47e242af150ddf6c6dfea242b684b612.jpg"
                },
                {
                    "id": 58438,
                    "image": "https://media.rawg.io/media/screenshots/02a/02a12fe664f276630b9880b6483d48c4.jpg"
                }
            ],
            "parent_platforms": [
                {
                    "platform": {
                        "id": 1,
                        "name": "PC",
                        "slug": "pc"
                    }
                },
                {
                    "platform": {
                        "id": 2,
                        "name": "PlayStation",
                        "slug": "playstation"
                    }
                },
                {
                    "platform": {
                        "id": 3,
                        "name": "Xbox",
                        "slug": "xbox"
                    }
                }
            ],
            "genres": [
                {
                    "id": 4,
                    "name": "Action",
                    "slug": "action"
                },
                {
                    "id": 6,
                    "name": "Fighting",
                    "slug": "fighting"
                }
            ]
        },
        {
            "slug": "naruto-ultimate-ninja-heroes-2-the-phantom-fortres",
            "name": "Naruto: Ultimate Ninja Heroes 2: The Phantom Fortress",
            "playtime": 0,
            "platforms": [
                {
                    "platform": {
                        "id": 17,
                        "name": "PSP",
                        "slug": "psp"
                    }
                }
            ],
            "stores": null,
            "released": "2008-06-24",
            "tba": false,
            "background_image": "https://media.rawg.io/media/screenshots/618/618c72f9be9ffd6990ed4cea49276292.jpg",
            "rating": 4.0,
            "rating_top": 4,
            "ratings": [
                {
                    "id": 4,
                    "title": "recommended",
                    "count": 4,
                    "percent": 50.0
                },
                {
                    "id": 5,
                    "title": "exceptional",
                    "count": 2,
                    "percent": 25.0
                },
                {
                    "id": 3,
                    "title": "meh",
                    "count": 2,
                    "percent": 25.0
                }
            ],
            "ratings_count": 8,
            "reviews_text_count": 0,
            "added": 16,
            "added_by_status": {
                "yet": 1,
                "owned": 3,
                "beaten": 7,
                "toplay": 3,
                "dropped": 1,
                "playing": 1
            },
            "metacritic": 64,
            "suggestions_count": 181,
            "updated": "2023-05-29T12:40:12",
            "id": 281866,
            "score": null,
            "clip": null,
            "tags": [
                {
                    "id": 406,
                    "name": "Story",
                    "slug": "story",
                    "language": "eng",
                    "games_count": 11240,
                    "image_background": "https://media.rawg.io/media/games/615/61503312a95d451198d80d9bae275f79.jpg"
                },
                {
                    "id": 981,
                    "name": "battle",
                    "slug": "battle",
                    "language": "eng",
                    "games_count": 10551,
                    "image_background": "https://media.rawg.io/media/games/998/9980c4296f311d8bcc5b451ca51e4fe1.jpg"
                },
                {
                    "id": 808,
                    "name": "character",
                    "slug": "character",
                    "language": "eng",
                    "games_count": 8778,
                    "image_background": "https://media.rawg.io/media/games/56e/56ed40948bebaf1968234aa6e3c74771.jpg"
                },
                {
                    "id": 1530,
                    "name": "animation",
                    "slug": "animation",
                    "language": "eng",
                    "games_count": 3284,
                    "image_background": "https://media.rawg.io/media/screenshots/db2/db282210c71afeec653ec200093d7010.jpg"
                },
                {
                    "id": 4068,
                    "name": "quiz",
                    "slug": "quiz",
                    "language": "eng",
                    "games_count": 1039,
                    "image_background": "https://media.rawg.io/media/screenshots/1ff/1ff45135c37f9377bd2f74def46744ef.jpg"
                }
            ],
            "esrb_rating": {
                "id": 3,
                "name": "Teen",
                "slug": "teen",
                "name_en": "Teen",
                "name_ru": "С 13 лет"
            },
            "user_game": null,
            "reviews_count": 8,
            "saturated_color": "0f0f0f",
            "dominant_color": "0f0f0f",
            "short_screenshots": [
                {
                    "id": -1,
                    "image": "https://media.rawg.io/media/screenshots/618/618c72f9be9ffd6990ed4cea49276292.jpg"
                },
                {
                    "id": 1797181,
                    "image": "https://media.rawg.io/media/screenshots/725/72583563be244f10da76430c96af1dff.jpg"
                },
                {
                    "id": 1797182,
                    "image": "https://media.rawg.io/media/screenshots/466/4668887bb1c4e5c62ff2665d8868aae4.jpg"
                },
                {
                    "id": 1797183,
                    "image": "https://media.rawg.io/media/screenshots/618/618c72f9be9ffd6990ed4cea49276292.jpg"
                }
            ],
            "parent_platforms": [
                {
                    "platform": {
                        "id": 2,
                        "name": "PlayStation",
                        "slug": "playstation"
                    }
                }
            ],
            "genres": [
                {
                    "id": 4,
                    "name": "Action",
                    "slug": "action"
                },
                {
                    "id": 6,
                    "name": "Fighting",
                    "slug": "fighting"
                }
            ]
        },
        {
            "slug": "naruto-online-us",
            "name": "Naruto Online [US]",
            "playtime": 0,
            "platforms": [
                {
                    "platform": {
                        "id": 4,
                        "name": "PC",
                        "slug": "pc"
                    }
                },
                {
                    "platform": {
                        "id": 171,
                        "name": "Web",
                        "slug": "web"
                    }
                }
            ],
            "stores": null,
            "released": "2016-07-20",
            "tba": false,
            "background_image": "https://media.rawg.io/media/screenshots/69e/69efabca6f4ccb59decc89888a657494.jpg",
            "rating": 4.0,
            "rating_top": 5,
            "ratings": [
                {
                    "id": 5,
                    "title": "exceptional",
                    "count": 4,
                    "percent": 57.14
                },
                {
                    "id": 4,
                    "title": "recommended",
                    "count": 1,
                    "percent": 14.29
                },
                {
                    "id": 3,
                    "title": "meh",
                    "count": 1,
                    "percent": 14.29
                },
                {
                    "id": 1,
                    "title": "skip",
                    "count": 1,
                    "percent": 14.29
                }
            ],
            "ratings_count": 7,
            "reviews_text_count": 0,
            "added": 11,
            "added_by_status": {
                "owned": 3,
                "beaten": 2,
                "dropped": 3,
                "playing": 3
            },
            "metacritic": null,
            "suggestions_count": 106,
            "updated": "2025-02-22T01:29:26",
            "id": 298392,
            "score": null,
            "clip": null,
            "tags": [
                {
                    "id": 134,
                    "name": "Anime",
                    "slug": "anime",
                    "language": "eng",
                    "games_count": 14914,
                    "image_background": "https://media.rawg.io/media/screenshots/f7e/f7e70957c14ead1fa187a616dfa83e09.jpg"
                },
                {
                    "id": 413,
                    "name": "online",
                    "slug": "online",
                    "language": "eng",
                    "games_count": 6553,
                    "image_background": "https://media.rawg.io/media/games/819/819cbc1d24837166b24299f5c8b68e07.jpg"
                }
            ],
            "esrb_rating": {
                "id": 2,
                "name": "Everyone 10+",
                "slug": "everyone-10-plus",
                "name_en": "Everyone 10+",
                "name_ru": "С 10 лет"
            },
            "user_game": null,
            "reviews_count": 7,
            "saturated_color": "0f0f0f",
            "dominant_color": "0f0f0f",
            "short_screenshots": [
                {
                    "id": -1,
                    "image": "https://media.rawg.io/media/screenshots/69e/69efabca6f4ccb59decc89888a657494.jpg"
                },
                {
                    "id": 1857342,
                    "image": "https://media.rawg.io/media/screenshots/14d/14de70cf6b675f22b8df3d553379bc96.jpg"
                },
                {
                    "id": 1857343,
                    "image": "https://media.rawg.io/media/screenshots/69e/69efabca6f4ccb59decc89888a657494.jpg"
                }
            ],
            "parent_platforms": [
                {
                    "platform": {
                        "id": 1,
                        "name": "PC",
                        "slug": "pc"
                    }
                },
                {
                    "platform": {
                        "id": 14,
                        "name": "Web",
                        "slug": "web"
                    }
                }
            ],
            "genres": [
                {
                    "id": 59,
                    "name": "Massively Multiplayer",
                    "slug": "massively-multiplayer"
                },
                {
                    "id": 5,
                    "name": "RPG",
                    "slug": "role-playing-games-rpg"
                }
            ]
        },
        {
            "slug": "naruto-shippuden-ultimate-ninja-impact",
            "name": "Naruto Shippuden: Ultimate Ninja Impact",
            "playtime": 0,
            "platforms": [
                {
                    "platform": {
                        "id": 17,
                        "name": "PSP",
                        "slug": "psp"
                    }
                }
            ],
            "stores": null,
            "released": "2011-10-18",
            "tba": false,
            "background_image": "https://media.rawg.io/media/screenshots/6a8/6a8a85303351ea990d0552a176316d4a.jpg",
            "rating": 4.0,
            "rating_top": 4,
            "ratings": [
                {
                    "id": 4,
                    "title": "recommended",
                    "count": 4,
                    "percent": 50.0
                },
                {
                    "id": 5,
                    "title": "exceptional",
                    "count": 2,
                    "percent": 25.0
                },
                {
                    "id": 3,
                    "title": "meh",
                    "count": 2,
                    "percent": 25.0
                }
            ],
            "ratings_count": 8,
            "reviews_text_count": 0,
            "added": 33,
            "added_by_status": {
                "yet": 2,
                "owned": 6,
                "beaten": 18,
                "toplay": 2,
                "dropped": 5
            },
            "metacritic": 59,
            "suggestions_count": 264,
            "updated": "2022-08-28T02:27:10",
            "id": 330772,
            "score": null,
            "clip": null,
            "tags": [],
            "esrb_rating": null,
            "user_game": null,
            "reviews_count": 8,
            "saturated_color": "0f0f0f",
            "dominant_color": "0f0f0f",
            "short_screenshots": [
                {
                    "id": -1,
                    "image": "https://media.rawg.io/media/screenshots/6a8/6a8a85303351ea990d0552a176316d4a.jpg"
                },
                {
                    "id": 2366758,
                    "image": "https://media.rawg.io/media/screenshots/b60/b60376e3e74a23f6da64c6b67eeaaaa9.jpg"
                },
                {
                    "id": 2366759,
                    "image": "https://media.rawg.io/media/screenshots/b88/b88f1926b1ae4a7530e87300fd1a7f9e.jpg"
                },
                {
                    "id": 2366760,
                    "image": "https://media.rawg.io/media/screenshots/744/744c0fddcdecc7cf3553e9f78a61a99c.jpg"
                },
                {
                    "id": 2366761,
                    "image": "https://media.rawg.io/media/screenshots/a60/a60766d4139827c8693c93c559cfff0b.jpg"
                },
                {
                    "id": 2366762,
                    "image": "https://media.rawg.io/media/screenshots/1ed/1ed347655b008d0ceec603060738bd84.jpg"
                },
                {
                    "id": 2366763,
                    "image": "https://media.rawg.io/media/screenshots/6a8/6a8a85303351ea990d0552a176316d4a.jpg"
                }
            ],
            "parent_platforms": [
                {
                    "platform": {
                        "id": 2,
                        "name": "PlayStation",
                        "slug": "playstation"
                    }
                }
            ],
            "genres": [
                {
                    "id": 4,
                    "name": "Action",
                    "slug": "action"
                }
            ]
        },
        {
            "slug": "naruto-shippuden-ultimate-ninja-storm-3-full-burst",
            "name": "NARUTO SHIPPUDEN: Ultimate Ninja STORM 3 Full Burst",
            "playtime": 7,
            "platforms": [
                {
                    "platform": {
                        "id": 4,
                        "name": "PC",
                        "slug": "pc"
                    }
                },
                {
                    "platform": {
                        "id": 1,
                        "name": "Xbox One",
                        "slug": "xbox-one"
                    }
                },
                {
                    "platform": {
                        "id": 18,
                        "name": "PlayStation 4",
                        "slug": "playstation4"
                    }
                },
                {
                    "platform": {
                        "id": 7,
                        "name": "Nintendo Switch",
                        "slug": "nintendo-switch"
                    }
                },
                {
                    "platform": {
                        "id": 16,
                        "name": "PlayStation 3",
                        "slug": "playstation3"
                    }
                }
            ],
            "stores": [
                {
                    "store": {
                        "id": 1,
                        "name": "Steam",
                        "slug": "steam"
                    }
                },
                {
                    "store": {
                        "id": 3,
                        "name": "PlayStation Store",
                        "slug": "playstation-store"
                    }
                },
                {
                    "store": {
                        "id": 2,
                        "name": "Xbox Store",
                        "slug": "xbox-store"
                    }
                },
                {
                    "store": {
                        "id": 6,
                        "name": "Nintendo Store",
                        "slug": "nintendo"
                    }
                }
            ],
            "released": "2013-10-22",
            "tba": false,
            "background_image": "https://media.rawg.io/media/screenshots/0df/0df4aff421976b2a84d840faefb04124.jpg",
            "rating": 3.99,
            "rating_top": 4,
            "ratings": [
                {
                    "id": 4,
                    "title": "recommended",
                    "count": 166,
                    "percent": 70.94
                },
                {
                    "id": 5,
                    "title": "exceptional",
                    "count": 39,
                    "percent": 16.67
                },
                {
                    "id": 3,
                    "title": "meh",
                    "count": 23,
                    "percent": 9.83
                },
                {
                    "id": 1,
                    "title": "skip",
                    "count": 6,
                    "percent": 2.56
                }
            ],
            "ratings_count": 231,
            "reviews_text_count": 2,
            "added": 1599,
            "added_by_status": {
                "yet": 59,
                "owned": 1259,
                "beaten": 221,
                "toplay": 11,
                "dropped": 43,
                "playing": 6
            },
            "metacritic": 80,
            "suggestions_count": 516,
            "updated": "2025-02-07T18:21:38",
            "id": 11264,
            "score": null,
            "clip": null,
            "tags": [
                {
                    "id": 31,
                    "name": "Singleplayer",
                    "slug": "singleplayer",
                    "language": "eng",
                    "games_count": 236399,
                    "image_background": "https://media.rawg.io/media/games/20a/20aa03a10cda45239fe22d035c0ebe64.jpg"
                },
                {
                    "id": 42396,
                    "name": "Для одного игрока",
                    "slug": "dlia-odnogo-igroka",
                    "language": "rus",
                    "games_count": 59009,
                    "image_background": "https://media.rawg.io/media/games/b7b/b7b8381707152afc7d91f5d95de70e39.jpg"
                },
                {
                    "id": 42417,
                    "name": "Экшен",
                    "slug": "ekshen",
                    "language": "rus",
                    "games_count": 44970,
                    "image_background": "https://media.rawg.io/media/games/4a0/4a0a1316102366260e6f38fd2a9cfdce.jpg"
                },
                {
                    "id": 42392,
                    "name": "Приключение",
                    "slug": "prikliuchenie",
                    "language": "rus",
                    "games_count": 43223,
                    "image_background": "https://media.rawg.io/media/games/d1a/d1a2e99ade53494c6330a0ed945fe823.jpg"
                },
                {
                    "id": 40847,
                    "name": "Steam Achievements",
                    "slug": "steam-achievements",
                    "language": "eng",
                    "games_count": 44039,
                    "image_background": "https://media.rawg.io/media/games/2ba/2bac0e87cf45e5b508f227d281c9252a.jpg"
                },
                {
                    "id": 7,
                    "name": "Multiplayer",
                    "slug": "multiplayer",
                    "language": "eng",
                    "games_count": 40195,
                    "image_background": "https://media.rawg.io/media/games/6c5/6c55e22185876626881b76c11922b073.jpg"
                },
                {
                    "id": 40836,
                    "name": "Full controller support",
                    "slug": "full-controller-support",
                    "language": "eng",
                    "games_count": 20784,
                    "image_background": "https://media.rawg.io/media/games/16b/16b1b7b36e2042d1128d5a3e852b3b2f.jpg"
                },
                {
                    "id": 40849,
                    "name": "Steam Cloud",
                    "slug": "steam-cloud",
                    "language": "eng",
                    "games_count": 21239,
                    "image_background": "https://media.rawg.io/media/games/d58/d588947d4286e7b5e0e12e1bea7d9844.jpg"
                },
                {
                    "id": 13,
                    "name": "Atmospheric",
                    "slug": "atmospheric",
                    "language": "eng",
                    "games_count": 36246,
                    "image_background": "https://media.rawg.io/media/games/562/562553814dd54e001a541e4ee83a591c.jpg"
                },
                {
                    "id": 42425,
                    "name": "Для нескольких игроков",
                    "slug": "dlia-neskolkikh-igrokov",
                    "language": "rus",
                    "games_count": 11306,
                    "image_background": "https://media.rawg.io/media/games/6fc/6fcf4cd3b17c288821388e6085bb0fc9.jpg"
                },
                {
                    "id": 42400,
                    "name": "Атмосфера",
                    "slug": "atmosfera",
                    "language": "rus",
                    "games_count": 6083,
                    "image_background": "https://media.rawg.io/media/games/942/9424d6bb763dc38d9378b488603c87fa.jpg"
                },
                {
                    "id": 7808,
                    "name": "steam-trading-cards",
                    "slug": "steam-trading-cards",
                    "language": "eng",
                    "games_count": 7568,
                    "image_background": "https://media.rawg.io/media/games/490/49016e06ae2103881ff6373248843069.jpg"
                },
                {
                    "id": 42401,
                    "name": "Отличный саундтрек",
                    "slug": "otlichnyi-saundtrek",
                    "language": "rus",
                    "games_count": 4645,
                    "image_background": "https://media.rawg.io/media/games/7cf/7cfc9220b401b7a300e409e539c9afd5.jpg"
                },
                {
                    "id": 42,
                    "name": "Great Soundtrack",
                    "slug": "great-soundtrack",
                    "language": "eng",
                    "games_count": 3421,
                    "image_background": "https://media.rawg.io/media/games/26d/26d4437715bee60138dab4a7c8c59c92.jpg"
                },
                {
                    "id": 24,
                    "name": "RPG",
                    "slug": "rpg",
                    "language": "eng",
                    "games_count": 23724,
                    "image_background": "https://media.rawg.io/media/games/bc0/bc06a29ceac58652b684deefe7d56099.jpg"
                },
                {
                    "id": 18,
                    "name": "Co-op",
                    "slug": "co-op",
                    "language": "eng",
                    "games_count": 12942,
                    "image_background": "https://media.rawg.io/media/games/713/713269608dc8f2f40f5a670a14b2de94.jpg"
                },
                {
                    "id": 42412,
                    "name": "Ролевая игра",
                    "slug": "rolevaia-igra",
                    "language": "rus",
                    "games_count": 20129,
                    "image_background": "https://media.rawg.io/media/games/d1a/d1a2e99ade53494c6330a0ed945fe823.jpg"
                },
                {
                    "id": 42442,
                    "name": "Открытый мир",
                    "slug": "otkrytyi-mir",
                    "language": "rus",
                    "games_count": 6555,
                    "image_background": "https://media.rawg.io/media/games/e6d/e6de699bd788497f4b52e2f41f9698f2.jpg"
                },
                {
                    "id": 36,
                    "name": "Open World",
                    "slug": "open-world",
                    "language": "eng",
                    "games_count": 8369,
                    "image_background": "https://media.rawg.io/media/games/4a0/4a0a1316102366260e6f38fd2a9cfdce.jpg"
                },
                {
                    "id": 411,
                    "name": "cooperative",
                    "slug": "cooperative",
                    "language": "eng",
                    "games_count": 5738,
                    "image_background": "https://media.rawg.io/media/games/f87/f87457e8347484033cb34cde6101d08d.jpg"
                },
                {
                    "id": 42435,
                    "name": "Шедевр",
                    "slug": "shedevr",
                    "language": "rus",
                    "games_count": 1059,
                    "image_background": "https://media.rawg.io/media/games/7fa/7fa0b586293c5861ee32490e953a4996.jpg"
                },
                {
                    "id": 42441,
                    "name": "От третьего лица",
                    "slug": "ot-tretego-litsa",
                    "language": "rus",
                    "games_count": 8538,
                    "image_background": "https://media.rawg.io/media/games/4e0/4e0e7b6d6906a131307c94266e5c9a1c.jpg"
                },
                {
                    "id": 149,
                    "name": "Third Person",
                    "slug": "third-person",
                    "language": "eng",
                    "games_count": 13013,
                    "image_background": "https://media.rawg.io/media/games/b49/b4912b5dbfc7ed8927b65f05b8507f6c.jpg"
                },
                {
                    "id": 40845,
                    "name": "Partial Controller Support",
                    "slug": "partial-controller-support",
                    "language": "eng",
                    "games_count": 12846,
                    "image_background": "https://media.rawg.io/media/games/7fa/7fa0b586293c5861ee32490e953a4996.jpg"
                },
                {
                    "id": 42480,
                    "name": "Фэнтези",
                    "slug": "fentezi",
                    "language": "rus",
                    "games_count": 14019,
                    "image_background": "https://media.rawg.io/media/screenshots/c97/c97b943741f5fbc936fe054d9d58851d.jpg"
                },
                {
                    "id": 64,
                    "name": "Fantasy",
                    "slug": "fantasy",
                    "language": "eng",
                    "games_count": 30264,
                    "image_background": "https://media.rawg.io/media/games/6cd/6cd653e0aaef5ff8bbd295bf4bcb12eb.jpg"
                },
                {
                    "id": 40850,
                    "name": "Steam Leaderboards",
                    "slug": "steam-leaderboards",
                    "language": "eng",
                    "games_count": 7594,
                    "image_background": "https://media.rawg.io/media/games/1fb/1fb1c5f7a71d771f440b27ce7f71e7eb.jpg"
                },
                {
                    "id": 397,
                    "name": "Online multiplayer",
                    "slug": "online-multiplayer",
                    "language": "eng",
                    "games_count": 3804,
                    "image_background": "https://media.rawg.io/media/games/f46/f466571d536f2e3ea9e815ad17177501.jpg"
                },
                {
                    "id": 42449,
                    "name": "Локальный мультиплеер",
                    "slug": "lokalnyi-multipleer",
                    "language": "rus",
                    "games_count": 4015,
                    "image_background": "https://media.rawg.io/media/games/926/926928beb8a9f9b31cf202965aa4cbbc.jpg"
                },
                {
                    "id": 75,
                    "name": "Local Co-Op",
                    "slug": "local-co-op",
                    "language": "eng",
                    "games_count": 5741,
                    "image_background": "https://media.rawg.io/media/games/c6b/c6bfece1daf8d06bc0a60632ac78e5bf.jpg"
                },
                {
                    "id": 42416,
                    "name": "Контроллер",
                    "slug": "kontroller",
                    "language": "rus",
                    "games_count": 7628,
                    "image_background": "https://media.rawg.io/media/games/85c/85c8ae70e7cdf0105f06ef6bdce63b8b.jpg"
                },
                {
                    "id": 115,
                    "name": "Controller",
                    "slug": "controller",
                    "language": "eng",
                    "games_count": 13182,
                    "image_background": "https://media.rawg.io/media/games/27b/27b02ffaab6b250cc31bf43baca1fc34.jpg"
                },
                {
                    "id": 72,
                    "name": "Local Multiplayer",
                    "slug": "local-multiplayer",
                    "language": "eng",
                    "games_count": 13564,
                    "image_background": "https://media.rawg.io/media/games/74d/74dafeb9a442b87b9dd4a1d4a2faa37b.jpg"
                },
                {
                    "id": 11669,
                    "name": "stats",
                    "slug": "stats",
                    "language": "eng",
                    "games_count": 5378,
                    "image_background": "https://media.rawg.io/media/games/21c/21cc15d233117c6809ec86870559e105.jpg"
                },
                {
                    "id": 157,
                    "name": "PvP",
                    "slug": "pvp",
                    "language": "eng",
                    "games_count": 10614,
                    "image_background": "https://media.rawg.io/media/games/1a1/1a17e9b6286edb7e1f1e510110ccb0c0.jpg"
                },
                {
                    "id": 42407,
                    "name": "Аниме",
                    "slug": "anime-2",
                    "language": "rus",
                    "games_count": 10977,
                    "image_background": "https://media.rawg.io/media/games/ca1/ca16da30f86d8f4d36261de45fb35430.jpg"
                },
                {
                    "id": 134,
                    "name": "Anime",
                    "slug": "anime",
                    "language": "eng",
                    "games_count": 15088,
                    "image_background": "https://media.rawg.io/media/games/3ea/3ea0e57ede873970c0f1130e30d88749.jpg"
                },
                {
                    "id": 42434,
                    "name": "Игрок против игрока",
                    "slug": "igrok-protiv-igroka",
                    "language": "rus",
                    "games_count": 6091,
                    "image_background": "https://media.rawg.io/media/games/179/179245a3693049a11a25b900ab18f8f7.jpg"
                },
                {
                    "id": 203,
                    "name": "Beat 'em up",
                    "slug": "beat-em-up",
                    "language": "eng",
                    "games_count": 3326,
                    "image_background": "https://media.rawg.io/media/games/8e6/8e699e91cf77c2060b6d515e2135b1b1.jpg"
                },
                {
                    "id": 42527,
                    "name": "Файтинг",
                    "slug": "faiting",
                    "language": "rus",
                    "games_count": 1114,
                    "image_background": "https://media.rawg.io/media/games/297/297a51aa1f0999016d5a35e2e1d6d8ab.jpg"
                },
                {
                    "id": 42584,
                    "name": "Ниндзя",
                    "slug": "nindzia",
                    "language": "rus",
                    "games_count": 587,
                    "image_background": "https://media.rawg.io/media/games/9eb/9ebae11c9f394b12c24901c9afb867ce.jpg"
                },
                {
                    "id": 186,
                    "name": "Ninja",
                    "slug": "ninja",
                    "language": "eng",
                    "games_count": 2440,
                    "image_background": "https://media.rawg.io/media/games/a1b/a1b4791714063c7c6793a68b3e25827a.jpg"
                },
                {
                    "id": 95,
                    "name": "Animation & Modeling",
                    "slug": "animation-modeling",
                    "language": "eng",
                    "games_count": 304,
                    "image_background": "https://media.rawg.io/media/screenshots/c6d/c6d0165e39bcb263d8b1b6319cd759e0.jpg"
                }
            ],
            "esrb_rating": null,
            "user_game": null,
            "reviews_count": 234,
            "saturated_color": "0f0f0f",
            "dominant_color": "0f0f0f",
            "short_screenshots": [
                {
                    "id": -1,
                    "image": "https://media.rawg.io/media/screenshots/0df/0df4aff421976b2a84d840faefb04124.jpg"
                },
                {
                    "id": 91077,
                    "image": "https://media.rawg.io/media/screenshots/dc7/dc7c4efcb52fc0e1433af254e10de196.jpg"
                },
                {
                    "id": 91078,
                    "image": "https://media.rawg.io/media/screenshots/951/951a3e70a7500525261cc5b1f749cc4d.jpg"
                },
                {
                    "id": 91079,
                    "image": "https://media.rawg.io/media/screenshots/a41/a414d5d2cbe7e964279afdef6dc4ad6f.jpg"
                },
                {
                    "id": 91080,
                    "image": "https://media.rawg.io/media/screenshots/ec4/ec495fd7306ccf2637cb47a5c5198851.jpg"
                },
                {
                    "id": 91081,
                    "image": "https://media.rawg.io/media/screenshots/c0c/c0cf6309327ac8bd173c1f5930a09fa7.jpg"
                },
                {
                    "id": 91082,
                    "image": "https://media.rawg.io/media/screenshots/268/268e74967071119cf48fdb3d704303c5.jpg"
                }
            ],
            "parent_platforms": [
                {
                    "platform": {
                        "id": 1,
                        "name": "PC",
                        "slug": "pc"
                    }
                },
                {
                    "platform": {
                        "id": 2,
                        "name": "PlayStation",
                        "slug": "playstation"
                    }
                },
                {
                    "platform": {
                        "id": 3,
                        "name": "Xbox",
                        "slug": "xbox"
                    }
                },
                {
                    "platform": {
                        "id": 7,
                        "name": "Nintendo",
                        "slug": "nintendo"
                    }
                }
            ],
            "genres": [
                {
                    "id": 3,
                    "name": "Adventure",
                    "slug": "adventure"
                },
                {
                    "id": 4,
                    "name": "Action",
                    "slug": "action"
                },
                {
                    "id": 6,
                    "name": "Fighting",
                    "slug": "fighting"
                }
            ]
        },
        {
            "slug": "naruto-shippuden-ultimate-ninja-storm-2",
            "name": "Naruto Shippuden: Ultimate Ninja Storm 2",
            "playtime": 4,
            "platforms": [
                {
                    "platform": {
                        "id": 4,
                        "name": "PC",
                        "slug": "pc"
                    }
                },
                {
                    "platform": {
                        "id": 1,
                        "name": "Xbox One",
                        "slug": "xbox-one"
                    }
                },
                {
                    "platform": {
                        "id": 18,
                        "name": "PlayStation 4",
                        "slug": "playstation4"
                    }
                },
                {
                    "platform": {
                        "id": 7,
                        "name": "Nintendo Switch",
                        "slug": "nintendo-switch"
                    }
                },
                {
                    "platform": {
                        "id": 14,
                        "name": "Xbox 360",
                        "slug": "xbox360"
                    }
                },
                {
                    "platform": {
                        "id": 16,
                        "name": "PlayStation 3",
                        "slug": "playstation3"
                    }
                }
            ],
            "stores": [
                {
                    "store": {
                        "id": 1,
                        "name": "Steam",
                        "slug": "steam"
                    }
                },
                {
                    "store": {
                        "id": 3,
                        "name": "PlayStation Store",
                        "slug": "playstation-store"
                    }
                },
                {
                    "store": {
                        "id": 2,
                        "name": "Xbox Store",
                        "slug": "xbox-store"
                    }
                },
                {
                    "store": {
                        "id": 6,
                        "name": "Nintendo Store",
                        "slug": "nintendo"
                    }
                }
            ],
            "released": "2010-10-15",
            "tba": false,
            "background_image": "https://media.rawg.io/media/screenshots/a77/a77ab903bb7dd2001cb17e821a9b6fc3.jpg",
            "rating": 3.98,
            "rating_top": 4,
            "ratings": [
                {
                    "id": 4,
                    "title": "recommended",
                    "count": 106,
                    "percent": 66.25
                },
                {
                    "id": 5,
                    "title": "exceptional",
                    "count": 29,
                    "percent": 18.12
                },
                {
                    "id": 3,
                    "title": "meh",
                    "count": 21,
                    "percent": 13.12
                },
                {
                    "id": 1,
                    "title": "skip",
                    "count": 4,
                    "percent": 2.5
                }
            ],
            "ratings_count": 156,
            "reviews_text_count": 3,
            "added": 868,
            "added_by_status": {
                "yet": 44,
                "owned": 585,
                "beaten": 191,
                "toplay": 12,
                "dropped": 26,
                "playing": 10
            },
            "metacritic": null,
            "suggestions_count": 446,
            "updated": "2025-02-11T01:15:28",
            "id": 40035,
            "score": null,
            "clip": null,
            "tags": [
                {
                    "id": 31,
                    "name": "Singleplayer",
                    "slug": "singleplayer",
                    "language": "eng",
                    "games_count": 236399,
                    "image_background": "https://media.rawg.io/media/games/20a/20aa03a10cda45239fe22d035c0ebe64.jpg"
                },
                {
                    "id": 42417,
                    "name": "Экшен",
                    "slug": "ekshen",
                    "language": "rus",
                    "games_count": 44970,
                    "image_background": "https://media.rawg.io/media/games/4a0/4a0a1316102366260e6f38fd2a9cfdce.jpg"
                },
                {
                    "id": 42392,
                    "name": "Приключение",
                    "slug": "prikliuchenie",
                    "language": "rus",
                    "games_count": 43223,
                    "image_background": "https://media.rawg.io/media/games/d1a/d1a2e99ade53494c6330a0ed945fe823.jpg"
                },
                {
                    "id": 40847,
                    "name": "Steam Achievements",
                    "slug": "steam-achievements",
                    "language": "eng",
                    "games_count": 44039,
                    "image_background": "https://media.rawg.io/media/games/2ba/2bac0e87cf45e5b508f227d281c9252a.jpg"
                },
                {
                    "id": 40836,
                    "name": "Full controller support",
                    "slug": "full-controller-support",
                    "language": "eng",
                    "games_count": 20784,
                    "image_background": "https://media.rawg.io/media/games/16b/16b1b7b36e2042d1128d5a3e852b3b2f.jpg"
                },
                {
                    "id": 40849,
                    "name": "Steam Cloud",
                    "slug": "steam-cloud",
                    "language": "eng",
                    "games_count": 21239,
                    "image_background": "https://media.rawg.io/media/games/d58/d588947d4286e7b5e0e12e1bea7d9844.jpg"
                },
                {
                    "id": 42425,
                    "name": "Для нескольких игроков",
                    "slug": "dlia-neskolkikh-igrokov",
                    "language": "rus",
                    "games_count": 11306,
                    "image_background": "https://media.rawg.io/media/games/6fc/6fcf4cd3b17c288821388e6085bb0fc9.jpg"
                },
                {
                    "id": 42394,
                    "name": "Глубокий сюжет",
                    "slug": "glubokii-siuzhet",
                    "language": "rus",
                    "games_count": 15104,
                    "image_background": "https://media.rawg.io/media/games/da1/da1b267764d77221f07a4386b6548e5a.jpg"
                },
                {
                    "id": 42421,
                    "name": "Стратегия",
                    "slug": "strategiia",
                    "language": "rus",
                    "games_count": 21532,
                    "image_background": "https://media.rawg.io/media/games/1bd/1bd2657b81eb0c99338120ad444b24ff.jpg"
                },
                {
                    "id": 40850,
                    "name": "Steam Leaderboards",
                    "slug": "steam-leaderboards",
                    "language": "eng",
                    "games_count": 7594,
                    "image_background": "https://media.rawg.io/media/games/1fb/1fb1c5f7a71d771f440b27ce7f71e7eb.jpg"
                },
                {
                    "id": 72,
                    "name": "Local Multiplayer",
                    "slug": "local-multiplayer",
                    "language": "eng",
                    "games_count": 13564,
                    "image_background": "https://media.rawg.io/media/games/74d/74dafeb9a442b87b9dd4a1d4a2faa37b.jpg"
                },
                {
                    "id": 11669,
                    "name": "stats",
                    "slug": "stats",
                    "language": "eng",
                    "games_count": 5378,
                    "image_background": "https://media.rawg.io/media/games/21c/21cc15d233117c6809ec86870559e105.jpg"
                },
                {
                    "id": 42407,
                    "name": "Аниме",
                    "slug": "anime-2",
                    "language": "rus",
                    "games_count": 10977,
                    "image_background": "https://media.rawg.io/media/games/ca1/ca16da30f86d8f4d36261de45fb35430.jpg"
                },
                {
                    "id": 134,
                    "name": "Anime",
                    "slug": "anime",
                    "language": "eng",
                    "games_count": 15088,
                    "image_background": "https://media.rawg.io/media/games/3ea/3ea0e57ede873970c0f1130e30d88749.jpg"
                },
                {
                    "id": 42527,
                    "name": "Файтинг",
                    "slug": "faiting",
                    "language": "rus",
                    "games_count": 1114,
                    "image_background": "https://media.rawg.io/media/games/297/297a51aa1f0999016d5a35e2e1d6d8ab.jpg"
                },
                {
                    "id": 42584,
                    "name": "Ниндзя",
                    "slug": "nindzia",
                    "language": "rus",
                    "games_count": 587,
                    "image_background": "https://media.rawg.io/media/games/9eb/9ebae11c9f394b12c24901c9afb867ce.jpg"
                }
            ],
            "esrb_rating": null,
            "user_game": null,
            "reviews_count": 160,
            "saturated_color": "0f0f0f",
            "dominant_color": "0f0f0f",
            "short_screenshots": [
                {
                    "id": -1,
                    "image": "https://media.rawg.io/media/screenshots/a77/a77ab903bb7dd2001cb17e821a9b6fc3.jpg"
                },
                {
                    "id": 548621,
                    "image": "https://media.rawg.io/media/screenshots/575/575b6179be8dd0a270e83a11d3633e24.jpg"
                },
                {
                    "id": 548622,
                    "image": "https://media.rawg.io/media/screenshots/82b/82b7a49c7fc2cdfead8e16d28bffd764.jpg"
                },
                {
                    "id": 548623,
                    "image": "https://media.rawg.io/media/screenshots/82c/82cff4cbf78070d003db0ac0693c75f7.jpg"
                },
                {
                    "id": 548624,
                    "image": "https://media.rawg.io/media/screenshots/048/048a30e59eb61eb776aaae42b62144f9.jpg"
                },
                {
                    "id": 548625,
                    "image": "https://media.rawg.io/media/screenshots/e1d/e1dfee9c0e4a196e8659b81472e995d0.jpg"
                },
                {
                    "id": 548626,
                    "image": "https://media.rawg.io/media/screenshots/931/931905ec58dce5f9eea447eda2aa335d.jpg"
                }
            ],
            "parent_platforms": [
                {
                    "platform": {
                        "id": 1,
                        "name": "PC",
                        "slug": "pc"
                    }
                },
                {
                    "platform": {
                        "id": 2,
                        "name": "PlayStation",
                        "slug": "playstation"
                    }
                },
                {
                    "platform": {
                        "id": 3,
                        "name": "Xbox",
                        "slug": "xbox"
                    }
                },
                {
                    "platform": {
                        "id": 7,
                        "name": "Nintendo",
                        "slug": "nintendo"
                    }
                }
            ],
            "genres": [
                {
                    "id": 10,
                    "name": "Strategy",
                    "slug": "strategy"
                },
                {
                    "id": 3,
                    "name": "Adventure",
                    "slug": "adventure"
                },
                {
                    "id": 4,
                    "name": "Action",
                    "slug": "action"
                },
                {
                    "id": 6,
                    "name": "Fighting",
                    "slug": "fighting"
                }
            ]
        }
    ],
    "user_platforms": false
}