{
    "count": 2,
    "next": null,
    "previous": null,
    "results": [
        {
            "slug": "undertale-a-date-with-papyrus-beta",
            "name": "Undertale: A Date With Papyrus BETA",
            "playtime": 0,
            "platforms": [
                {
                    "platform": {
                        "id": 171,
                        "name": "Web",
                        "slug": "web"
                    }
                }
            ],
            "stores": [
                {
                    "store": {
                        "id": 9,
                        "name": "itch.io",
                        "slug": "itch"
                    }
                }
            ],
            "released": "2021-05-10",
            "tba": false,
            "background_image": "https://media.rawg.io/media/screenshots/b5f/b5f09ffb459b38cc3d54c55fc1424650.jpg",
            "rating": 0.0,
            "rating_top": 0,
            "ratings": [],
            "ratings_count": 0,
            "reviews_text_count": 0,
            "added": 0,
            "added_by_status": null,
            "metacritic": null,
            "suggestions_count": 0,
            "updated": "2021-05-14T10:11:28",
            "id": 603657,
            "score": null,
            "clip": null,
            "tags": [
                {
                    "id": 1465,
                    "name": "combat",
                    "slug": "combat",
                    "language": "eng",
                    "games_count": 4828,
                    "image_background": "https://media.rawg.io/media/screenshots/bf9/bf987c6a9734996d3be6838357d369b2.jpg"
                },
                {
                    "id": 583,
                    "name": "Narrative",
                    "slug": "narrative",
                    "language": "eng",
                    "games_count": 4436,
                    "image_background": "https://media.rawg.io/media/screenshots/112/11216503c1a138e5f5a5f545271a0fc0.jpg"
                },
                {
                    "id": 1129,
                    "name": "art",
                    "slug": "art",
                    "language": "eng",
                    "games_count": 6433,
                    "image_background": "https://media.rawg.io/media/screenshots/46f/46f5d8a8aae5b01cbed2963f2ab451ab.jpg"
                },
                {
                    "id": 3992,
                    "name": "clone",
                    "slug": "clone",
                    "language": "eng",
                    "games_count": 666,
                    "image_background": "https://media.rawg.io/media/screenshots/d45/d4549165a576a10f78ae662666d95c09_jO4CUjQ.jpg"
                },
                {
                    "id": 1746,
                    "name": "dialogue",
                    "slug": "dialogue",
                    "language": "eng",
                    "games_count": 636,
                    "image_background": "https://media.rawg.io/media/games/dec/dec6c4cec017795185de9b447fb0b52e.jpg"
                },
                {
                    "id": 1715,
                    "name": "fox",
                    "slug": "fox",
                    "language": "eng",
                    "games_count": 453,
                    "image_background": "https://media.rawg.io/media/screenshots/cec/cec9d2677076f2ca13c2fb326c4ebbc3.jpg"
                },
                {
                    "id": 2774,
                    "name": "learn",
                    "slug": "learn",
                    "language": "eng",
                    "games_count": 552,
                    "image_background": "https://media.rawg.io/media/screenshots/4c0/4c06962c3d6976e060e33ee125e083b8.jpg"
                }
            ],
            "esrb_rating": null,
            "user_game": null,
            "reviews_count": 0,
            "community_rating": 0,
            "saturated_color": "0f0f0f",
            "dominant_color": "0f0f0f",
            "short_screenshots": [
                {
                    "id": -1,
                    "image": "https://media.rawg.io/media/screenshots/b5f/b5f09ffb459b38cc3d54c55fc1424650.jpg"
                },
                {
                    "id": 2844355,
                    "image": "https://media.rawg.io/media/screenshots/079/0796c42f62fa54cf40683911d99aad24.jpg"
                },
                {
                    "id": 2844356,
                    "image": "https://media.rawg.io/media/screenshots/bb2/bb2913f058fc9805c697660450bfe7ae.jpg"
                },
                {
                    "id": 2844357,
                    "image": "https://media.rawg.io/media/screenshots/35e/35efacfbf26369e58e323e9d54de342f.jpg"
                },
                {
                    "id": 2844358,
                    "image": "https://media.rawg.io/media/screenshots/b5f/b5f09ffb459b38cc3d54c55fc1424650.jpg"
                }
            ],
            "parent_platforms": [
                {
                    "platform": {
                        "id": 14,
                        "name": "Web",
                        "slug": "web"
                    }
                }
            ],
            "genres": []
        },
        {
            "slug": "eat-kraken-v2",
            "name": "eat kraken v2",
            "playtime": 0,
            "platforms": [
                {
                    "platform": {
                        "id": 4,
                        "name": "PC",
                        "slug": "pc"
                    }
                },
                {
                    "platform": {
                        "id": 5,
                        "name": "macOS",
                        "slug": "macos"
                    }
                }
            ],
            "stores": [
                {
                    "store": {
                        "id": 9,
                        "name": "itch.io",
                        "slug": "itch"
                    }
                }
            ],
            "released": "2022-05-09",
            "tba": false,
            "background_image": "https://media.rawg.io/media/screenshots/f17/f1758847711702b1d7f6f4697288593c.jpg",
            "rating": 0.0,
            "rating_top": 0,
            "ratings": [],
            "ratings_count": 0,
            "reviews_text_count": 0,
            "added": 0,
            "added_by_status": null,
            "metacritic": null,
            "suggestions_count": 0,
            "updated": "2022-05-13T17:16:14",
            "id": 785284,
            "score": null,
            "clip": null,
            "tags": [
                {
                    "id": 25,
                    "name": "Space",
                    "slug": "space",
                    "language": "eng",
                    "games_count": 35985,
                    "image_background": "https://media.rawg.io/media/games/e1f/e1ffbeb1bac25b19749ad285ca29e158.jpg"
                },
                {
                    "id": 67,
                    "name": "Management",
                    "slug": "management",
                    "language": "eng",
                    "games_count": 5301,
                    "image_background": "https://media.rawg.io/media/games/ea6/ea6d85ea0239943ff31a86097fb3fbc3.jpg"
                },
                {
                    "id": 808,
                    "name": "character",
                    "slug": "character",
                    "language": "eng",
                    "games_count": 7845,
                    "image_background": "https://media.rawg.io/media/games/974/974d08635981db7677630327ce1fe4bb.jpg"
                },
                {
                    "id": 1709,
                    "name": "work",
                    "slug": "work",
                    "language": "eng",
                    "games_count": 8196,
                    "image_background": "https://media.rawg.io/media/screenshots/e57/e5789418072354d759c3d525000e6332.jpg"
                },
                {
                    "id": 1530,
                    "name": "animation",
                    "slug": "animation",
                    "language": "eng",
                    "games_count": 2817,
                    "image_background": "https://media.rawg.io/media/screenshots/a82/a8218d24d083ddbd808e6d16f9063042.jpg"
                },
                {
                    "id": 1746,
                    "name": "dialogue",
                    "slug": "dialogue",
                    "language": "eng",
                    "games_count": 900,
                    "image_background": "https://media.rawg.io/media/screenshots/34a/34ab311451a42830da586fe02c37fb59.jpg"
                },
                {
                    "id": 4934,
                    "name": "health",
                    "slug": "health",
                    "language": "eng",
                    "games_count": 1076,
                    "image_background": "https://media.rawg.io/media/screenshots/90b/90b8264e058f57a2586c6b964789de55.jpg"
                },
                {
                    "id": 4881,
                    "name": "bugs",
                    "slug": "bugs",
                    "language": "eng",
                    "games_count": 3420,
                    "image_background": "https://media.rawg.io/media/screenshots/54f/54fcfaf9af80910b41c1eb88b6af9555.jpg"
                },
                {
                    "id": 8529,
                    "name": "luck",
                    "slug": "luck",
                    "language": "eng",
                    "games_count": 663,
                    "image_background": "https://media.rawg.io/media/screenshots/9b6/9b6fec74f6f0e461d823e4592d107404.jpg"
                },
                {
                    "id": 6835,
                    "name": "knife",
                    "slug": "knife",
                    "language": "eng",
                    "games_count": 82,
                    "image_background": "https://media.rawg.io/media/screenshots/d83/d839776ecac0da0af0364b3567e9a5d0.jpg"
                },
                {
                    "id": 19688,
                    "name": "spring",
                    "slug": "spring",
                    "language": "eng",
                    "games_count": 234,
                    "image_background": "https://media.rawg.io/media/screenshots/ae8/ae863ffe764414e3ee96bde6beec7c5e.jpg"
                },
                {
                    "id": 6467,
                    "name": "mushroom",
                    "slug": "mushroom",
                    "language": "eng",
                    "games_count": 141,
                    "image_background": "https://media.rawg.io/media/screenshots/286/2864272f3d7c2af02f41452bfe510cc7.jpg"
                },
                {
                    "id": 1412,
                    "name": "design",
                    "slug": "design",
                    "language": "eng",
                    "games_count": 242,
                    "image_background": "https://media.rawg.io/media/screenshots/b75/b754024d349bf057e41ec0ad5fc52a04.jpg"
                },
                {
                    "id": 6063,
                    "name": "cook",
                    "slug": "cook",
                    "language": "eng",
                    "games_count": 117,
                    "image_background": "https://media.rawg.io/media/screenshots/528/528fb5db0ae5f42dd4db75037fb8fca7.jpg"
                },
                {
                    "id": 3399,
                    "name": "squid",
                    "slug": "squid",
                    "language": "eng",
                    "games_count": 101,
                    "image_background": "https://media.rawg.io/media/screenshots/92e/92ee10e2fe89821fcc734a51ec317844.jpg"
                }
            ],
            "esrb_rating": null,
            "user_game": null,
            "reviews_count": 0,
            "community_rating": 0,
            "saturated_color": "0f0f0f",
            "dominant_color": "0f0f0f",
            "short_screenshots": [
                {
                    "id": -1,
                    "image": "https://media.rawg.io/media/screenshots/f17/f1758847711702b1d7f6f4697288593c.jpg"
                },
                {
                    "id": 3372966,
                    "image": "https://media.rawg.io/media/screenshots/3f0/3f0b0d632c5f3650da95fcdc85a65605.jpg"
                },
                {
                    "id": 3372967,
                    "image": "https://media.rawg.io/media/screenshots/fbc/fbc8e52bfd30d0636bd43a89944f48dd.jpg"
                },
                {
                    "id": 3372968,
                    "image": "https://media.rawg.io/media/screenshots/fcb/fcbc551afabeccf58a9ea63de95319b0.jpg"
                },
                {
                    "id": 3372969,
                    "image": "https://media.rawg.io/media/screenshots/522/5227992c1dfd7b939dac031d801cff7f.jpg"
                },
                {
                    "id": 3372970,
                    "image": "https://media.rawg.io/media/screenshots/f17/f1758847711702b1d7f6f4697288593c.jpg"
                }
            ],
            "parent_platforms": [
                {
                    "platform": {
                        "id": 1,
                        "name": "PC",
                        "slug": "pc"
                    }
                },
                {
                    "platform": {
                        "id": 5,
                        "name": "Apple Macintosh",
                        "slug": "mac"
                    }
                }
            ],
            "genres": []
        }
    ],
    "user_platforms": false
}