{
    "count": 36,
    "next": "https://api.rawg.io/api/games?developers=3868&key=6144c1f5ae184e6a89a3e2b34caf541c&ordering=-rating&page=2&page_size=10",
    "previous": null,
    "results": [
        {
            "slug": "xcom-enemy-within",
            "name": "XCOM: Enemy Within",
            "playtime": 0,
            "platforms": [
                {
                    "platform": {
                        "id": 4,
                        "name": "PC",
                        "slug": "pc"
                    }
                },
                {
                    "platform": {
                        "id": 1,
                        "name": "Xbox One",
                        "slug": "xbox-one"
                    }
                },
                {
                    "platform": {
                        "id": 3,
                        "name": "iOS",
                        "slug": "ios"
                    }
                },
                {
                    "platform": {
                        "id": 21,
                        "name": "Android",
                        "slug": "android"
                    }
                },
                {
                    "platform": {
                        "id": 14,
                        "name": "Xbox 360",
                        "slug": "xbox360"
                    }
                },
                {
                    "platform": {
                        "id": 16,
                        "name": "PlayStation 3",
                        "slug": "playstation3"
                    }
                },
                {
                    "platform": {
                        "id": 19,
                        "name": "PS Vita",
                        "slug": "ps-vita"
                    }
                }
            ],
            "stores": [
                {
                    "store": {
                        "id": 1,
                        "name": "Steam",
                        "slug": "steam"
                    }
                },
                {
                    "store": {
                        "id": 3,
                        "name": "PlayStation Store",
                        "slug": "playstation-store"
                    }
                },
                {
                    "store": {
                        "id": 2,
                        "name": "Xbox Store",
                        "slug": "xbox-store"
                    }
                },
                {
                    "store": {
                        "id": 4,
                        "name": "App Store",
                        "slug": "apple-appstore"
                    }
                },
                {
                    "store": {
                        "id": 7,
                        "name": "Xbox 360 Store",
                        "slug": "xbox360"
                    }
                },
                {
                    "store": {
                        "id": 8,
                        "name": "Google Play",
                        "slug": "google-play"
                    }
                }
            ],
            "released": "2013-11-12",
            "tba": false,
            "background_image": "https://media.rawg.io/media/screenshots/991/991727f5bd183a5ffbacfbb1944cc884.jpg",
            "rating": 4.46,
            "rating_top": 5,
            "ratings": [
                {
                    "id": 5,
                    "title": "exceptional",
                    "count": 162,
                    "percent": 56.84
                },
                {
                    "id": 4,
                    "title": "recommended",
                    "count": 104,
                    "percent": 36.49
                },
                {
                    "id": 3,
                    "title": "meh",
                    "count": 13,
                    "percent": 4.56
                },
                {
                    "id": 1,
                    "title": "skip",
                    "count": 6,
                    "percent": 2.11
                }
            ],
            "ratings_count": 283,
            "reviews_text_count": 2,
            "added": 712,
            "added_by_status": {
                "yet": 40,
                "owned": 295,
                "beaten": 237,
                "toplay": 52,
                "dropped": 73,
                "playing": 15
            },
            "metacritic": 86,
            "suggestions_count": 650,
            "updated": "2025-02-24T18:36:38",
            "id": 622,
            "score": null,
            "clip": null,
            "tags": [
                {
                    "id": 7,
                    "name": "Multiplayer",
                    "slug": "multiplayer",
                    "language": "eng",
                    "games_count": 40048,
                    "image_background": "https://media.rawg.io/media/games/2ba/2bac0e87cf45e5b508f227d281c9252a.jpg"
                },
                {
                    "id": 406,
                    "name": "Story",
                    "slug": "story",
                    "language": "eng",
                    "games_count": 11480,
                    "image_background": "https://media.rawg.io/media/games/6fd/6fd971ffa72faa1758960d25ef6196bc.jpg"
                },
                {
                    "id": 981,
                    "name": "battle",
                    "slug": "battle",
                    "language": "eng",
                    "games_count": 10679,
                    "image_background": "https://media.rawg.io/media/screenshots/7f8/7f8b58994fc420fefaa5fb9992335a11.jpg"
                },
                {
                    "id": 1063,
                    "name": "html",
                    "slug": "html",
                    "language": "eng",
                    "games_count": 2201,
                    "image_background": "https://media.rawg.io/media/screenshots/59a/59a56552a874f1a2f92c6b5c15a809f6.jpg"
                }
            ],
            "esrb_rating": null,
            "user_game": null,
            "reviews_count": 285,
            "saturated_color": "0f0f0f",
            "dominant_color": "0f0f0f",
            "short_screenshots": [
                {
                    "id": -1,
                    "image": "https://media.rawg.io/media/screenshots/991/991727f5bd183a5ffbacfbb1944cc884.jpg"
                },
                {
                    "id": 613791,
                    "image": "https://media.rawg.io/media/screenshots/06e/06ee2da74e1e668faafe4d1cf1269c62.jpg"
                },
                {
                    "id": 613792,
                    "image": "https://media.rawg.io/media/screenshots/a2b/a2b6620eb67cfabce71f25164e19f26b.jpg"
                },
                {
                    "id": 613793,
                    "image": "https://media.rawg.io/media/screenshots/26d/26d223671bcce10c338c4434a4a8e13c.jpg"
                },
                {
                    "id": 613794,
                    "image": "https://media.rawg.io/media/screenshots/3f8/3f8cb229cf49d38ed17c7dead14d8436.jpg"
                },
                {
                    "id": 613795,
                    "image": "https://media.rawg.io/media/screenshots/518/518c5464356574be15f74aa547f20215.jpg"
                },
                {
                    "id": 613796,
                    "image": "https://media.rawg.io/media/screenshots/49c/49c5c08a00b9cb315dfb2888861df07d.jpg"
                }
            ],
            "parent_platforms": [
                {
                    "platform": {
                        "id": 1,
                        "name": "PC",
                        "slug": "pc"
                    }
                },
                {
                    "platform": {
                        "id": 2,
                        "name": "PlayStation",
                        "slug": "playstation"
                    }
                },
                {
                    "platform": {
                        "id": 3,
                        "name": "Xbox",
                        "slug": "xbox"
                    }
                },
                {
                    "platform": {
                        "id": 4,
                        "name": "iOS",
                        "slug": "ios"
                    }
                },
                {
                    "platform": {
                        "id": 8,
                        "name": "Android",
                        "slug": "android"
                    }
                }
            ],
            "genres": [
                {
                    "id": 10,
                    "name": "Strategy",
                    "slug": "strategy"
                },
                {
                    "id": 4,
                    "name": "Action",
                    "slug": "action"
                },
                {
                    "id": 14,
                    "name": "Simulation",
                    "slug": "simulation"
                }
            ]
        },
        {
            "slug": "xcom-2-war-of-the-chosen",
            "name": "XCOM 2: War of the Chosen",
            "playtime": 0,
            "platforms": [
                {
                    "platform": {
                        "id": 4,
                        "name": "PC",
                        "slug": "pc"
                    }
                },
                {
                    "platform": {
                        "id": 1,
                        "name": "Xbox One",
                        "slug": "xbox-one"
                    }
                },
                {
                    "platform": {
                        "id": 18,
                        "name": "PlayStation 4",
                        "slug": "playstation4"
                    }
                },
                {
                    "platform": {
                        "id": 5,
                        "name": "macOS",
                        "slug": "macos"
                    }
                },
                {
                    "platform": {
                        "id": 6,
                        "name": "Linux",
                        "slug": "linux"
                    }
                }
            ],
            "stores": [
                {
                    "store": {
                        "id": 1,
                        "name": "Steam",
                        "slug": "steam"
                    }
                }
            ],
            "released": "2017-08-29",
            "tba": false,
            "background_image": "https://media.rawg.io/media/games/824/8244534a6db2180e177271cebb9c002f.jpg",
            "rating": 4.4,
            "rating_top": 5,
            "ratings": [
                {
                    "id": 5,
                    "title": "exceptional",
                    "count": 138,
                    "percent": 61.61
                },
                {
                    "id": 4,
                    "title": "recommended",
                    "count": 57,
                    "percent": 25.45
                },
                {
                    "id": 3,
                    "title": "meh",
                    "count": 19,
                    "percent": 8.48
                },
                {
                    "id": 1,
                    "title": "skip",
                    "count": 10,
                    "percent": 4.46
                }
            ],
            "ratings_count": 220,
            "reviews_text_count": 4,
            "added": 415,
            "added_by_status": {
                "yet": 43,
                "owned": 81,
                "beaten": 141,
                "toplay": 84,
                "dropped": 41,
                "playing": 25
            },
            "metacritic": 95,
            "suggestions_count": 345,
            "updated": "2025-01-29T18:41:55",
            "id": 45958,
            "score": null,
            "clip": null,
            "tags": [
                {
                    "id": 31,
                    "name": "Singleplayer",
                    "slug": "singleplayer",
                    "language": "eng",
                    "games_count": 235909,
                    "image_background": "https://media.rawg.io/media/games/34b/34b1f1850a1c06fd971bc6ab3ac0ce0e.jpg"
                },
                {
                    "id": 40847,
                    "name": "Steam Achievements",
                    "slug": "steam-achievements",
                    "language": "eng",
                    "games_count": 43776,
                    "image_background": "https://media.rawg.io/media/games/490/49016e06ae2103881ff6373248843069.jpg"
                },
                {
                    "id": 7,
                    "name": "Multiplayer",
                    "slug": "multiplayer",
                    "language": "eng",
                    "games_count": 40100,
                    "image_background": "https://media.rawg.io/media/games/4a0/4a0a1316102366260e6f38fd2a9cfdce.jpg"
                },
                {
                    "id": 40849,
                    "name": "Steam Cloud",
                    "slug": "steam-cloud",
                    "language": "eng",
                    "games_count": 21086,
                    "image_background": "https://media.rawg.io/media/games/c6b/c6bfece1daf8d06bc0a60632ac78e5bf.jpg"
                },
                {
                    "id": 80,
                    "name": "Tactical",
                    "slug": "tactical",
                    "language": "eng",
                    "games_count": 5748,
                    "image_background": "https://media.rawg.io/media/games/1a1/1a17e9b6286edb7e1f1e510110ccb0c0.jpg"
                },
                {
                    "id": 102,
                    "name": "Turn-Based",
                    "slug": "turn-based",
                    "language": "eng",
                    "games_count": 5450,
                    "image_background": "https://media.rawg.io/media/screenshots/010/0101f021b2dc123c98969fda7e4bcd92.jpg"
                },
                {
                    "id": 172,
                    "name": "Aliens",
                    "slug": "aliens",
                    "language": "eng",
                    "games_count": 7137,
                    "image_background": "https://media.rawg.io/media/games/198/1988a337305e008b41d7f536ce9b73f6.jpg"
                }
            ],
            "esrb_rating": {
                "id": 3,
                "name": "Teen",
                "slug": "teen",
                "name_en": "Teen",
                "name_ru": "С 13 лет"
            },
            "user_game": null,
            "reviews_count": 224,
            "saturated_color": "0f0f0f",
            "dominant_color": "0f0f0f",
            "short_screenshots": [
                {
                    "id": -1,
                    "image": "https://media.rawg.io/media/games/824/8244534a6db2180e177271cebb9c002f.jpg"
                },
                {
                    "id": 653495,
                    "image": "https://media.rawg.io/media/screenshots/3a8/3a8eeb2638c573d7efb98ab4f7441fbc.jpg"
                },
                {
                    "id": 653496,
                    "image": "https://media.rawg.io/media/screenshots/fbd/fbd8237d95731597e58ac45ca9e03c66.jpg"
                },
                {
                    "id": 653497,
                    "image": "https://media.rawg.io/media/screenshots/44c/44c36283350a0accf299f4cd7bcb29db.jpg"
                },
                {
                    "id": 653498,
                    "image": "https://media.rawg.io/media/screenshots/573/5737eefee61f195ba0c2a6d6c8c55132.jpg"
                },
                {
                    "id": 653499,
                    "image": "https://media.rawg.io/media/screenshots/63f/63faa690e80ed58e6bd1050ff471bf81.jpg"
                }
            ],
            "parent_platforms": [
                {
                    "platform": {
                        "id": 1,
                        "name": "PC",
                        "slug": "pc"
                    }
                },
                {
                    "platform": {
                        "id": 2,
                        "name": "PlayStation",
                        "slug": "playstation"
                    }
                },
                {
                    "platform": {
                        "id": 3,
                        "name": "Xbox",
                        "slug": "xbox"
                    }
                },
                {
                    "platform": {
                        "id": 5,
                        "name": "Apple Macintosh",
                        "slug": "mac"
                    }
                },
                {
                    "platform": {
                        "id": 6,
                        "name": "Linux",
                        "slug": "linux"
                    }
                }
            ],
            "genres": [
                {
                    "id": 10,
                    "name": "Strategy",
                    "slug": "strategy"
                }
            ]
        },
        {
            "slug": "civilization-3-conquests",
            "name": "Civilization 3: Conquests",
            "playtime": 0,
            "platforms": [
                {
                    "platform": {
                        "id": 4,
                        "name": "PC",
                        "slug": "pc"
                    }
                }
            ],
            "stores": null,
            "released": "2003-11-04",
            "tba": false,
            "background_image": "https://media.rawg.io/media/screenshots/d0a/d0a700954a1d9a44dc410c6e2d453772.jpg",
            "rating": 4.33,
            "rating_top": 5,
            "ratings": [
                {
                    "id": 5,
                    "title": "exceptional",
                    "count": 12,
                    "percent": 57.14
                },
                {
                    "id": 4,
                    "title": "recommended",
                    "count": 6,
                    "percent": 28.57
                },
                {
                    "id": 3,
                    "title": "meh",
                    "count": 2,
                    "percent": 9.52
                },
                {
                    "id": 1,
                    "title": "skip",
                    "count": 1,
                    "percent": 4.76
                }
            ],
            "ratings_count": 21,
            "reviews_text_count": 0,
            "added": 42,
            "added_by_status": {
                "yet": 4,
                "owned": 10,
                "beaten": 17,
                "toplay": 3,
                "dropped": 7,
                "playing": 1
            },
            "metacritic": null,
            "suggestions_count": 391,
            "updated": "2023-08-02T19:43:08",
            "id": 35155,
            "score": null,
            "clip": null,
            "tags": [],
            "esrb_rating": null,
            "user_game": null,
            "reviews_count": 21,
            "saturated_color": "0f0f0f",
            "dominant_color": "0f0f0f",
            "short_screenshots": [
                {
                    "id": -1,
                    "image": "https://media.rawg.io/media/screenshots/d0a/d0a700954a1d9a44dc410c6e2d453772.jpg"
                },
                {
                    "id": 368570,
                    "image": "https://media.rawg.io/media/screenshots/4cd/4cd95ea079853cad2d0057ecb837befd.jpg"
                },
                {
                    "id": 368571,
                    "image": "https://media.rawg.io/media/screenshots/7aa/7aae02181a18b00354921ca58e0538b6.jpg"
                },
                {
                    "id": 368572,
                    "image": "https://media.rawg.io/media/screenshots/d9e/d9e4777e91fa98dba579cf3d6ce3f8b5.jpg"
                },
                {
                    "id": 368573,
                    "image": "https://media.rawg.io/media/screenshots/c3b/c3b522b9dbd4000b5c98df1da261168c.jpg"
                },
                {
                    "id": 368574,
                    "image": "https://media.rawg.io/media/screenshots/0ae/0ae7c9c257e6010bf138977440f10370.jpg"
                },
                {
                    "id": 368575,
                    "image": "https://media.rawg.io/media/screenshots/ee8/ee8d27e3821727d816367cdfad641880.jpg"
                }
            ],
            "parent_platforms": [
                {
                    "platform": {
                        "id": 1,
                        "name": "PC",
                        "slug": "pc"
                    }
                }
            ],
            "genres": []
        },
        {
            "slug": "civilization-v",
            "name": "Sid Meier's Civilization V",
            "playtime": 27,
            "platforms": [
                {
                    "platform": {
                        "id": 4,
                        "name": "PC",
                        "slug": "pc"
                    }
                },
                {
                    "platform": {
                        "id": 5,
                        "name": "macOS",
                        "slug": "macos"
                    }
                },
                {
                    "platform": {
                        "id": 6,
                        "name": "Linux",
                        "slug": "linux"
                    }
                }
            ],
            "stores": [
                {
                    "store": {
                        "id": 1,
                        "name": "Steam",
                        "slug": "steam"
                    }
                },
                {
                    "store": {
                        "id": 4,
                        "name": "App Store",
                        "slug": "apple-appstore"
                    }
                }
            ],
            "released": "2010-09-21",
            "tba": false,
            "background_image": "https://media.rawg.io/media/games/55e/55ee6432ac2bf224610fa17e4c652107.jpg",
            "rating": 4.29,
            "rating_top": 4,
            "ratings": [
                {
                    "id": 4,
                    "title": "recommended",
                    "count": 955,
                    "percent": 47.94
                },
                {
                    "id": 5,
                    "title": "exceptional",
                    "count": 863,
                    "percent": 43.32
                },
                {
                    "id": 3,
                    "title": "meh",
                    "count": 123,
                    "percent": 6.17
                },
                {
                    "id": 1,
                    "title": "skip",
                    "count": 51,
                    "percent": 2.56
                }
            ],
            "ratings_count": 1982,
            "reviews_text_count": 7,
            "added": 9697,
            "added_by_status": {
                "yet": 241,
                "owned": 7347,
                "beaten": 1127,
                "toplay": 87,
                "dropped": 738,
                "playing": 157
            },
            "metacritic": 90,
            "suggestions_count": 448,
            "updated": "2025-03-18T19:04:00",
            "id": 13633,
            "score": null,
            "clip": null,
            "tags": [
                {
                    "id": 31,
                    "name": "Singleplayer",
                    "slug": "singleplayer",
                    "language": "eng",
                    "games_count": 236808,
                    "image_background": "https://media.rawg.io/media/games/4be/4be6a6ad0364751a96229c56bf69be59.jpg"
                },
                {
                    "id": 42396,
                    "name": "Для одного игрока",
                    "slug": "dlia-odnogo-igroka",
                    "language": "rus",
                    "games_count": 59339,
                    "image_background": "https://media.rawg.io/media/games/49c/49c3dfa4ce2f6f140cc4825868e858cb.jpg"
                },
                {
                    "id": 40847,
                    "name": "Steam Achievements",
                    "slug": "steam-achievements",
                    "language": "eng",
                    "games_count": 44261,
                    "image_background": "https://media.rawg.io/media/games/b8c/b8c243eaa0fbac8115e0cdccac3f91dc.jpg"
                },
                {
                    "id": 7,
                    "name": "Multiplayer",
                    "slug": "multiplayer",
                    "language": "eng",
                    "games_count": 40265,
                    "image_background": "https://media.rawg.io/media/games/021/021c4e21a1824d2526f925eff6324653.jpg"
                },
                {
                    "id": 40849,
                    "name": "Steam Cloud",
                    "slug": "steam-cloud",
                    "language": "eng",
                    "games_count": 21355,
                    "image_background": "https://media.rawg.io/media/games/be0/be01c3d7d8795a45615da139322ca080.jpg"
                },
                {
                    "id": 42425,
                    "name": "Для нескольких игроков",
                    "slug": "dlia-neskolkikh-igrokov",
                    "language": "rus",
                    "games_count": 11352,
                    "image_background": "https://media.rawg.io/media/games/157/15742f2f67eacff546738e1ab5c19d20.jpg"
                },
                {
                    "id": 7808,
                    "name": "steam-trading-cards",
                    "slug": "steam-trading-cards",
                    "language": "eng",
                    "games_count": 7568,
                    "image_background": "https://media.rawg.io/media/games/d58/d588947d4286e7b5e0e12e1bea7d9844.jpg"
                },
                {
                    "id": 42401,
                    "name": "Отличный саундтрек",
                    "slug": "otlichnyi-saundtrek",
                    "language": "rus",
                    "games_count": 4645,
                    "image_background": "https://media.rawg.io/media/games/7cf/7cfc9220b401b7a300e409e539c9afd5.jpg"
                },
                {
                    "id": 42,
                    "name": "Great Soundtrack",
                    "slug": "great-soundtrack",
                    "language": "eng",
                    "games_count": 3421,
                    "image_background": "https://media.rawg.io/media/games/26d/26d4437715bee60138dab4a7c8c59c92.jpg"
                },
                {
                    "id": 18,
                    "name": "Co-op",
                    "slug": "co-op",
                    "language": "eng",
                    "games_count": 12990,
                    "image_background": "https://media.rawg.io/media/games/4e0/4e0e7b6d6906a131307c94266e5c9a1c.jpg"
                },
                {
                    "id": 42421,
                    "name": "Стратегия",
                    "slug": "strategiia",
                    "language": "rus",
                    "games_count": 21623,
                    "image_background": "https://media.rawg.io/media/games/af7/af7a831001c5c32c46e950cc883b8cb7.jpg"
                },
                {
                    "id": 411,
                    "name": "cooperative",
                    "slug": "cooperative",
                    "language": "eng",
                    "games_count": 5769,
                    "image_background": "https://media.rawg.io/media/games/587/587588c64afbff80e6f444eb2e46f9da.jpg"
                },
                {
                    "id": 42435,
                    "name": "Шедевр",
                    "slug": "shedevr",
                    "language": "rus",
                    "games_count": 1059,
                    "image_background": "https://media.rawg.io/media/games/7cf/7cfc9220b401b7a300e409e539c9afd5.jpg"
                },
                {
                    "id": 42413,
                    "name": "Симулятор",
                    "slug": "simuliator",
                    "language": "rus",
                    "games_count": 22400,
                    "image_background": "https://media.rawg.io/media/screenshots/f2f/f2f3c93d6153da7aee590f3ab8ccd803.jpg"
                },
                {
                    "id": 42461,
                    "name": "Классика",
                    "slug": "klassika",
                    "language": "rus",
                    "games_count": 1475,
                    "image_background": "https://media.rawg.io/media/games/021/021c4e21a1824d2526f925eff6324653.jpg"
                },
                {
                    "id": 193,
                    "name": "Classic",
                    "slug": "classic",
                    "language": "eng",
                    "games_count": 1811,
                    "image_background": "https://media.rawg.io/media/games/7a2/7a2500ee8b2c0e1ff268bb4479463dea.jpg"
                },
                {
                    "id": 42436,
                    "name": "Тактика",
                    "slug": "taktika",
                    "language": "rus",
                    "games_count": 4435,
                    "image_background": "https://media.rawg.io/media/games/d46/d46373f39458670305704ef089387520.jpg"
                },
                {
                    "id": 80,
                    "name": "Tactical",
                    "slug": "tactical",
                    "language": "eng",
                    "games_count": 5808,
                    "image_background": "https://media.rawg.io/media/games/03d/03d17d237f9541b67a13f9425ced4ca4.jpg"
                },
                {
                    "id": 62,
                    "name": "Moddable",
                    "slug": "moddable",
                    "language": "eng",
                    "games_count": 1022,
                    "image_background": "https://media.rawg.io/media/games/b54/b54598d1d5cc31899f4f0a7e3122a7b0.jpg"
                },
                {
                    "id": 42438,
                    "name": "Поддержка модификаций",
                    "slug": "podderzhka-modifikatsii",
                    "language": "rus",
                    "games_count": 833,
                    "image_background": "https://media.rawg.io/media/games/476/476178ef18ab0534771d099f51cdc694.jpg"
                },
                {
                    "id": 42520,
                    "name": "Реиграбельность",
                    "slug": "reigrabelnost",
                    "language": "rus",
                    "games_count": 2488,
                    "image_background": "https://media.rawg.io/media/games/6d3/6d33014a4ed48a19c30a77ead5a0f62e.jpg"
                },
                {
                    "id": 42424,
                    "name": "Пошаговая",
                    "slug": "poshagovaia",
                    "language": "rus",
                    "games_count": 1836,
                    "image_background": "https://media.rawg.io/media/games/054/0549f1a0a5e782d4e81cdf8d022073fa.jpg"
                },
                {
                    "id": 102,
                    "name": "Turn-Based",
                    "slug": "turn-based",
                    "language": "eng",
                    "games_count": 5457,
                    "image_background": "https://media.rawg.io/media/games/046/0464f4a36cd975a37c95b93b06058855.jpg"
                },
                {
                    "id": 5,
                    "name": "Replay Value",
                    "slug": "replay-value",
                    "language": "eng",
                    "games_count": 1939,
                    "image_background": "https://media.rawg.io/media/games/233/233cdc08cce0228f6f35222eca3bff92.jpg"
                },
                {
                    "id": 89,
                    "name": "Historical",
                    "slug": "historical",
                    "language": "eng",
                    "games_count": 3586,
                    "image_background": "https://media.rawg.io/media/games/9f1/9f189c639f70f91166df415811a8b525.jpg"
                },
                {
                    "id": 42403,
                    "name": "История",
                    "slug": "istoriia",
                    "language": "rus",
                    "games_count": 940,
                    "image_background": "https://media.rawg.io/media/games/bff/bff7d82316cddea9541261a045ba008a.jpg"
                },
                {
                    "id": 42426,
                    "name": "Пошаговая стратегия",
                    "slug": "poshagovaia-strategiia",
                    "language": "rus",
                    "games_count": 3947,
                    "image_background": "https://media.rawg.io/media/games/55e/55ee6432ac2bf224610fa17e4c652107.jpg"
                },
                {
                    "id": 101,
                    "name": "Turn-Based Strategy",
                    "slug": "turn-based-strategy",
                    "language": "eng",
                    "games_count": 5853,
                    "image_background": "https://media.rawg.io/media/games/b6b/b6b20bfc4b34e312dbc8aac53c95a348.jpg"
                },
                {
                    "id": 42517,
                    "name": "Затягивающая",
                    "slug": "zatiagivaiushchaia",
                    "language": "rus",
                    "games_count": 369,
                    "image_background": "https://media.rawg.io/media/screenshots/95a/95a557d6dfa6430dd662a136d71e5915.jpg"
                },
                {
                    "id": 42521,
                    "name": "Экономика",
                    "slug": "ekonomika",
                    "language": "rus",
                    "games_count": 1893,
                    "image_background": "https://media.rawg.io/media/screenshots/e70/e7009d889b38df2a16f78859a7343308.jpg"
                },
                {
                    "id": 195,
                    "name": "Economy",
                    "slug": "economy",
                    "language": "eng",
                    "games_count": 2720,
                    "image_background": "https://media.rawg.io/media/screenshots/98c/98c25faca7a3e594188e0ae5fa112eed.jpg"
                },
                {
                    "id": 60,
                    "name": "Touch-Friendly",
                    "slug": "touch-friendly",
                    "language": "eng",
                    "games_count": 1680,
                    "image_background": "https://media.rawg.io/media/games/8cd/8cd179c85bd3de8f79bef245b15075fb.jpg"
                },
                {
                    "id": 100,
                    "name": "Grand Strategy",
                    "slug": "grand-strategy",
                    "language": "eng",
                    "games_count": 853,
                    "image_background": "https://media.rawg.io/media/games/5db/5db33e1b461c60cdbfe48a5f4837101d.jpg"
                },
                {
                    "id": 42519,
                    "name": "Глобальная стратегия",
                    "slug": "globalnaia-strategiia",
                    "language": "rus",
                    "games_count": 892,
                    "image_background": "https://media.rawg.io/media/screenshots/bf7/bf71c819eace914e6c42ae3ecb667308.jpg"
                },
                {
                    "id": 86,
                    "name": "Education",
                    "slug": "education",
                    "language": "eng",
                    "games_count": 3334,
                    "image_background": "https://media.rawg.io/media/games/c49/c4983df94a8a8167d652b812de742da8.jpg"
                },
                {
                    "id": 212,
                    "name": "4X",
                    "slug": "4x",
                    "language": "eng",
                    "games_count": 625,
                    "image_background": "https://media.rawg.io/media/games/72b/72bf31a664fcbcb079baf4ef8221f308.jpg"
                },
                {
                    "id": 42518,
                    "name": "Шестиугольная карта",
                    "slug": "shestiugolnaia-karta",
                    "language": "rus",
                    "games_count": 528,
                    "image_background": "https://media.rawg.io/media/games/cc0/cc0e706908436d395c4b7b6b5651c4b4.jpg"
                },
                {
                    "id": 103,
                    "name": "Hex Grid",
                    "slug": "hex-grid",
                    "language": "eng",
                    "games_count": 481,
                    "image_background": "https://media.rawg.io/media/screenshots/956/95695a93d21a28e88acb866d5b99cfdb.jpg"
                },
                {
                    "id": 211,
                    "name": "Diplomacy",
                    "slug": "diplomacy",
                    "language": "eng",
                    "games_count": 306,
                    "image_background": "https://media.rawg.io/media/screenshots/ef9/ef967a4b75e260a5f7adf2b763a7e880.jpg"
                },
                {
                    "id": 42522,
                    "name": "Дипломатия",
                    "slug": "diplomatiia",
                    "language": "rus",
                    "games_count": 257,
                    "image_background": "https://media.rawg.io/media/screenshots/65c/65c9c15e274705b5fe343e424ce76ec8.jpg"
                }
            ],
            "esrb_rating": {
                "id": 2,
                "name": "Everyone 10+",
                "slug": "everyone-10-plus",
                "name_en": "Everyone 10+",
                "name_ru": "С 10 лет"
            },
            "user_game": null,
            "reviews_count": 1992,
            "saturated_color": "0f0f0f",
            "dominant_color": "0f0f0f",
            "short_screenshots": [
                {
                    "id": -1,
                    "image": "https://media.rawg.io/media/games/55e/55ee6432ac2bf224610fa17e4c652107.jpg"
                },
                {
                    "id": 116841,
                    "image": "https://media.rawg.io/media/screenshots/880/880379d04f089c128f51be511c882de1.jpg"
                },
                {
                    "id": 116842,
                    "image": "https://media.rawg.io/media/screenshots/739/73928ce08a6a9a9480faf65bedf8611c.jpg"
                },
                {
                    "id": 116843,
                    "image": "https://media.rawg.io/media/screenshots/ccc/cccc59229370b01ba6f5bad75702c713.jpg"
                },
                {
                    "id": 116844,
                    "image": "https://media.rawg.io/media/screenshots/03e/03e69844696cb587c06fc058020a7255.jpg"
                },
                {
                    "id": 116845,
                    "image": "https://media.rawg.io/media/screenshots/608/6087a2a1e66102d146021cf10fcb69bd.jpg"
                },
                {
                    "id": 1825624,
                    "image": "https://media.rawg.io/media/screenshots/a2a/a2a207282454944eba73cbff6c82526e.jpg"
                }
            ],
            "parent_platforms": [
                {
                    "platform": {
                        "id": 1,
                        "name": "PC",
                        "slug": "pc"
                    }
                },
                {
                    "platform": {
                        "id": 5,
                        "name": "Apple Macintosh",
                        "slug": "mac"
                    }
                },
                {
                    "platform": {
                        "id": 6,
                        "name": "Linux",
                        "slug": "linux"
                    }
                }
            ],
            "genres": [
                {
                    "id": 10,
                    "name": "Strategy",
                    "slug": "strategy"
                }
            ]
        },
        {
            "slug": "xcom-enemy-unknown",
            "name": "XCOM: Enemy Unknown",
            "playtime": 13,
            "platforms": [
                {
                    "platform": {
                        "id": 4,
                        "name": "PC",
                        "slug": "pc"
                    }
                },
                {
                    "platform": {
                        "id": 3,
                        "name": "iOS",
                        "slug": "ios"
                    }
                },
                {
                    "platform": {
                        "id": 21,
                        "name": "Android",
                        "slug": "android"
                    }
                },
                {
                    "platform": {
                        "id": 5,
                        "name": "macOS",
                        "slug": "macos"
                    }
                },
                {
                    "platform": {
                        "id": 14,
                        "name": "Xbox 360",
                        "slug": "xbox360"
                    }
                },
                {
                    "platform": {
                        "id": 16,
                        "name": "PlayStation 3",
                        "slug": "playstation3"
                    }
                }
            ],
            "stores": [
                {
                    "store": {
                        "id": 1,
                        "name": "Steam",
                        "slug": "steam"
                    }
                },
                {
                    "store": {
                        "id": 3,
                        "name": "PlayStation Store",
                        "slug": "playstation-store"
                    }
                },
                {
                    "store": {
                        "id": 7,
                        "name": "Xbox 360 Store",
                        "slug": "xbox360"
                    }
                },
                {
                    "store": {
                        "id": 8,
                        "name": "Google Play",
                        "slug": "google-play"
                    }
                }
            ],
            "released": "2012-10-09",
            "tba": false,
            "background_image": "https://media.rawg.io/media/games/238/2383a172b4d50a7b44e07980eb7141ea.jpg",
            "rating": 4.2,
            "rating_top": 4,
            "ratings": [
                {
                    "id": 4,
                    "title": "recommended",
                    "count": 779,
                    "percent": 49.55
                },
                {
                    "id": 5,
                    "title": "exceptional",
                    "count": 602,
                    "percent": 38.3
                },
                {
                    "id": 3,
                    "title": "meh",
                    "count": 141,
                    "percent": 8.97
                },
                {
                    "id": 1,
                    "title": "skip",
                    "count": 50,
                    "percent": 3.18
                }
            ],
            "ratings_count": 1564,
            "reviews_text_count": 5,
            "added": 8460,
            "added_by_status": {
                "yet": 333,
                "owned": 6308,
                "beaten": 1062,
                "toplay": 144,
                "dropped": 558,
                "playing": 55
            },
            "metacritic": 89,
            "suggestions_count": 515,
            "updated": "2025-03-18T21:38:56",
            "id": 13910,
            "score": null,
            "clip": null,
            "tags": [
                {
                    "id": 31,
                    "name": "Singleplayer",
                    "slug": "singleplayer",
                    "language": "eng",
                    "games_count": 236808,
                    "image_background": "https://media.rawg.io/media/games/4be/4be6a6ad0364751a96229c56bf69be59.jpg"
                },
                {
                    "id": 42396,
                    "name": "Для одного игрока",
                    "slug": "dlia-odnogo-igroka",
                    "language": "rus",
                    "games_count": 59339,
                    "image_background": "https://media.rawg.io/media/games/49c/49c3dfa4ce2f6f140cc4825868e858cb.jpg"
                },
                {
                    "id": 42417,
                    "name": "Экшен",
                    "slug": "ekshen",
                    "language": "rus",
                    "games_count": 45143,
                    "image_background": "https://media.rawg.io/media/games/b45/b45575f34285f2c4479c9a5f719d972e.jpg"
                },
                {
                    "id": 40847,
                    "name": "Steam Achievements",
                    "slug": "steam-achievements",
                    "language": "eng",
                    "games_count": 44261,
                    "image_background": "https://media.rawg.io/media/games/b8c/b8c243eaa0fbac8115e0cdccac3f91dc.jpg"
                },
                {
                    "id": 7,
                    "name": "Multiplayer",
                    "slug": "multiplayer",
                    "language": "eng",
                    "games_count": 40265,
                    "image_background": "https://media.rawg.io/media/games/021/021c4e21a1824d2526f925eff6324653.jpg"
                },
                {
                    "id": 40836,
                    "name": "Full controller support",
                    "slug": "full-controller-support",
                    "language": "eng",
                    "games_count": 20885,
                    "image_background": "https://media.rawg.io/media/games/562/562553814dd54e001a541e4ee83a591c.jpg"
                },
                {
                    "id": 40849,
                    "name": "Steam Cloud",
                    "slug": "steam-cloud",
                    "language": "eng",
                    "games_count": 21355,
                    "image_background": "https://media.rawg.io/media/games/be0/be01c3d7d8795a45615da139322ca080.jpg"
                },
                {
                    "id": 13,
                    "name": "Atmospheric",
                    "slug": "atmospheric",
                    "language": "eng",
                    "games_count": 36334,
                    "image_background": "https://media.rawg.io/media/games/b45/b45575f34285f2c4479c9a5f719d972e.jpg"
                },
                {
                    "id": 42425,
                    "name": "Для нескольких игроков",
                    "slug": "dlia-neskolkikh-igrokov",
                    "language": "rus",
                    "games_count": 11352,
                    "image_background": "https://media.rawg.io/media/games/157/15742f2f67eacff546738e1ab5c19d20.jpg"
                },
                {
                    "id": 42400,
                    "name": "Атмосфера",
                    "slug": "atmosfera",
                    "language": "rus",
                    "games_count": 6083,
                    "image_background": "https://media.rawg.io/media/games/7fa/7fa0b586293c5861ee32490e953a4996.jpg"
                },
                {
                    "id": 7808,
                    "name": "steam-trading-cards",
                    "slug": "steam-trading-cards",
                    "language": "eng",
                    "games_count": 7568,
                    "image_background": "https://media.rawg.io/media/games/d58/d588947d4286e7b5e0e12e1bea7d9844.jpg"
                },
                {
                    "id": 42,
                    "name": "Great Soundtrack",
                    "slug": "great-soundtrack",
                    "language": "eng",
                    "games_count": 3421,
                    "image_background": "https://media.rawg.io/media/games/26d/26d4437715bee60138dab4a7c8c59c92.jpg"
                },
                {
                    "id": 24,
                    "name": "RPG",
                    "slug": "rpg",
                    "language": "eng",
                    "games_count": 23789,
                    "image_background": "https://media.rawg.io/media/games/618/618c2031a07bbff6b4f611f10b6bcdbc.jpg"
                },
                {
                    "id": 42412,
                    "name": "Ролевая игра",
                    "slug": "rolevaia-igra",
                    "language": "rus",
                    "games_count": 20193,
                    "image_background": "https://media.rawg.io/media/games/ee3/ee3e10193aafc3230ba1cae426967d10.jpg"
                },
                {
                    "id": 42421,
                    "name": "Стратегия",
                    "slug": "strategiia",
                    "language": "rus",
                    "games_count": 21623,
                    "image_background": "https://media.rawg.io/media/games/af7/af7a831001c5c32c46e950cc883b8cb7.jpg"
                },
                {
                    "id": 42435,
                    "name": "Шедевр",
                    "slug": "shedevr",
                    "language": "rus",
                    "games_count": 1059,
                    "image_background": "https://media.rawg.io/media/games/7cf/7cfc9220b401b7a300e409e539c9afd5.jpg"
                },
                {
                    "id": 42423,
                    "name": "Научная фантастика",
                    "slug": "nauchnaia-fantastika",
                    "language": "rus",
                    "games_count": 9486,
                    "image_background": "https://media.rawg.io/media/games/587/587588c64afbff80e6f444eb2e46f9da.jpg"
                },
                {
                    "id": 32,
                    "name": "Sci-fi",
                    "slug": "sci-fi",
                    "language": "eng",
                    "games_count": 20582,
                    "image_background": "https://media.rawg.io/media/games/587/587588c64afbff80e6f444eb2e46f9da.jpg"
                },
                {
                    "id": 42420,
                    "name": "Сложная",
                    "slug": "slozhnaia",
                    "language": "rus",
                    "games_count": 5797,
                    "image_background": "https://media.rawg.io/media/games/226/2262cea0b385db6cf399f4be831603b0.jpg"
                },
                {
                    "id": 49,
                    "name": "Difficult",
                    "slug": "difficult",
                    "language": "eng",
                    "games_count": 13769,
                    "image_background": "https://media.rawg.io/media/games/283/283e7e600366b0da7021883d27159b27.jpg"
                },
                {
                    "id": 42436,
                    "name": "Тактика",
                    "slug": "taktika",
                    "language": "rus",
                    "games_count": 4435,
                    "image_background": "https://media.rawg.io/media/games/d46/d46373f39458670305704ef089387520.jpg"
                },
                {
                    "id": 80,
                    "name": "Tactical",
                    "slug": "tactical",
                    "language": "eng",
                    "games_count": 5808,
                    "image_background": "https://media.rawg.io/media/games/03d/03d17d237f9541b67a13f9425ced4ca4.jpg"
                },
                {
                    "id": 40832,
                    "name": "Cross-Platform Multiplayer",
                    "slug": "cross-platform-multiplayer",
                    "language": "eng",
                    "games_count": 2884,
                    "image_background": "https://media.rawg.io/media/games/12e/12ea6b35b65df38258e25885a0a392a6.jpg"
                },
                {
                    "id": 42520,
                    "name": "Реиграбельность",
                    "slug": "reigrabelnost",
                    "language": "rus",
                    "games_count": 2488,
                    "image_background": "https://media.rawg.io/media/games/6d3/6d33014a4ed48a19c30a77ead5a0f62e.jpg"
                },
                {
                    "id": 42530,
                    "name": "Кастомизация персонажа",
                    "slug": "kastomizatsiia-personazha",
                    "language": "rus",
                    "games_count": 4895,
                    "image_background": "https://media.rawg.io/media/games/260/26023c855f1769a93411d6a7ea084632.jpeg"
                },
                {
                    "id": 42424,
                    "name": "Пошаговая",
                    "slug": "poshagovaia",
                    "language": "rus",
                    "games_count": 1836,
                    "image_background": "https://media.rawg.io/media/games/054/0549f1a0a5e782d4e81cdf8d022073fa.jpg"
                },
                {
                    "id": 121,
                    "name": "Character Customization",
                    "slug": "character-customization",
                    "language": "eng",
                    "games_count": 5667,
                    "image_background": "https://media.rawg.io/media/games/e3d/e3ddc524c6292a435d01d97cc5f42ea7.jpg"
                },
                {
                    "id": 102,
                    "name": "Turn-Based",
                    "slug": "turn-based",
                    "language": "eng",
                    "games_count": 5457,
                    "image_background": "https://media.rawg.io/media/games/046/0464f4a36cd975a37c95b93b06058855.jpg"
                },
                {
                    "id": 5,
                    "name": "Replay Value",
                    "slug": "replay-value",
                    "language": "eng",
                    "games_count": 1939,
                    "image_background": "https://media.rawg.io/media/games/233/233cdc08cce0228f6f35222eca3bff92.jpg"
                },
                {
                    "id": 167,
                    "name": "Futuristic",
                    "slug": "futuristic",
                    "language": "eng",
                    "games_count": 6138,
                    "image_background": "https://media.rawg.io/media/games/5e4/5e4bff02098b2b6f824c68286d5da1a6.jpg"
                },
                {
                    "id": 42426,
                    "name": "Пошаговая стратегия",
                    "slug": "poshagovaia-strategiia",
                    "language": "rus",
                    "games_count": 3947,
                    "image_background": "https://media.rawg.io/media/games/55e/55ee6432ac2bf224610fa17e4c652107.jpg"
                },
                {
                    "id": 99,
                    "name": "Isometric",
                    "slug": "isometric",
                    "language": "eng",
                    "games_count": 4872,
                    "image_background": "https://media.rawg.io/media/games/1fb/1fb1c5f7a71d771f440b27ce7f71e7eb.jpg"
                },
                {
                    "id": 172,
                    "name": "Aliens",
                    "slug": "aliens",
                    "language": "eng",
                    "games_count": 7164,
                    "image_background": "https://media.rawg.io/media/games/d54/d54f0267a042f44c032d8ca264584ecf.jpg"
                },
                {
                    "id": 101,
                    "name": "Turn-Based Strategy",
                    "slug": "turn-based-strategy",
                    "language": "eng",
                    "games_count": 5853,
                    "image_background": "https://media.rawg.io/media/games/b6b/b6b20bfc4b34e312dbc8aac53c95a348.jpg"
                },
                {
                    "id": 42485,
                    "name": "Инопланетяне",
                    "slug": "inoplanetiane",
                    "language": "rus",
                    "games_count": 2231,
                    "image_background": "https://media.rawg.io/media/games/009/009e4e84975d6a60173ec1199db25aa3.jpg"
                },
                {
                    "id": 42550,
                    "name": "Строительство базы",
                    "slug": "stroitelstvo-bazy",
                    "language": "rus",
                    "games_count": 2609,
                    "image_background": "https://media.rawg.io/media/games/249/249cb9b8c402ed713358fcf434bcca11.jpg"
                },
                {
                    "id": 180,
                    "name": "Base Building",
                    "slug": "base-building",
                    "language": "eng",
                    "games_count": 2471,
                    "image_background": "https://media.rawg.io/media/games/9b0/9b03581c1ba7df63e221eb0828f8bb52.jpg"
                },
                {
                    "id": 42546,
                    "name": "Пошаговая тактика",
                    "slug": "poshagovaia-taktika",
                    "language": "rus",
                    "games_count": 3800,
                    "image_background": "https://media.rawg.io/media/games/172/172dd929a1f2fcca13c3da3d83605f06.jpeg"
                },
                {
                    "id": 42517,
                    "name": "Затягивающая",
                    "slug": "zatiagivaiushchaia",
                    "language": "rus",
                    "games_count": 369,
                    "image_background": "https://media.rawg.io/media/screenshots/95a/95a557d6dfa6430dd662a136d71e5915.jpg"
                },
                {
                    "id": 42593,
                    "name": "Одна жизнь",
                    "slug": "odna-zhizn",
                    "language": "rus",
                    "games_count": 1902,
                    "image_background": "https://media.rawg.io/media/screenshots/666/666bb577dbf6c3b012c67e2782d79b27.jpg"
                },
                {
                    "id": 176,
                    "name": "Turn-Based Tactics",
                    "slug": "turn-based-tactics",
                    "language": "eng",
                    "games_count": 3666,
                    "image_background": "https://media.rawg.io/media/games/424/424facd40f4eb1f2794fe4b4bb28a277.jpg"
                },
                {
                    "id": 124,
                    "name": "Perma Death",
                    "slug": "perma-death",
                    "language": "eng",
                    "games_count": 2416,
                    "image_background": "https://media.rawg.io/media/games/a01/a01b34c722ceec784817381eb1824fa5.jpg"
                },
                {
                    "id": 42720,
                    "name": "Суровая",
                    "slug": "surovaia",
                    "language": "rus",
                    "games_count": 151,
                    "image_background": "https://media.rawg.io/media/games/238/2383a172b4d50a7b44e07980eb7141ea.jpg"
                }
            ],
            "esrb_rating": null,
            "user_game": null,
            "reviews_count": 1572,
            "saturated_color": "0f0f0f",
            "dominant_color": "0f0f0f",
            "short_screenshots": [
                {
                    "id": -1,
                    "image": "https://media.rawg.io/media/games/238/2383a172b4d50a7b44e07980eb7141ea.jpg"
                },
                {
                    "id": 120062,
                    "image": "https://media.rawg.io/media/screenshots/805/805471a778d484cdd5305b36f68ee1b6.jpg"
                },
                {
                    "id": 120063,
                    "image": "https://media.rawg.io/media/screenshots/3da/3dab13378be0dc687857c1899c2db3bd.jpg"
                },
                {
                    "id": 120064,
                    "image": "https://media.rawg.io/media/screenshots/1b9/1b9536d06fdc789caa3f839548178ba0.jpg"
                },
                {
                    "id": 120065,
                    "image": "https://media.rawg.io/media/screenshots/bca/bca4db9d97ced7c3a42b2c7a90d4d28c.jpg"
                },
                {
                    "id": 120066,
                    "image": "https://media.rawg.io/media/screenshots/5a4/5a43d75d6517163772f492e2a5b278d6.jpg"
                },
                {
                    "id": 120067,
                    "image": "https://media.rawg.io/media/screenshots/77f/77feafcf416de96e61d7a6461b8b29f7.jpg"
                }
            ],
            "parent_platforms": [
                {
                    "platform": {
                        "id": 1,
                        "name": "PC",
                        "slug": "pc"
                    }
                },
                {
                    "platform": {
                        "id": 2,
                        "name": "PlayStation",
                        "slug": "playstation"
                    }
                },
                {
                    "platform": {
                        "id": 3,
                        "name": "Xbox",
                        "slug": "xbox"
                    }
                },
                {
                    "platform": {
                        "id": 4,
                        "name": "iOS",
                        "slug": "ios"
                    }
                },
                {
                    "platform": {
                        "id": 8,
                        "name": "Android",
                        "slug": "android"
                    }
                },
                {
                    "platform": {
                        "id": 5,
                        "name": "Apple Macintosh",
                        "slug": "mac"
                    }
                }
            ],
            "genres": [
                {
                    "id": 10,
                    "name": "Strategy",
                    "slug": "strategy"
                }
            ]
        },
        {
            "slug": "sid-meiers-civilization-v-brave-new-world",
            "name": "Sid Meier's Civilization V: Brave New World",
            "playtime": 0,
            "platforms": [
                {
                    "platform": {
                        "id": 4,
                        "name": "PC",
                        "slug": "pc"
                    }
                }
            ],
            "stores": null,
            "released": "2013-07-09",
            "tba": false,
            "background_image": "https://media.rawg.io/media/screenshots/405/405a97dec676c9ba97461560ed2b2e2e_5WhLVe8.jpg",
            "rating": 4.19,
            "rating_top": 4,
            "ratings": [
                {
                    "id": 4,
                    "title": "recommended",
                    "count": 11,
                    "percent": 52.38
                },
                {
                    "id": 5,
                    "title": "exceptional",
                    "count": 8,
                    "percent": 38.1
                },
                {
                    "id": 3,
                    "title": "meh",
                    "count": 1,
                    "percent": 4.76
                },
                {
                    "id": 1,
                    "title": "skip",
                    "count": 1,
                    "percent": 4.76
                }
            ],
            "ratings_count": 20,
            "reviews_text_count": 0,
            "added": 41,
            "added_by_status": {
                "yet": 1,
                "owned": 17,
                "beaten": 16,
                "toplay": 3,
                "dropped": 3,
                "playing": 1
            },
            "metacritic": null,
            "suggestions_count": 553,
            "updated": "2024-12-11T16:01:28",
            "id": 42124,
            "score": null,
            "clip": null,
            "tags": [],
            "esrb_rating": null,
            "user_game": null,
            "reviews_count": 21,
            "saturated_color": "0f0f0f",
            "dominant_color": "0f0f0f",
            "short_screenshots": [
                {
                    "id": -1,
                    "image": "https://media.rawg.io/media/screenshots/405/405a97dec676c9ba97461560ed2b2e2e_5WhLVe8.jpg"
                },
                {
                    "id": 608021,
                    "image": "https://media.rawg.io/media/screenshots/3b1/3b1556725cd592bac248adbb4de4ac71.jpg"
                },
                {
                    "id": 608022,
                    "image": "https://media.rawg.io/media/screenshots/cb5/cb54208bdea7f4cc4c2219ecf96768a4.jpg"
                },
                {
                    "id": 608023,
                    "image": "https://media.rawg.io/media/screenshots/0ad/0ad763d248f7e4dcce4c815aa0816e73.jpg"
                },
                {
                    "id": 608024,
                    "image": "https://media.rawg.io/media/screenshots/cc6/cc6fa56fab0442a675953ded87b4b559.jpg"
                },
                {
                    "id": 608025,
                    "image": "https://media.rawg.io/media/screenshots/c88/c880f9341f83040b290f1ca3eafb549c.jpg"
                },
                {
                    "id": 608026,
                    "image": "https://media.rawg.io/media/screenshots/a6d/a6dd565fca7c2143f23650d3061ebf5c.jpg"
                }
            ],
            "parent_platforms": [
                {
                    "platform": {
                        "id": 1,
                        "name": "PC",
                        "slug": "pc"
                    }
                }
            ],
            "genres": [
                {
                    "id": 10,
                    "name": "Strategy",
                    "slug": "strategy"
                }
            ]
        },
        {
            "slug": "sid-meiers-alpha-centauri",
            "name": "Sid Meier's Alpha Centauri",
            "playtime": 1,
            "platforms": [
                {
                    "platform": {
                        "id": 4,
                        "name": "PC",
                        "slug": "pc"
                    }
                }
            ],
            "stores": null,
            "released": "1999-02-12",
            "tba": false,
            "background_image": "https://media.rawg.io/media/screenshots/106/106678630cda8df5ec76864790e07051.jpg",
            "rating": 4.16,
            "rating_top": 5,
            "ratings": [
                {
                    "id": 5,
                    "title": "exceptional",
                    "count": 16,
                    "percent": 51.61
                },
                {
                    "id": 4,
                    "title": "recommended",
                    "count": 8,
                    "percent": 25.81
                },
                {
                    "id": 3,
                    "title": "meh",
                    "count": 5,
                    "percent": 16.13
                },
                {
                    "id": 1,
                    "title": "skip",
                    "count": 2,
                    "percent": 6.45
                }
            ],
            "ratings_count": 30,
            "reviews_text_count": 0,
            "added": 72,
            "added_by_status": {
                "yet": 7,
                "owned": 25,
                "beaten": 21,
                "toplay": 7,
                "dropped": 12
            },
            "metacritic": 92,
            "suggestions_count": 244,
            "updated": "2022-10-30T14:44:26",
            "id": 29717,
            "score": null,
            "clip": null,
            "tags": [],
            "esrb_rating": null,
            "user_game": null,
            "reviews_count": 31,
            "saturated_color": "0f0f0f",
            "dominant_color": "0f0f0f",
            "short_screenshots": [
                {
                    "id": -1,
                    "image": "https://media.rawg.io/media/screenshots/106/106678630cda8df5ec76864790e07051.jpg"
                },
                {
                    "id": 293274,
                    "image": "https://media.rawg.io/media/screenshots/42f/42fcea74d4e2cadb48dbc41ce8727dfb.jpg"
                },
                {
                    "id": 293275,
                    "image": "https://media.rawg.io/media/screenshots/1b3/1b3686706d2f55fffd953ae0d3d6903b.jpg"
                },
                {
                    "id": 293276,
                    "image": "https://media.rawg.io/media/screenshots/ec5/ec5e12965f30a6556bfe2bf32006340f.jpg"
                },
                {
                    "id": 293277,
                    "image": "https://media.rawg.io/media/screenshots/867/867c994903dd6a71418a8c7fd9a67645.jpg"
                },
                {
                    "id": 293278,
                    "image": "https://media.rawg.io/media/screenshots/20d/20dd4de999dcc31d124d43abd7b683ca.jpg"
                },
                {
                    "id": 293279,
                    "image": "https://media.rawg.io/media/screenshots/106/106678630cda8df5ec76864790e07051.jpg"
                }
            ],
            "parent_platforms": [
                {
                    "platform": {
                        "id": 1,
                        "name": "PC",
                        "slug": "pc"
                    }
                }
            ],
            "genres": [
                {
                    "id": 10,
                    "name": "Strategy",
                    "slug": "strategy"
                }
            ]
        },
        {
            "slug": "civilization-vi",
            "name": "Sid Meier’s Civilization VI",
            "playtime": 15,
            "platforms": [
                {
                    "platform": {
                        "id": 4,
                        "name": "PC",
                        "slug": "pc"
                    }
                },
                {
                    "platform": {
                        "id": 1,
                        "name": "Xbox One",
                        "slug": "xbox-one"
                    }
                },
                {
                    "platform": {
                        "id": 18,
                        "name": "PlayStation 4",
                        "slug": "playstation4"
                    }
                },
                {
                    "platform": {
                        "id": 7,
                        "name": "Nintendo Switch",
                        "slug": "nintendo-switch"
                    }
                },
                {
                    "platform": {
                        "id": 3,
                        "name": "iOS",
                        "slug": "ios"
                    }
                },
                {
                    "platform": {
                        "id": 5,
                        "name": "macOS",
                        "slug": "macos"
                    }
                },
                {
                    "platform": {
                        "id": 6,
                        "name": "Linux",
                        "slug": "linux"
                    }
                }
            ],
            "stores": [
                {
                    "store": {
                        "id": 1,
                        "name": "Steam",
                        "slug": "steam"
                    }
                },
                {
                    "store": {
                        "id": 3,
                        "name": "PlayStation Store",
                        "slug": "playstation-store"
                    }
                },
                {
                    "store": {
                        "id": 2,
                        "name": "Xbox Store",
                        "slug": "xbox-store"
                    }
                },
                {
                    "store": {
                        "id": 4,
                        "name": "App Store",
                        "slug": "apple-appstore"
                    }
                },
                {
                    "store": {
                        "id": 6,
                        "name": "Nintendo Store",
                        "slug": "nintendo"
                    }
                },
                {
                    "store": {
                        "id": 11,
                        "name": "Epic Games",
                        "slug": "epic-games"
                    }
                }
            ],
            "released": "2016-10-20",
            "tba": false,
            "background_image": "https://media.rawg.io/media/games/997/997ab4d67e96fb20a4092383477d4463.jpg",
            "rating": 4.16,
            "rating_top": 4,
            "ratings": [
                {
                    "id": 4,
                    "title": "recommended",
                    "count": 779,
                    "percent": 55.68
                },
                {
                    "id": 5,
                    "title": "exceptional",
                    "count": 461,
                    "percent": 32.95
                },
                {
                    "id": 3,
                    "title": "meh",
                    "count": 122,
                    "percent": 8.72
                },
                {
                    "id": 1,
                    "title": "skip",
                    "count": 37,
                    "percent": 2.64
                }
            ],
            "ratings_count": 1384,
            "reviews_text_count": 8,
            "added": 7372,
            "added_by_status": {
                "yet": 319,
                "owned": 5294,
                "beaten": 662,
                "toplay": 168,
                "dropped": 590,
                "playing": 339
            },
            "metacritic": 88,
            "suggestions_count": 403,
            "updated": "2025-03-05T16:38:20",
            "id": 10297,
            "score": null,
            "clip": null,
            "tags": [
                {
                    "id": 31,
                    "name": "Singleplayer",
                    "slug": "singleplayer",
                    "language": "eng",
                    "games_count": 236808,
                    "image_background": "https://media.rawg.io/media/games/4be/4be6a6ad0364751a96229c56bf69be59.jpg"
                },
                {
                    "id": 40847,
                    "name": "Steam Achievements",
                    "slug": "steam-achievements",
                    "language": "eng",
                    "games_count": 44261,
                    "image_background": "https://media.rawg.io/media/games/b8c/b8c243eaa0fbac8115e0cdccac3f91dc.jpg"
                },
                {
                    "id": 7,
                    "name": "Multiplayer",
                    "slug": "multiplayer",
                    "language": "eng",
                    "games_count": 40265,
                    "image_background": "https://media.rawg.io/media/games/021/021c4e21a1824d2526f925eff6324653.jpg"
                },
                {
                    "id": 7808,
                    "name": "steam-trading-cards",
                    "slug": "steam-trading-cards",
                    "language": "eng",
                    "games_count": 7568,
                    "image_background": "https://media.rawg.io/media/games/d58/d588947d4286e7b5e0e12e1bea7d9844.jpg"
                },
                {
                    "id": 42,
                    "name": "Great Soundtrack",
                    "slug": "great-soundtrack",
                    "language": "eng",
                    "games_count": 3421,
                    "image_background": "https://media.rawg.io/media/games/26d/26d4437715bee60138dab4a7c8c59c92.jpg"
                },
                {
                    "id": 18,
                    "name": "Co-op",
                    "slug": "co-op",
                    "language": "eng",
                    "games_count": 12990,
                    "image_background": "https://media.rawg.io/media/games/4e0/4e0e7b6d6906a131307c94266e5c9a1c.jpg"
                },
                {
                    "id": 36,
                    "name": "Open World",
                    "slug": "open-world",
                    "language": "eng",
                    "games_count": 8394,
                    "image_background": "https://media.rawg.io/media/games/00d/00d374f12a3ab5f96c500a2cfa901e15.jpg"
                },
                {
                    "id": 9,
                    "name": "Online Co-Op",
                    "slug": "online-co-op",
                    "language": "eng",
                    "games_count": 6621,
                    "image_background": "https://media.rawg.io/media/games/2ba/2bac0e87cf45e5b508f227d281c9252a.jpg"
                },
                {
                    "id": 80,
                    "name": "Tactical",
                    "slug": "tactical",
                    "language": "eng",
                    "games_count": 5808,
                    "image_background": "https://media.rawg.io/media/games/03d/03d17d237f9541b67a13f9425ced4ca4.jpg"
                },
                {
                    "id": 40852,
                    "name": "Steam Workshop",
                    "slug": "steam-workshop",
                    "language": "eng",
                    "games_count": 1633,
                    "image_background": "https://media.rawg.io/media/games/25c/25c4776ab5723d5d735d8bf617ca12d9.jpg"
                },
                {
                    "id": 62,
                    "name": "Moddable",
                    "slug": "moddable",
                    "language": "eng",
                    "games_count": 1022,
                    "image_background": "https://media.rawg.io/media/games/b54/b54598d1d5cc31899f4f0a7e3122a7b0.jpg"
                },
                {
                    "id": 70,
                    "name": "War",
                    "slug": "war",
                    "language": "eng",
                    "games_count": 9698,
                    "image_background": "https://media.rawg.io/media/games/9af/9af24c1886e2c7b52a4a2c65aa874638.jpg"
                },
                {
                    "id": 102,
                    "name": "Turn-Based",
                    "slug": "turn-based",
                    "language": "eng",
                    "games_count": 5457,
                    "image_background": "https://media.rawg.io/media/games/046/0464f4a36cd975a37c95b93b06058855.jpg"
                },
                {
                    "id": 89,
                    "name": "Historical",
                    "slug": "historical",
                    "language": "eng",
                    "games_count": 3586,
                    "image_background": "https://media.rawg.io/media/games/9f1/9f189c639f70f91166df415811a8b525.jpg"
                },
                {
                    "id": 120,
                    "name": "Memes",
                    "slug": "memes",
                    "language": "eng",
                    "games_count": 2000,
                    "image_background": "https://media.rawg.io/media/games/a32/a32c9c299488ca99afc3fcea605a7718.jpg"
                },
                {
                    "id": 101,
                    "name": "Turn-Based Strategy",
                    "slug": "turn-based-strategy",
                    "language": "eng",
                    "games_count": 5853,
                    "image_background": "https://media.rawg.io/media/games/b6b/b6b20bfc4b34e312dbc8aac53c95a348.jpg"
                },
                {
                    "id": 164,
                    "name": "Cartoony",
                    "slug": "cartoony",
                    "language": "eng",
                    "games_count": 7156,
                    "image_background": "https://media.rawg.io/media/games/a4c/a4c1fd4265ac2c1edc87cb9a6a7644e4.jpg"
                },
                {
                    "id": 179,
                    "name": "Cartoon",
                    "slug": "cartoon",
                    "language": "eng",
                    "games_count": 6813,
                    "image_background": "https://media.rawg.io/media/games/a53/a53575214f12dadb9f6d7dca9b24cda4.jpg"
                },
                {
                    "id": 100,
                    "name": "Grand Strategy",
                    "slug": "grand-strategy",
                    "language": "eng",
                    "games_count": 853,
                    "image_background": "https://media.rawg.io/media/games/5db/5db33e1b461c60cdbfe48a5f4837101d.jpg"
                },
                {
                    "id": 212,
                    "name": "4X",
                    "slug": "4x",
                    "language": "eng",
                    "games_count": 625,
                    "image_background": "https://media.rawg.io/media/games/72b/72bf31a664fcbcb079baf4ef8221f308.jpg"
                }
            ],
            "esrb_rating": {
                "id": 2,
                "name": "Everyone 10+",
                "slug": "everyone-10-plus",
                "name_en": "Everyone 10+",
                "name_ru": "С 10 лет"
            },
            "user_game": null,
            "reviews_count": 1399,
            "saturated_color": "0f0f0f",
            "dominant_color": "0f0f0f",
            "short_screenshots": [
                {
                    "id": -1,
                    "image": "https://media.rawg.io/media/games/997/997ab4d67e96fb20a4092383477d4463.jpg"
                },
                {
                    "id": 79340,
                    "image": "https://media.rawg.io/media/screenshots/cb8/cb84dc82bfe7aa4057f13b9d120e4a11.jpg"
                },
                {
                    "id": 79341,
                    "image": "https://media.rawg.io/media/screenshots/241/2410ce2130e2a926cbeace46bf934a70.jpg"
                },
                {
                    "id": 79342,
                    "image": "https://media.rawg.io/media/screenshots/3d5/3d5793b7fbab188f1ebd0f2e3e645bd2.jpg"
                },
                {
                    "id": 79343,
                    "image": "https://media.rawg.io/media/screenshots/a12/a12c0d56a2c4e8f7b09761ab7f3bd44f.jpg"
                },
                {
                    "id": 79344,
                    "image": "https://media.rawg.io/media/screenshots/482/482a21efe8c44e491d814ea6a3f5d443.jpg"
                },
                {
                    "id": 79345,
                    "image": "https://media.rawg.io/media/screenshots/681/681a009d0a8bdafd01a871d5d07d9ec9.jpg"
                }
            ],
            "parent_platforms": [
                {
                    "platform": {
                        "id": 1,
                        "name": "PC",
                        "slug": "pc"
                    }
                },
                {
                    "platform": {
                        "id": 2,
                        "name": "PlayStation",
                        "slug": "playstation"
                    }
                },
                {
                    "platform": {
                        "id": 3,
                        "name": "Xbox",
                        "slug": "xbox"
                    }
                },
                {
                    "platform": {
                        "id": 4,
                        "name": "iOS",
                        "slug": "ios"
                    }
                },
                {
                    "platform": {
                        "id": 5,
                        "name": "Apple Macintosh",
                        "slug": "mac"
                    }
                },
                {
                    "platform": {
                        "id": 6,
                        "name": "Linux",
                        "slug": "linux"
                    }
                },
                {
                    "platform": {
                        "id": 7,
                        "name": "Nintendo",
                        "slug": "nintendo"
                    }
                }
            ],
            "genres": [
                {
                    "id": 10,
                    "name": "Strategy",
                    "slug": "strategy"
                },
                {
                    "id": 14,
                    "name": "Simulation",
                    "slug": "simulation"
                }
            ]
        },
        {
            "slug": "sid-meiers-civilization-v-gods-kings",
            "name": "Sid Meier's Civilization V: Gods & Kings",
            "playtime": 0,
            "platforms": [
                {
                    "platform": {
                        "id": 4,
                        "name": "PC",
                        "slug": "pc"
                    }
                }
            ],
            "stores": null,
            "released": "2012-06-19",
            "tba": false,
            "background_image": "https://media.rawg.io/media/screenshots/936/9369c6228076cefac294156e085dc440.jpg",
            "rating": 4.15,
            "rating_top": 5,
            "ratings": [
                {
                    "id": 5,
                    "title": "exceptional",
                    "count": 6,
                    "percent": 46.15
                },
                {
                    "id": 4,
                    "title": "recommended",
                    "count": 5,
                    "percent": 38.46
                },
                {
                    "id": 3,
                    "title": "meh",
                    "count": 1,
                    "percent": 7.69
                },
                {
                    "id": 1,
                    "title": "skip",
                    "count": 1,
                    "percent": 7.69
                }
            ],
            "ratings_count": 13,
            "reviews_text_count": 0,
            "added": 23,
            "added_by_status": {
                "yet": 1,
                "owned": 6,
                "beaten": 10,
                "toplay": 2,
                "dropped": 4
            },
            "metacritic": null,
            "suggestions_count": 535,
            "updated": "2024-12-11T15:16:20",
            "id": 41284,
            "score": null,
            "clip": null,
            "tags": [],
            "esrb_rating": null,
            "user_game": null,
            "reviews_count": 13,
            "saturated_color": "0f0f0f",
            "dominant_color": "0f0f0f",
            "short_screenshots": [
                {
                    "id": -1,
                    "image": "https://media.rawg.io/media/screenshots/936/9369c6228076cefac294156e085dc440.jpg"
                },
                {
                    "id": 588880,
                    "image": "https://media.rawg.io/media/screenshots/6a5/6a53ce6c0b3e1b94b71de2359fbc1d56.jpg"
                },
                {
                    "id": 588881,
                    "image": "https://media.rawg.io/media/screenshots/a25/a2571d70fb8da7fbbf492c055e9e5ae7.jpg"
                },
                {
                    "id": 588882,
                    "image": "https://media.rawg.io/media/screenshots/f33/f33bcb9a9f8f315d4517479cdbb6e67d.jpg"
                },
                {
                    "id": 588883,
                    "image": "https://media.rawg.io/media/screenshots/dc9/dc900fd8da5c722ddb6d0cedac7de01a.jpg"
                },
                {
                    "id": 588884,
                    "image": "https://media.rawg.io/media/screenshots/60e/60edc5cb08987ba0322784574b4aeed4.jpg"
                },
                {
                    "id": 588885,
                    "image": "https://media.rawg.io/media/screenshots/92d/92df0cf6fcd20bb419b9f24f27532d0f.jpg"
                }
            ],
            "parent_platforms": [
                {
                    "platform": {
                        "id": 1,
                        "name": "PC",
                        "slug": "pc"
                    }
                }
            ],
            "genres": [
                {
                    "id": 10,
                    "name": "Strategy",
                    "slug": "strategy"
                }
            ]
        },
        {
            "slug": "civilization-3-play-the-world",
            "name": "Civilization 3: Play the World",
            "playtime": 0,
            "platforms": [
                {
                    "platform": {
                        "id": 4,
                        "name": "PC",
                        "slug": "pc"
                    }
                }
            ],
            "stores": null,
            "released": "2002-11-22",
            "tba": false,
            "background_image": "https://media.rawg.io/media/screenshots/3c0/3c0e537ad77ba816eb846a3278df603f.jpg",
            "rating": 4.14,
            "rating_top": 5,
            "ratings": [
                {
                    "id": 5,
                    "title": "exceptional",
                    "count": 6,
                    "percent": 42.86
                },
                {
                    "id": 4,
                    "title": "recommended",
                    "count": 6,
                    "percent": 42.86
                },
                {
                    "id": 3,
                    "title": "meh",
                    "count": 1,
                    "percent": 7.14
                },
                {
                    "id": 1,
                    "title": "skip",
                    "count": 1,
                    "percent": 7.14
                }
            ],
            "ratings_count": 14,
            "reviews_text_count": 0,
            "added": 28,
            "added_by_status": {
                "yet": 3,
                "owned": 5,
                "beaten": 13,
                "toplay": 3,
                "dropped": 4
            },
            "metacritic": null,
            "suggestions_count": 508,
            "updated": "2022-12-19T10:56:45",
            "id": 29854,
            "score": null,
            "clip": null,
            "tags": [],
            "esrb_rating": null,
            "user_game": null,
            "reviews_count": 14,
            "saturated_color": "0f0f0f",
            "dominant_color": "0f0f0f",
            "short_screenshots": [
                {
                    "id": -1,
                    "image": "https://media.rawg.io/media/screenshots/3c0/3c0e537ad77ba816eb846a3278df603f.jpg"
                },
                {
                    "id": 295262,
                    "image": "https://media.rawg.io/media/screenshots/e30/e30871b3b3e59f5b10618ec2689471f0.jpg"
                },
                {
                    "id": 295263,
                    "image": "https://media.rawg.io/media/screenshots/26c/26c0a8bed212620a383ed42050c0752e.jpg"
                },
                {
                    "id": 295264,
                    "image": "https://media.rawg.io/media/screenshots/a22/a22c93cc90ba20ae16c81f4632fd6e54.jpg"
                },
                {
                    "id": 295265,
                    "image": "https://media.rawg.io/media/screenshots/848/848b3ddad4dd7815003e0659be568fcb.jpg"
                },
                {
                    "id": 295266,
                    "image": "https://media.rawg.io/media/screenshots/977/97707839d5e5cec528b6bdd46a6a75ad.jpg"
                },
                {
                    "id": 295267,
                    "image": "https://media.rawg.io/media/screenshots/007/007633051be462dcb1fe8caf2ed833e0.jpg"
                }
            ],
            "parent_platforms": [
                {
                    "platform": {
                        "id": 1,
                        "name": "PC",
                        "slug": "pc"
                    }
                }
            ],
            "genres": [
                {
                    "id": 10,
                    "name": "Strategy",
                    "slug": "strategy"
                }
            ]
        }
    ],
    "user_platforms": false
}