{
    "count": 1,
    "next": null,
    "previous": null,
    "results": [
        {
            "slug": "judas-2",
            "name": "Judas",
            "playtime": 0,
            "platforms": [
                {
                    "platform": {
                        "id": 4,
                        "name": "PC",
                        "slug": "pc"
                    }
                },
                {
                    "platform": {
                        "id": 187,
                        "name": "PlayStation 5",
                        "slug": "playstation5"
                    }
                },
                {
                    "platform": {
                        "id": 186,
                        "name": "Xbox Series S/X",
                        "slug": "xbox-series-x"
                    }
                }
            ],
            "stores": [
                {
                    "store": {
                        "id": 1,
                        "name": "Steam",
                        "slug": "steam"
                    }
                },
                {
                    "store": {
                        "id": 3,
                        "name": "PlayStation Store",
                        "slug": "playstation-store"
                    }
                },
                {
                    "store": {
                        "id": 11,
                        "name": "Epic Games",
                        "slug": "epic-games"
                    }
                }
            ],
            "released": null,
            "tba": true,
            "background_image": "https://media.rawg.io/media/games/a07/a077e6994650e9e5d55cfe70cc9b478a.jpg",
            "rating": 0.0,
            "rating_top": 0,
            "ratings": [
                {
                    "id": 4,
                    "title": "recommended",
                    "count": 1,
                    "percent": 100.0
                }
            ],
            "ratings_count": 0,
            "reviews_text_count": 1,
            "added": 100,
            "added_by_status": {
                "yet": 19,
                "owned": 8,
                "toplay": 73
            },
            "metacritic": null,
            "suggestions_count": 236,
            "updated": "2024-07-07T07:56:49",
            "id": 892899,
            "score": null,
            "clip": null,
            "tags": [
                {
                    "id": 31,
                    "name": "Singleplayer",
                    "slug": "singleplayer",
                    "language": "eng",
                    "games_count": 235909,
                    "image_background": "https://media.rawg.io/media/games/34b/34b1f1850a1c06fd971bc6ab3ac0ce0e.jpg"
                },
                {
                    "id": 13,
                    "name": "Atmospheric",
                    "slug": "atmospheric",
                    "language": "eng",
                    "games_count": 36136,
                    "image_background": "https://media.rawg.io/media/games/d82/d82990b9c67ba0d2d09d4e6fa88885a7.jpg"
                },
                {
                    "id": 118,
                    "name": "Story Rich",
                    "slug": "story-rich",
                    "language": "eng",
                    "games_count": 24144,
                    "image_background": "https://media.rawg.io/media/games/b8c/b8c243eaa0fbac8115e0cdccac3f91dc.jpg"
                },
                {
                    "id": 8,
                    "name": "First-Person",
                    "slug": "first-person",
                    "language": "eng",
                    "games_count": 34207,
                    "image_background": "https://media.rawg.io/media/games/d82/d82990b9c67ba0d2d09d4e6fa88885a7.jpg"
                },
                {
                    "id": 32,
                    "name": "Sci-fi",
                    "slug": "sci-fi",
                    "language": "eng",
                    "games_count": 20483,
                    "image_background": "https://media.rawg.io/media/games/bc0/bc06a29ceac58652b684deefe7d56099.jpg"
                },
                {
                    "id": 30,
                    "name": "FPS",
                    "slug": "fps",
                    "language": "eng",
                    "games_count": 14038,
                    "image_background": "https://media.rawg.io/media/games/7a2/7a2500ee8b2c0e1ff268bb4479463dea.jpg"
                },
                {
                    "id": 26,
                    "name": "Gore",
                    "slug": "gore",
                    "language": "eng",
                    "games_count": 6118,
                    "image_background": "https://media.rawg.io/media/games/511/5118aff5091cb3efec399c808f8c598f.jpg"
                },
                {
                    "id": 189,
                    "name": "Female Protagonist",
                    "slug": "female-protagonist",
                    "language": "eng",
                    "games_count": 13828,
                    "image_background": "https://media.rawg.io/media/games/3cf/3cff89996570cf29a10eb9cd967dcf73.jpg"
                },
                {
                    "id": 34,
                    "name": "Violent",
                    "slug": "violent",
                    "language": "eng",
                    "games_count": 7163,
                    "image_background": "https://media.rawg.io/media/games/3ea/3ea3c9bbd940b6cb7f2139e42d3d443f.jpg"
                },
                {
                    "id": 115,
                    "name": "Controller",
                    "slug": "controller",
                    "language": "eng",
                    "games_count": 13112,
                    "image_background": "https://media.rawg.io/media/games/fc1/fc1307a2774506b5bd65d7e8424664a7.jpg"
                },
                {
                    "id": 117,
                    "name": "Mystery",
                    "slug": "mystery",
                    "language": "eng",
                    "games_count": 14840,
                    "image_background": "https://media.rawg.io/media/games/6a2/6a2e48933245e2cd3c92248c75c925e1.jpg"
                },
                {
                    "id": 165,
                    "name": "Colorful",
                    "slug": "colorful",
                    "language": "eng",
                    "games_count": 25167,
                    "image_background": "https://media.rawg.io/media/games/0be/0bea0a08a4d954337305391b778a7f37.jpg"
                },
                {
                    "id": 571,
                    "name": "3D",
                    "slug": "3d",
                    "language": "eng",
                    "games_count": 88103,
                    "image_background": "https://media.rawg.io/media/games/c3b/c3be1d5f55cb9324c97ccb7aaaf42ad4.jpg"
                },
                {
                    "id": 42473,
                    "name": "Immersive Sim",
                    "slug": "immersive-sim-2",
                    "language": "eng",
                    "games_count": 3807,
                    "image_background": "https://media.rawg.io/media/screenshots/643/643a3dd6aba644d35f2c6476ce10ef60.jpg"
                }
            ],
            "esrb_rating": null,
            "user_game": null,
            "reviews_count": 1,
            "community_rating": 0,
            "saturated_color": "0f0f0f",
            "dominant_color": "0f0f0f",
            "short_screenshots": [
                {
                    "id": -1,
                    "image": "https://media.rawg.io/media/games/a07/a077e6994650e9e5d55cfe70cc9b478a.jpg"
                },
                {
                    "id": 3685618,
                    "image": "https://media.rawg.io/media/screenshots/0ab/0abd011136b4bf70f3c0c9aaca2948a5.jpg"
                },
                {
                    "id": 3685619,
                    "image": "https://media.rawg.io/media/screenshots/e7f/e7fb50c9ec08720254baad22cd7bdec1.jpg"
                },
                {
                    "id": 3685620,
                    "image": "https://media.rawg.io/media/screenshots/1ad/1ad63dfd5380c0578d8902553c049ad2.jpg"
                },
                {
                    "id": 3685622,
                    "image": "https://media.rawg.io/media/screenshots/d3a/d3ab8d30822e820c2a9c9ba97f1f953c.jpg"
                },
                {
                    "id": 3685623,
                    "image": "https://media.rawg.io/media/screenshots/38c/38c81e632c3c62e8aea0483114be0a9e.jpg"
                },
                {
                    "id": 3685624,
                    "image": "https://media.rawg.io/media/screenshots/5c9/5c98db882a3a3975281a5c544e12bf07.jpg"
                }
            ],
            "parent_platforms": [
                {
                    "platform": {
                        "id": 1,
                        "name": "PC",
                        "slug": "pc"
                    }
                },
                {
                    "platform": {
                        "id": 2,
                        "name": "PlayStation",
                        "slug": "playstation"
                    }
                },
                {
                    "platform": {
                        "id": 3,
                        "name": "Xbox",
                        "slug": "xbox"
                    }
                }
            ],
            "genres": [
                {
                    "id": 2,
                    "name": "Shooter",
                    "slug": "shooter"
                },
                {
                    "id": 4,
                    "name": "Action",
                    "slug": "action"
                },
                {
                    "id": 5,
                    "name": "RPG",
                    "slug": "role-playing-games-rpg"
                }
            ]
        }
    ],
    "user_platforms": false
}