{
    "count": 2,
    "next": null,
    "previous": null,
    "results": [
        {
            "slug": "what-remains-of-edith-finch",
            "name": "What Remains of Edith Finch",
            "playtime": 3,
            "platforms": [
                {
                    "platform": {
                        "id": 4,
                        "name": "PC",
                        "slug": "pc"
                    }
                },
                {
                    "platform": {
                        "id": 1,
                        "name": "Xbox One",
                        "slug": "xbox-one"
                    }
                },
                {
                    "platform": {
                        "id": 18,
                        "name": "PlayStation 4",
                        "slug": "playstation4"
                    }
                },
                {
                    "platform": {
                        "id": 7,
                        "name": "Nintendo Switch",
                        "slug": "nintendo-switch"
                    }
                },
                {
                    "platform": {
                        "id": 3,
                        "name": "iOS",
                        "slug": "ios"
                    }
                }
            ],
            "stores": [
                {
                    "store": {
                        "id": 1,
                        "name": "Steam",
                        "slug": "steam"
                    }
                },
                {
                    "store": {
                        "id": 3,
                        "name": "PlayStation Store",
                        "slug": "playstation-store"
                    }
                },
                {
                    "store": {
                        "id": 2,
                        "name": "Xbox Store",
                        "slug": "xbox-store"
                    }
                },
                {
                    "store": {
                        "id": 4,
                        "name": "App Store",
                        "slug": "apple-appstore"
                    }
                },
                {
                    "store": {
                        "id": 5,
                        "name": "GOG",
                        "slug": "gog"
                    }
                },
                {
                    "store": {
                        "id": 6,
                        "name": "Nintendo Store",
                        "slug": "nintendo"
                    }
                },
                {
                    "store": {
                        "id": 11,
                        "name": "Epic Games",
                        "slug": "epic-games"
                    }
                }
            ],
            "released": "2017-04-23",
            "tba": false,
            "background_image": "https://media.rawg.io/media/games/34e/34e100b1f648de99f32d477065f04653.jpg",
            "rating": 4.39,
            "rating_top": 5,
            "ratings": [
                {
                    "id": 5,
                    "title": "exceptional",
                    "count": 1134,
                    "percent": 56.5
                },
                {
                    "id": 4,
                    "title": "recommended",
                    "count": 670,
                    "percent": 33.38
                },
                {
                    "id": 3,
                    "title": "meh",
                    "count": 128,
                    "percent": 6.38
                },
                {
                    "id": 1,
                    "title": "skip",
                    "count": 75,
                    "percent": 3.74
                }
            ],
            "ratings_count": 1981,
            "reviews_text_count": 18,
            "added": 6439,
            "added_by_status": {
                "yet": 412,
                "owned": 3388,
                "beaten": 2028,
                "toplay": 464,
                "dropped": 101,
                "playing": 46
            },
            "metacritic": 89,
            "suggestions_count": 187,
            "updated": "2025-03-18T04:14:55",
            "id": 42,
            "score": null,
            "clip": null,
            "tags": [
                {
                    "id": 31,
                    "name": "Singleplayer",
                    "slug": "singleplayer",
                    "language": "eng",
                    "games_count": 236808,
                    "image_background": "https://media.rawg.io/media/games/4be/4be6a6ad0364751a96229c56bf69be59.jpg"
                },
                {
                    "id": 42396,
                    "name": "Для одного игрока",
                    "slug": "dlia-odnogo-igroka",
                    "language": "rus",
                    "games_count": 59339,
                    "image_background": "https://media.rawg.io/media/games/49c/49c3dfa4ce2f6f140cc4825868e858cb.jpg"
                },
                {
                    "id": 42392,
                    "name": "Приключение",
                    "slug": "prikliuchenie",
                    "language": "rus",
                    "games_count": 43383,
                    "image_background": "https://media.rawg.io/media/games/d82/d82990b9c67ba0d2d09d4e6fa88885a7.jpg"
                },
                {
                    "id": 40847,
                    "name": "Steam Achievements",
                    "slug": "steam-achievements",
                    "language": "eng",
                    "games_count": 44261,
                    "image_background": "https://media.rawg.io/media/games/b8c/b8c243eaa0fbac8115e0cdccac3f91dc.jpg"
                },
                {
                    "id": 42398,
                    "name": "Инди",
                    "slug": "indi-2",
                    "language": "rus",
                    "games_count": 61346,
                    "image_background": "https://media.rawg.io/media/games/562/562553814dd54e001a541e4ee83a591c.jpg"
                },
                {
                    "id": 40836,
                    "name": "Full controller support",
                    "slug": "full-controller-support",
                    "language": "eng",
                    "games_count": 20885,
                    "image_background": "https://media.rawg.io/media/games/562/562553814dd54e001a541e4ee83a591c.jpg"
                },
                {
                    "id": 40849,
                    "name": "Steam Cloud",
                    "slug": "steam-cloud",
                    "language": "eng",
                    "games_count": 21355,
                    "image_background": "https://media.rawg.io/media/games/be0/be01c3d7d8795a45615da139322ca080.jpg"
                },
                {
                    "id": 13,
                    "name": "Atmospheric",
                    "slug": "atmospheric",
                    "language": "eng",
                    "games_count": 36334,
                    "image_background": "https://media.rawg.io/media/games/b45/b45575f34285f2c4479c9a5f719d972e.jpg"
                },
                {
                    "id": 42400,
                    "name": "Атмосфера",
                    "slug": "atmosfera",
                    "language": "rus",
                    "games_count": 6083,
                    "image_background": "https://media.rawg.io/media/games/7fa/7fa0b586293c5861ee32490e953a4996.jpg"
                },
                {
                    "id": 7808,
                    "name": "steam-trading-cards",
                    "slug": "steam-trading-cards",
                    "language": "eng",
                    "games_count": 7568,
                    "image_background": "https://media.rawg.io/media/games/d58/d588947d4286e7b5e0e12e1bea7d9844.jpg"
                },
                {
                    "id": 42401,
                    "name": "Отличный саундтрек",
                    "slug": "otlichnyi-saundtrek",
                    "language": "rus",
                    "games_count": 4645,
                    "image_background": "https://media.rawg.io/media/games/7cf/7cfc9220b401b7a300e409e539c9afd5.jpg"
                },
                {
                    "id": 42,
                    "name": "Great Soundtrack",
                    "slug": "great-soundtrack",
                    "language": "eng",
                    "games_count": 3421,
                    "image_background": "https://media.rawg.io/media/games/26d/26d4437715bee60138dab4a7c8c59c92.jpg"
                },
                {
                    "id": 42394,
                    "name": "Глубокий сюжет",
                    "slug": "glubokii-siuzhet",
                    "language": "rus",
                    "games_count": 15181,
                    "image_background": "https://media.rawg.io/media/games/b8c/b8c243eaa0fbac8115e0cdccac3f91dc.jpg"
                },
                {
                    "id": 118,
                    "name": "Story Rich",
                    "slug": "story-rich",
                    "language": "eng",
                    "games_count": 24317,
                    "image_background": "https://media.rawg.io/media/games/be0/be01c3d7d8795a45615da139322ca080.jpg"
                },
                {
                    "id": 42429,
                    "name": "От первого лица",
                    "slug": "ot-pervogo-litsa",
                    "language": "rus",
                    "games_count": 13462,
                    "image_background": "https://media.rawg.io/media/games/b8c/b8c243eaa0fbac8115e0cdccac3f91dc.jpg"
                },
                {
                    "id": 8,
                    "name": "First-Person",
                    "slug": "first-person",
                    "language": "eng",
                    "games_count": 34382,
                    "image_background": "https://media.rawg.io/media/games/2ba/2bac0e87cf45e5b508f227d281c9252a.jpg"
                },
                {
                    "id": 16,
                    "name": "Horror",
                    "slug": "horror",
                    "language": "eng",
                    "games_count": 46748,
                    "image_background": "https://media.rawg.io/media/games/4fb/4fb548e4816c84d1d70f1a228fb167cc.jpg"
                },
                {
                    "id": 30,
                    "name": "FPS",
                    "slug": "fps",
                    "language": "eng",
                    "games_count": 14102,
                    "image_background": "https://media.rawg.io/media/games/ec3/ec3a7db7b8ab5a71aad622fe7c62632f.jpg"
                },
                {
                    "id": 42465,
                    "name": "Головоломка",
                    "slug": "golovolomka",
                    "language": "rus",
                    "games_count": 18415,
                    "image_background": "https://media.rawg.io/media/games/149/149bbed9d90dc09328ba79bbacfda3c8.jpg"
                },
                {
                    "id": 6,
                    "name": "Exploration",
                    "slug": "exploration",
                    "language": "eng",
                    "games_count": 26004,
                    "image_background": "https://media.rawg.io/media/games/737/737ea5662211d2e0bbd6f5989189e4f1.jpg"
                },
                {
                    "id": 189,
                    "name": "Female Protagonist",
                    "slug": "female-protagonist",
                    "language": "eng",
                    "games_count": 13922,
                    "image_background": "https://media.rawg.io/media/games/bce/bce62fbc7cf74bf6a1a37340993ec148.jpg"
                },
                {
                    "id": 42404,
                    "name": "Женщина-протагонист",
                    "slug": "zhenshchina-protagonist",
                    "language": "rus",
                    "games_count": 2413,
                    "image_background": "https://media.rawg.io/media/games/651/651ae84f2d5e36206aad90976a453329.jpg"
                },
                {
                    "id": 42464,
                    "name": "Исследование",
                    "slug": "issledovanie",
                    "language": "rus",
                    "games_count": 2979,
                    "image_background": "https://media.rawg.io/media/games/da1/da1b267764d77221f07a4386b6548e5a.jpg"
                },
                {
                    "id": 42477,
                    "name": "Мрачная",
                    "slug": "mrachnaia",
                    "language": "rus",
                    "games_count": 6666,
                    "image_background": "https://media.rawg.io/media/games/d9f/d9f982e042df6263684ba1fdea3efc1c.jpg"
                },
                {
                    "id": 42556,
                    "name": "Тайна",
                    "slug": "taina",
                    "language": "rus",
                    "games_count": 6801,
                    "image_background": "https://media.rawg.io/media/games/b28/b28a135fa6133e17b228f46902a4fda4.jpg"
                },
                {
                    "id": 111,
                    "name": "Short",
                    "slug": "short",
                    "language": "eng",
                    "games_count": 57947,
                    "image_background": "https://media.rawg.io/media/games/fae/faebf3c8cbf30db3f46bfbecf6ada3d6.jpg"
                },
                {
                    "id": 117,
                    "name": "Mystery",
                    "slug": "mystery",
                    "language": "eng",
                    "games_count": 14928,
                    "image_background": "https://media.rawg.io/media/games/54a/54a3e4c617217848dc43c4de9989fe37.jpg"
                },
                {
                    "id": 42457,
                    "name": "Короткая",
                    "slug": "korotkaia",
                    "language": "rus",
                    "games_count": 1826,
                    "image_background": "https://media.rawg.io/media/games/657/657574cd437df9102f511b3be095b0ea.jpg"
                },
                {
                    "id": 42555,
                    "name": "Симулятор ходьбы",
                    "slug": "simuliator-khodby",
                    "language": "rus",
                    "games_count": 3551,
                    "image_background": "https://media.rawg.io/media/games/fd2/fd20a68d7ef195855588c937865dd0a7.jpg"
                },
                {
                    "id": 91,
                    "name": "Walking Simulator",
                    "slug": "walking-simulator",
                    "language": "eng",
                    "games_count": 7984,
                    "image_background": "https://media.rawg.io/media/games/34e/34e100b1f648de99f32d477065f04653.jpg"
                },
                {
                    "id": 42393,
                    "name": "Визуальная новелла",
                    "slug": "vizualnaia-novella",
                    "language": "rus",
                    "games_count": 8463,
                    "image_background": "https://media.rawg.io/media/games/efa/efa8003f31a514d34fb0d0f0e39b5e7d.jpg"
                },
                {
                    "id": 90,
                    "name": "Visual Novel",
                    "slug": "visual-novel",
                    "language": "eng",
                    "games_count": 8312,
                    "image_background": "https://media.rawg.io/media/games/01a/01a74b440fba4dce445cc2ff11b99220.jpg"
                },
                {
                    "id": 42650,
                    "name": "Драма",
                    "slug": "drama-2",
                    "language": "rus",
                    "games_count": 4370,
                    "image_background": "https://media.rawg.io/media/screenshots/e97/e97020b39abc864e3cdf4e7e564c402c.jpg"
                },
                {
                    "id": 42627,
                    "name": "Повествование",
                    "slug": "povestvovanie",
                    "language": "rus",
                    "games_count": 677,
                    "image_background": "https://media.rawg.io/media/games/cbd/cbdaa32349be63a57099669be29dc7ca.jpg"
                },
                {
                    "id": 42536,
                    "name": "Лавкрафт",
                    "slug": "lavkraft",
                    "language": "rus",
                    "games_count": 821,
                    "image_background": "https://media.rawg.io/media/games/694/694ba14510656e8787536349220cb168.jpg"
                }
            ],
            "esrb_rating": {
                "id": 3,
                "name": "Teen",
                "slug": "teen",
                "name_en": "Teen",
                "name_ru": "С 13 лет"
            },
            "user_game": null,
            "reviews_count": 2007,
            "saturated_color": "0f0f0f",
            "dominant_color": "0f0f0f",
            "short_screenshots": [
                {
                    "id": -1,
                    "image": "https://media.rawg.io/media/games/34e/34e100b1f648de99f32d477065f04653.jpg"
                },
                {
                    "id": 264,
                    "image": "https://media.rawg.io/media/screenshots/d90/d90a746f8328b711996dad15cd6184bd.jpg"
                },
                {
                    "id": 265,
                    "image": "https://media.rawg.io/media/screenshots/2a4/2a4ab6371a7a8b7914b86c043e44416e.jpg"
                },
                {
                    "id": 82113,
                    "image": "https://media.rawg.io/media/screenshots/cdf/cdf5f9261241b33274d168cb657a5a0c.jpg"
                },
                {
                    "id": 82114,
                    "image": "https://media.rawg.io/media/screenshots/caf/caf131544caa863b86ca2f27e4113b43.jpg"
                },
                {
                    "id": 82115,
                    "image": "https://media.rawg.io/media/screenshots/917/917e1082cad6c10e1a41a0801dd02d87.jpg"
                },
                {
                    "id": 82116,
                    "image": "https://media.rawg.io/media/screenshots/23b/23b3593cee913accf681351bdaa4bddf.jpg"
                }
            ],
            "parent_platforms": [
                {
                    "platform": {
                        "id": 1,
                        "name": "PC",
                        "slug": "pc"
                    }
                },
                {
                    "platform": {
                        "id": 2,
                        "name": "PlayStation",
                        "slug": "playstation"
                    }
                },
                {
                    "platform": {
                        "id": 3,
                        "name": "Xbox",
                        "slug": "xbox"
                    }
                },
                {
                    "platform": {
                        "id": 4,
                        "name": "iOS",
                        "slug": "ios"
                    }
                },
                {
                    "platform": {
                        "id": 7,
                        "name": "Nintendo",
                        "slug": "nintendo"
                    }
                }
            ],
            "genres": [
                {
                    "id": 51,
                    "name": "Indie",
                    "slug": "indie"
                },
                {
                    "id": 3,
                    "name": "Adventure",
                    "slug": "adventure"
                }
            ]
        },
        {
            "slug": "the-unfinished-swan",
            "name": "The Unfinished Swan",
            "playtime": 2,
            "platforms": [
                {
                    "platform": {
                        "id": 4,
                        "name": "PC",
                        "slug": "pc"
                    }
                },
                {
                    "platform": {
                        "id": 18,
                        "name": "PlayStation 4",
                        "slug": "playstation4"
                    }
                },
                {
                    "platform": {
                        "id": 3,
                        "name": "iOS",
                        "slug": "ios"
                    }
                },
                {
                    "platform": {
                        "id": 16,
                        "name": "PlayStation 3",
                        "slug": "playstation3"
                    }
                },
                {
                    "platform": {
                        "id": 19,
                        "name": "PS Vita",
                        "slug": "ps-vita"
                    }
                }
            ],
            "stores": [
                {
                    "store": {
                        "id": 1,
                        "name": "Steam",
                        "slug": "steam"
                    }
                },
                {
                    "store": {
                        "id": 3,
                        "name": "PlayStation Store",
                        "slug": "playstation-store"
                    }
                },
                {
                    "store": {
                        "id": 4,
                        "name": "App Store",
                        "slug": "apple-appstore"
                    }
                },
                {
                    "store": {
                        "id": 11,
                        "name": "Epic Games",
                        "slug": "epic-games"
                    }
                }
            ],
            "released": "2012-10-16",
            "tba": false,
            "background_image": "https://media.rawg.io/media/screenshots/5a3/5a335ee04477c97d393e8ba03f8e6d91.jpg",
            "rating": 3.55,
            "rating_top": 4,
            "ratings": [
                {
                    "id": 4,
                    "title": "recommended",
                    "count": 178,
                    "percent": 48.77
                },
                {
                    "id": 3,
                    "title": "meh",
                    "count": 99,
                    "percent": 27.12
                },
                {
                    "id": 5,
                    "title": "exceptional",
                    "count": 50,
                    "percent": 13.7
                },
                {
                    "id": 1,
                    "title": "skip",
                    "count": 38,
                    "percent": 10.41
                }
            ],
            "ratings_count": 364,
            "reviews_text_count": 0,
            "added": 1964,
            "added_by_status": {
                "yet": 67,
                "owned": 1448,
                "beaten": 262,
                "toplay": 84,
                "dropped": 97,
                "playing": 6
            },
            "metacritic": 81,
            "suggestions_count": 338,
            "updated": "2025-03-02T09:44:25",
            "id": 3533,
            "score": null,
            "clip": null,
            "tags": [
                {
                    "id": 31,
                    "name": "Singleplayer",
                    "slug": "singleplayer",
                    "language": "eng",
                    "games_count": 236399,
                    "image_background": "https://media.rawg.io/media/games/20a/20aa03a10cda45239fe22d035c0ebe64.jpg"
                },
                {
                    "id": 42396,
                    "name": "Для одного игрока",
                    "slug": "dlia-odnogo-igroka",
                    "language": "rus",
                    "games_count": 59009,
                    "image_background": "https://media.rawg.io/media/games/b7b/b7b8381707152afc7d91f5d95de70e39.jpg"
                },
                {
                    "id": 42392,
                    "name": "Приключение",
                    "slug": "prikliuchenie",
                    "language": "rus",
                    "games_count": 43223,
                    "image_background": "https://media.rawg.io/media/games/d1a/d1a2e99ade53494c6330a0ed945fe823.jpg"
                },
                {
                    "id": 40847,
                    "name": "Steam Achievements",
                    "slug": "steam-achievements",
                    "language": "eng",
                    "games_count": 44039,
                    "image_background": "https://media.rawg.io/media/games/2ba/2bac0e87cf45e5b508f227d281c9252a.jpg"
                },
                {
                    "id": 42398,
                    "name": "Инди",
                    "slug": "indi-2",
                    "language": "rus",
                    "games_count": 61145,
                    "image_background": "https://media.rawg.io/media/games/b54/b54598d1d5cc31899f4f0a7e3122a7b0.jpg"
                },
                {
                    "id": 40836,
                    "name": "Full controller support",
                    "slug": "full-controller-support",
                    "language": "eng",
                    "games_count": 20784,
                    "image_background": "https://media.rawg.io/media/games/16b/16b1b7b36e2042d1128d5a3e852b3b2f.jpg"
                },
                {
                    "id": 40849,
                    "name": "Steam Cloud",
                    "slug": "steam-cloud",
                    "language": "eng",
                    "games_count": 21239,
                    "image_background": "https://media.rawg.io/media/games/d58/d588947d4286e7b5e0e12e1bea7d9844.jpg"
                },
                {
                    "id": 13,
                    "name": "Atmospheric",
                    "slug": "atmospheric",
                    "language": "eng",
                    "games_count": 36246,
                    "image_background": "https://media.rawg.io/media/games/562/562553814dd54e001a541e4ee83a591c.jpg"
                },
                {
                    "id": 42400,
                    "name": "Атмосфера",
                    "slug": "atmosfera",
                    "language": "rus",
                    "games_count": 6083,
                    "image_background": "https://media.rawg.io/media/games/942/9424d6bb763dc38d9378b488603c87fa.jpg"
                },
                {
                    "id": 42401,
                    "name": "Отличный саундтрек",
                    "slug": "otlichnyi-saundtrek",
                    "language": "rus",
                    "games_count": 4645,
                    "image_background": "https://media.rawg.io/media/games/7cf/7cfc9220b401b7a300e409e539c9afd5.jpg"
                },
                {
                    "id": 42,
                    "name": "Great Soundtrack",
                    "slug": "great-soundtrack",
                    "language": "eng",
                    "games_count": 3421,
                    "image_background": "https://media.rawg.io/media/games/26d/26d4437715bee60138dab4a7c8c59c92.jpg"
                },
                {
                    "id": 42394,
                    "name": "Глубокий сюжет",
                    "slug": "glubokii-siuzhet",
                    "language": "rus",
                    "games_count": 15104,
                    "image_background": "https://media.rawg.io/media/games/da1/da1b267764d77221f07a4386b6548e5a.jpg"
                },
                {
                    "id": 118,
                    "name": "Story Rich",
                    "slug": "story-rich",
                    "language": "eng",
                    "games_count": 24240,
                    "image_background": "https://media.rawg.io/media/games/7a2/7a2500ee8b2c0e1ff268bb4479463dea.jpg"
                },
                {
                    "id": 42399,
                    "name": "Казуальная игра",
                    "slug": "kazualnaia-igra",
                    "language": "rus",
                    "games_count": 47402,
                    "image_background": "https://media.rawg.io/media/games/e9c/e9c042d14515eb3ff7cb4db9fe78e435.jpg"
                },
                {
                    "id": 42429,
                    "name": "От первого лица",
                    "slug": "ot-pervogo-litsa",
                    "language": "rus",
                    "games_count": 13382,
                    "image_background": "https://media.rawg.io/media/games/198/1988a337305e008b41d7f536ce9b73f6.jpg"
                },
                {
                    "id": 8,
                    "name": "First-Person",
                    "slug": "first-person",
                    "language": "eng",
                    "games_count": 34303,
                    "image_background": "https://media.rawg.io/media/games/ec3/ec3a7db7b8ab5a71aad622fe7c62632f.jpg"
                },
                {
                    "id": 42465,
                    "name": "Головоломка",
                    "slug": "golovolomka",
                    "language": "rus",
                    "games_count": 18328,
                    "image_background": "https://media.rawg.io/media/games/942/9424d6bb763dc38d9378b488603c87fa.jpg"
                },
                {
                    "id": 6,
                    "name": "Exploration",
                    "slug": "exploration",
                    "language": "eng",
                    "games_count": 25920,
                    "image_background": "https://media.rawg.io/media/games/253/2534a46f3da7fa7c315f1387515ca393.jpg"
                },
                {
                    "id": 42464,
                    "name": "Исследование",
                    "slug": "issledovanie",
                    "language": "rus",
                    "games_count": 2979,
                    "image_background": "https://media.rawg.io/media/games/021/021c4e21a1824d2526f925eff6324653.jpg"
                },
                {
                    "id": 37796,
                    "name": "exclusive",
                    "slug": "exclusive",
                    "language": "eng",
                    "games_count": 4491,
                    "image_background": "https://media.rawg.io/media/games/f24/f2493ea338fe7bd3c7d73750a85a0959.jpeg"
                },
                {
                    "id": 42556,
                    "name": "Тайна",
                    "slug": "taina",
                    "language": "rus",
                    "games_count": 6756,
                    "image_background": "https://media.rawg.io/media/games/b28/b28a135fa6133e17b228f46902a4fda4.jpg"
                },
                {
                    "id": 117,
                    "name": "Mystery",
                    "slug": "mystery",
                    "language": "eng",
                    "games_count": 14880,
                    "image_background": "https://media.rawg.io/media/screenshots/370/370895ff725d74e26b8d30389222b397.jpg"
                },
                {
                    "id": 571,
                    "name": "3D",
                    "slug": "3d",
                    "language": "eng",
                    "games_count": 88284,
                    "image_background": "https://media.rawg.io/media/games/d97/d97f663b752a6484df105993f17abb49.jpg"
                },
                {
                    "id": 42555,
                    "name": "Симулятор ходьбы",
                    "slug": "simuliator-khodby",
                    "language": "rus",
                    "games_count": 3529,
                    "image_background": "https://media.rawg.io/media/games/2ad/2ad87a4a69b1104f02435c14c5196095.jpg"
                },
                {
                    "id": 91,
                    "name": "Walking Simulator",
                    "slug": "walking-simulator",
                    "language": "eng",
                    "games_count": 7962,
                    "image_background": "https://media.rawg.io/media/games/fd2/fd20a68d7ef195855588c937865dd0a7.jpg"
                },
                {
                    "id": 42690,
                    "name": "Красивая",
                    "slug": "krasivaia",
                    "language": "rus",
                    "games_count": 590,
                    "image_background": "https://media.rawg.io/media/games/8cd/8cd179c85bd3de8f79bef245b15075fb.jpg"
                },
                {
                    "id": 40937,
                    "name": "Steam Trading Cards",
                    "slug": "steam-trading-cards-2",
                    "language": "eng",
                    "games_count": 732,
                    "image_background": "https://media.rawg.io/media/games/473/473bd9a5e9522629d6cb28b701fb836a.jpg"
                },
                {
                    "id": 42468,
                    "name": "Головоломка-платформер",
                    "slug": "golovolomka-platformer",
                    "language": "rus",
                    "games_count": 4401,
                    "image_background": "https://media.rawg.io/media/games/cfe/cfe114c081281960bd79ace5209c0a4a.jpg"
                },
                {
                    "id": 136,
                    "name": "Music",
                    "slug": "music",
                    "language": "eng",
                    "games_count": 26121,
                    "image_background": "https://media.rawg.io/media/games/9fa/9fa63622543e5d4f6d99aa9d73b043de.jpg"
                },
                {
                    "id": 42672,
                    "name": "Сюрреалистичная",
                    "slug": "siurrealistichnaia",
                    "language": "rus",
                    "games_count": 3032,
                    "image_background": "https://media.rawg.io/media/games/c89/c89ca70716080733d03724277df2c6c7.jpg"
                },
                {
                    "id": 46,
                    "name": "Surreal",
                    "slug": "surreal",
                    "language": "eng",
                    "games_count": 5931,
                    "image_background": "https://media.rawg.io/media/screenshots/dcc/dcce37f6d000c846c7aa23ccebf53a73.jpg"
                },
                {
                    "id": 42620,
                    "name": "Музыка",
                    "slug": "muzyka",
                    "language": "rus",
                    "games_count": 1274,
                    "image_background": "https://media.rawg.io/media/screenshots/90f/90f61894908915eff8455e7b43d466a2.jpg"
                },
                {
                    "id": 42582,
                    "name": "Минимализм",
                    "slug": "minimalizm",
                    "language": "rus",
                    "games_count": 6196,
                    "image_background": "https://media.rawg.io/media/screenshots/601/60141c5480a9ccec225c16d5ff5216e6.jpg"
                },
                {
                    "id": 112,
                    "name": "Minimalist",
                    "slug": "minimalist",
                    "language": "eng",
                    "games_count": 16198,
                    "image_background": "https://media.rawg.io/media/screenshots/a2e/a2ecf055ac9339d3a58808842c44a9b7.jpg"
                },
                {
                    "id": 577,
                    "name": "Beautiful",
                    "slug": "beautiful",
                    "language": "eng",
                    "games_count": 1871,
                    "image_background": "https://media.rawg.io/media/screenshots/2af/2aff127d5caa7985bfdb5106f75052fe.jpg"
                },
                {
                    "id": 49955,
                    "name": "Puzzle Platformer",
                    "slug": "puzzle-platformer-2",
                    "language": "eng",
                    "games_count": 3689,
                    "image_background": "https://media.rawg.io/media/games/257/257c497aa4060f4a697ccbf5e99ec230.jpg"
                }
            ],
            "esrb_rating": null,
            "user_game": null,
            "reviews_count": 365,
            "saturated_color": "0f0f0f",
            "dominant_color": "0f0f0f",
            "short_screenshots": [
                {
                    "id": -1,
                    "image": "https://media.rawg.io/media/screenshots/5a3/5a335ee04477c97d393e8ba03f8e6d91.jpg"
                },
                {
                    "id": 31639,
                    "image": "https://media.rawg.io/media/screenshots/8d8/8d8cc40914ffc8b26fec7685cfd99e3c.jpg"
                },
                {
                    "id": 31640,
                    "image": "https://media.rawg.io/media/screenshots/c6a/c6aefa30e9f162283f26175b741ec3a3.jpg"
                },
                {
                    "id": 31641,
                    "image": "https://media.rawg.io/media/screenshots/2a1/2a1d457e834295c4bc98e88d0edb4dbf.jpg"
                },
                {
                    "id": 31642,
                    "image": "https://media.rawg.io/media/screenshots/37c/37c05e3dcc1346b815e711c60d2741ee.jpg"
                },
                {
                    "id": 31643,
                    "image": "https://media.rawg.io/media/screenshots/441/4418651e8eb80e49c2dc60dbf4bcd785.jpg"
                },
                {
                    "id": 31644,
                    "image": "https://media.rawg.io/media/screenshots/24e/24eeb4c9053301be454036ba39df14ad.jpg"
                }
            ],
            "parent_platforms": [
                {
                    "platform": {
                        "id": 1,
                        "name": "PC",
                        "slug": "pc"
                    }
                },
                {
                    "platform": {
                        "id": 2,
                        "name": "PlayStation",
                        "slug": "playstation"
                    }
                },
                {
                    "platform": {
                        "id": 4,
                        "name": "iOS",
                        "slug": "ios"
                    }
                }
            ],
            "genres": [
                {
                    "id": 51,
                    "name": "Indie",
                    "slug": "indie"
                },
                {
                    "id": 3,
                    "name": "Adventure",
                    "slug": "adventure"
                },
                {
                    "id": 7,
                    "name": "Puzzle",
                    "slug": "puzzle"
                }
            ]
        }
    ],
    "user_platforms": false
}