{
    "count": 20,
    "next": "https://api.rawg.io/api/games?developers=4158&key=6144c1f5ae184e6a89a3e2b34caf541c&ordering=-rating&page=2&page_size=10",
    "previous": null,
    "results": [
        {
            "slug": "returnal",
            "name": "Returnal",
            "playtime": 8,
            "platforms": [
                {
                    "platform": {
                        "id": 4,
                        "name": "PC",
                        "slug": "pc"
                    }
                },
                {
                    "platform": {
                        "id": 187,
                        "name": "PlayStation 5",
                        "slug": "playstation5"
                    }
                }
            ],
            "stores": [
                {
                    "store": {
                        "id": 1,
                        "name": "Steam",
                        "slug": "steam"
                    }
                },
                {
                    "store": {
                        "id": 3,
                        "name": "PlayStation Store",
                        "slug": "playstation-store"
                    }
                }
            ],
            "released": "2021-04-30",
            "tba": false,
            "background_image": "https://media.rawg.io/media/games/673/673f27be4c5dbf37ce3ed0ed5ddf9d8d.jpg",
            "rating": 4.15,
            "rating_top": 5,
            "ratings": [
                {
                    "id": 5,
                    "title": "exceptional",
                    "count": 127,
                    "percent": 42.33
                },
                {
                    "id": 4,
                    "title": "recommended",
                    "count": 112,
                    "percent": 37.33
                },
                {
                    "id": 3,
                    "title": "meh",
                    "count": 51,
                    "percent": 17.0
                },
                {
                    "id": 1,
                    "title": "skip",
                    "count": 10,
                    "percent": 3.33
                }
            ],
            "ratings_count": 289,
            "reviews_text_count": 6,
            "added": 1771,
            "added_by_status": {
                "yet": 115,
                "owned": 900,
                "beaten": 193,
                "toplay": 365,
                "dropped": 137,
                "playing": 61
            },
            "metacritic": 86,
            "suggestions_count": 246,
            "updated": "2025-03-19T20:21:46",
            "id": 452639,
            "score": null,
            "clip": null,
            "tags": [
                {
                    "id": 31,
                    "name": "Singleplayer",
                    "slug": "singleplayer",
                    "language": "eng",
                    "games_count": 236808,
                    "image_background": "https://media.rawg.io/media/games/4be/4be6a6ad0364751a96229c56bf69be59.jpg"
                },
                {
                    "id": 42396,
                    "name": "Для одного игрока",
                    "slug": "dlia-odnogo-igroka",
                    "language": "rus",
                    "games_count": 59339,
                    "image_background": "https://media.rawg.io/media/games/49c/49c3dfa4ce2f6f140cc4825868e858cb.jpg"
                },
                {
                    "id": 42417,
                    "name": "Экшен",
                    "slug": "ekshen",
                    "language": "rus",
                    "games_count": 45143,
                    "image_background": "https://media.rawg.io/media/games/b45/b45575f34285f2c4479c9a5f719d972e.jpg"
                },
                {
                    "id": 40847,
                    "name": "Steam Achievements",
                    "slug": "steam-achievements",
                    "language": "eng",
                    "games_count": 44261,
                    "image_background": "https://media.rawg.io/media/games/b8c/b8c243eaa0fbac8115e0cdccac3f91dc.jpg"
                },
                {
                    "id": 7,
                    "name": "Multiplayer",
                    "slug": "multiplayer",
                    "language": "eng",
                    "games_count": 40265,
                    "image_background": "https://media.rawg.io/media/games/021/021c4e21a1824d2526f925eff6324653.jpg"
                },
                {
                    "id": 40836,
                    "name": "Full controller support",
                    "slug": "full-controller-support",
                    "language": "eng",
                    "games_count": 20885,
                    "image_background": "https://media.rawg.io/media/games/562/562553814dd54e001a541e4ee83a591c.jpg"
                },
                {
                    "id": 40849,
                    "name": "Steam Cloud",
                    "slug": "steam-cloud",
                    "language": "eng",
                    "games_count": 21355,
                    "image_background": "https://media.rawg.io/media/games/be0/be01c3d7d8795a45615da139322ca080.jpg"
                },
                {
                    "id": 42425,
                    "name": "Для нескольких игроков",
                    "slug": "dlia-neskolkikh-igrokov",
                    "language": "rus",
                    "games_count": 11352,
                    "image_background": "https://media.rawg.io/media/games/157/15742f2f67eacff546738e1ab5c19d20.jpg"
                },
                {
                    "id": 18,
                    "name": "Co-op",
                    "slug": "co-op",
                    "language": "eng",
                    "games_count": 12990,
                    "image_background": "https://media.rawg.io/media/games/4e0/4e0e7b6d6906a131307c94266e5c9a1c.jpg"
                },
                {
                    "id": 411,
                    "name": "cooperative",
                    "slug": "cooperative",
                    "language": "eng",
                    "games_count": 5769,
                    "image_background": "https://media.rawg.io/media/games/587/587588c64afbff80e6f444eb2e46f9da.jpg"
                },
                {
                    "id": 42428,
                    "name": "Шутер",
                    "slug": "shuter",
                    "language": "rus",
                    "games_count": 10481,
                    "image_background": "https://media.rawg.io/media/games/4a0/4a0a1316102366260e6f38fd2a9cfdce.jpg"
                },
                {
                    "id": 42423,
                    "name": "Научная фантастика",
                    "slug": "nauchnaia-fantastika",
                    "language": "rus",
                    "games_count": 9486,
                    "image_background": "https://media.rawg.io/media/games/587/587588c64afbff80e6f444eb2e46f9da.jpg"
                },
                {
                    "id": 32,
                    "name": "Sci-fi",
                    "slug": "sci-fi",
                    "language": "eng",
                    "games_count": 20582,
                    "image_background": "https://media.rawg.io/media/games/587/587588c64afbff80e6f444eb2e46f9da.jpg"
                },
                {
                    "id": 16,
                    "name": "Horror",
                    "slug": "horror",
                    "language": "eng",
                    "games_count": 46748,
                    "image_background": "https://media.rawg.io/media/games/4fb/4fb548e4816c84d1d70f1a228fb167cc.jpg"
                },
                {
                    "id": 9,
                    "name": "Online Co-Op",
                    "slug": "online-co-op",
                    "language": "eng",
                    "games_count": 6621,
                    "image_background": "https://media.rawg.io/media/games/2ba/2bac0e87cf45e5b508f227d281c9252a.jpg"
                },
                {
                    "id": 42420,
                    "name": "Сложная",
                    "slug": "slozhnaia",
                    "language": "rus",
                    "games_count": 5797,
                    "image_background": "https://media.rawg.io/media/games/226/2262cea0b385db6cf399f4be831603b0.jpg"
                },
                {
                    "id": 49,
                    "name": "Difficult",
                    "slug": "difficult",
                    "language": "eng",
                    "games_count": 13769,
                    "image_background": "https://media.rawg.io/media/games/283/283e7e600366b0da7021883d27159b27.jpg"
                },
                {
                    "id": 189,
                    "name": "Female Protagonist",
                    "slug": "female-protagonist",
                    "language": "eng",
                    "games_count": 13922,
                    "image_background": "https://media.rawg.io/media/games/bce/bce62fbc7cf74bf6a1a37340993ec148.jpg"
                },
                {
                    "id": 42446,
                    "name": "Шутер от третьего лица",
                    "slug": "shuter-ot-tretego-litsa",
                    "language": "rus",
                    "games_count": 2413,
                    "image_background": "https://media.rawg.io/media/games/7ac/7aca7ccf0e70cd0974cb899ab9e5158e.jpg"
                },
                {
                    "id": 150,
                    "name": "Third-Person Shooter",
                    "slug": "third-person-shooter",
                    "language": "eng",
                    "games_count": 3804,
                    "image_background": "https://media.rawg.io/media/games/d46/d46373f39458670305704ef089387520.jpg"
                },
                {
                    "id": 25,
                    "name": "Space",
                    "slug": "space",
                    "language": "eng",
                    "games_count": 43511,
                    "image_background": "https://media.rawg.io/media/games/0bc/0bcc108295a244b488d5c25f7d867220.jpg"
                },
                {
                    "id": 42422,
                    "name": "Космос",
                    "slug": "kosmos-2",
                    "language": "rus",
                    "games_count": 4847,
                    "image_background": "https://media.rawg.io/media/games/bd2/bd2cc7714e0b9b1adad1ba1b2400d436.jpg"
                },
                {
                    "id": 37796,
                    "name": "exclusive",
                    "slug": "exclusive",
                    "language": "eng",
                    "games_count": 4491,
                    "image_background": "https://media.rawg.io/media/games/f24/f2493ea338fe7bd3c7d73750a85a0959.jpeg"
                },
                {
                    "id": 42419,
                    "name": "Рогалик",
                    "slug": "rogalik",
                    "language": "rus",
                    "games_count": 5361,
                    "image_background": "https://media.rawg.io/media/games/699/69907ecf13f172e9e144069769c3be73.jpg"
                },
                {
                    "id": 639,
                    "name": "Roguelike",
                    "slug": "roguelike",
                    "language": "eng",
                    "games_count": 13786,
                    "image_background": "https://media.rawg.io/media/games/0f4/0f4f4764555736eebfeb01571e44e99e.jpg"
                },
                {
                    "id": 42591,
                    "name": "Упрощённый рогалик",
                    "slug": "uproshchionnyi-rogalik",
                    "language": "rus",
                    "games_count": 4654,
                    "image_background": "https://media.rawg.io/media/games/5c2/5c2b78d4ee2647849d0bfb5d772345c8.jpg"
                },
                {
                    "id": 37797,
                    "name": "true exclusive",
                    "slug": "true-exclusive",
                    "language": "eng",
                    "games_count": 3980,
                    "image_background": "https://media.rawg.io/media/games/4be/4be6a6ad0364751a96229c56bf69be59.jpg"
                },
                {
                    "id": 640,
                    "name": "Roguelite",
                    "slug": "roguelite",
                    "language": "eng",
                    "games_count": 7399,
                    "image_background": "https://media.rawg.io/media/games/c32/c323f9c17ac95c363772bb9ff3693dc6.jpg"
                },
                {
                    "id": 42592,
                    "name": "Похожа на Dark Souls",
                    "slug": "pokhozha-na-dark-souls",
                    "language": "rus",
                    "games_count": 1222,
                    "image_background": "https://media.rawg.io/media/games/a3e/a3ea71c18e81d54ebaf982dadb9a8738.jpg"
                },
                {
                    "id": 42539,
                    "name": "Скролл-шутер",
                    "slug": "skroll-shuter",
                    "language": "rus",
                    "games_count": 2276,
                    "image_background": "https://media.rawg.io/media/screenshots/71c/71c015df012029897e87ac00b7a8de4c.jpg"
                },
                {
                    "id": 57,
                    "name": "Bullet Hell",
                    "slug": "bullet-hell",
                    "language": "eng",
                    "games_count": 9919,
                    "image_background": "https://media.rawg.io/media/screenshots/ad4/ad445a12ee46543d4d117f3893041ebf.jpg"
                },
                {
                    "id": 580,
                    "name": "Souls-like",
                    "slug": "souls-like",
                    "language": "eng",
                    "games_count": 1625,
                    "image_background": "https://media.rawg.io/media/games/b29/b294fdd866dcdb643e7bab370a552855.jpg"
                },
                {
                    "id": 59643,
                    "name": "Протагонистка",
                    "slug": "protagonistka",
                    "language": "eng",
                    "games_count": 6404,
                    "image_background": "https://media.rawg.io/media/games/0ea/0ea86d90ac2e5591b31c516c2dc72e07.jpg"
                },
                {
                    "id": 70351,
                    "name": "Сетевой кооператив",
                    "slug": "setevoi-kooperativ",
                    "language": "rus",
                    "games_count": 2280,
                    "image_background": "https://media.rawg.io/media/screenshots/420/4205650e0fd16a5ba7bf4f8524fac1f1.jpg"
                },
                {
                    "id": 49964,
                    "name": "Action Roguelike",
                    "slug": "action-roguelike-2",
                    "language": "eng",
                    "games_count": 3601,
                    "image_background": "https://media.rawg.io/media/games/88a/88af17cc08783ccdd1608ae63c47eeac.jpg"
                },
                {
                    "id": 49997,
                    "name": "Экшен-рогалик",
                    "slug": "ekshen-rogalik",
                    "language": "rus",
                    "games_count": 3596,
                    "image_background": "https://media.rawg.io/media/screenshots/ed8/ed8a780ca2d64dcd38f8ff3bcecf050a.jpg"
                },
                {
                    "id": 2114,
                    "name": "psychological-horror",
                    "slug": "psychological-horror-2",
                    "language": "eng",
                    "games_count": 32,
                    "image_background": "https://media.rawg.io/media/games/8f5/8f5c25901d96e709ea631599106eda1c.jpg"
                }
            ],
            "esrb_rating": null,
            "user_game": null,
            "reviews_count": 300,
            "saturated_color": "0f0f0f",
            "dominant_color": "0f0f0f",
            "short_screenshots": [
                {
                    "id": -1,
                    "image": "https://media.rawg.io/media/games/673/673f27be4c5dbf37ce3ed0ed5ddf9d8d.jpg"
                },
                {
                    "id": 2408594,
                    "image": "https://media.rawg.io/media/screenshots/706/70641e51863338e0214224ce433a6529.jpg"
                },
                {
                    "id": 2408595,
                    "image": "https://media.rawg.io/media/screenshots/0e0/0e0ee55f3ce0b183b64fff751fc65788.jpg"
                },
                {
                    "id": 2408596,
                    "image": "https://media.rawg.io/media/screenshots/e1b/e1bc10332350cb491d6227b86750ae7c.jpg"
                },
                {
                    "id": 2408597,
                    "image": "https://media.rawg.io/media/screenshots/477/47760d18306180f8aef42b08779b2b63.jpg"
                }
            ],
            "parent_platforms": [
                {
                    "platform": {
                        "id": 1,
                        "name": "PC",
                        "slug": "pc"
                    }
                },
                {
                    "platform": {
                        "id": 2,
                        "name": "PlayStation",
                        "slug": "playstation"
                    }
                }
            ],
            "genres": [
                {
                    "id": 2,
                    "name": "Shooter",
                    "slug": "shooter"
                },
                {
                    "id": 4,
                    "name": "Action",
                    "slug": "action"
                }
            ]
        },
        {
            "slug": "super-stardust-delta",
            "name": "Super Stardust Delta",
            "playtime": 0,
            "platforms": [
                {
                    "platform": {
                        "id": 19,
                        "name": "PS Vita",
                        "slug": "ps-vita"
                    }
                }
            ],
            "stores": [
                {
                    "store": {
                        "id": 3,
                        "name": "PlayStation Store",
                        "slug": "playstation-store"
                    }
                }
            ],
            "released": "2012-01-19",
            "tba": false,
            "background_image": "https://media.rawg.io/media/games/291/291b77d52b4a61845777f167ed47e549.jpg",
            "rating": 4.05,
            "rating_top": 4,
            "ratings": [
                {
                    "id": 4,
                    "title": "recommended",
                    "count": 13,
                    "percent": 65.0
                },
                {
                    "id": 5,
                    "title": "exceptional",
                    "count": 4,
                    "percent": 20.0
                },
                {
                    "id": 3,
                    "title": "meh",
                    "count": 3,
                    "percent": 15.0
                }
            ],
            "ratings_count": 19,
            "reviews_text_count": 1,
            "added": 199,
            "added_by_status": {
                "yet": 1,
                "owned": 169,
                "beaten": 14,
                "dropped": 15
            },
            "metacritic": null,
            "suggestions_count": 170,
            "updated": "2025-01-13T14:28:55",
            "id": 4474,
            "score": null,
            "clip": null,
            "tags": [
                {
                    "id": 37796,
                    "name": "exclusive",
                    "slug": "exclusive",
                    "language": "eng",
                    "games_count": 4491,
                    "image_background": "https://media.rawg.io/media/games/f24/f2493ea338fe7bd3c7d73750a85a0959.jpeg"
                },
                {
                    "id": 37797,
                    "name": "true exclusive",
                    "slug": "true-exclusive",
                    "language": "eng",
                    "games_count": 3980,
                    "image_background": "https://media.rawg.io/media/screenshots/0f5/0f585fa72f534f62f9e5da051179f5de.jpg"
                }
            ],
            "esrb_rating": {
                "id": 1,
                "name": "Everyone",
                "slug": "everyone",
                "name_en": "Everyone",
                "name_ru": "Для всех"
            },
            "user_game": null,
            "reviews_count": 20,
            "saturated_color": "0f0f0f",
            "dominant_color": "0f0f0f",
            "short_screenshots": [
                {
                    "id": -1,
                    "image": "https://media.rawg.io/media/games/291/291b77d52b4a61845777f167ed47e549.jpg"
                },
                {
                    "id": 2022497,
                    "image": "https://media.rawg.io/media/screenshots/bda/bda84be05cf51f7eb011717ae4fb12ce.jpg"
                },
                {
                    "id": 2022498,
                    "image": "https://media.rawg.io/media/screenshots/190/1909ef3f37a0cd030898ed65400d1d8a.jpg"
                },
                {
                    "id": 2022499,
                    "image": "https://media.rawg.io/media/screenshots/f65/f65794e7a1723d5b9a62076511355948.jpg"
                },
                {
                    "id": 2022500,
                    "image": "https://media.rawg.io/media/screenshots/70b/70b7e93732b0e26dae0348f298bd4b2b.jpg"
                },
                {
                    "id": 4148327,
                    "image": "https://media.rawg.io/media/screenshots/4ed/4edb2c5b6cef75ce75b1868cd678513a.jpg"
                },
                {
                    "id": 4148328,
                    "image": "https://media.rawg.io/media/screenshots/45e/45e4ae7480483a15cfad704f114165ca.jpg"
                }
            ],
            "parent_platforms": [
                {
                    "platform": {
                        "id": 2,
                        "name": "PlayStation",
                        "slug": "playstation"
                    }
                }
            ],
            "genres": [
                {
                    "id": 2,
                    "name": "Shooter",
                    "slug": "shooter"
                },
                {
                    "id": 4,
                    "name": "Action",
                    "slug": "action"
                }
            ]
        },
        {
            "slug": "nex-machina",
            "name": "Nex Machina",
            "playtime": 3,
            "platforms": [
                {
                    "platform": {
                        "id": 4,
                        "name": "PC",
                        "slug": "pc"
                    }
                },
                {
                    "platform": {
                        "id": 18,
                        "name": "PlayStation 4",
                        "slug": "playstation4"
                    }
                }
            ],
            "stores": [
                {
                    "store": {
                        "id": 1,
                        "name": "Steam",
                        "slug": "steam"
                    }
                },
                {
                    "store": {
                        "id": 3,
                        "name": "PlayStation Store",
                        "slug": "playstation-store"
                    }
                },
                {
                    "store": {
                        "id": 5,
                        "name": "GOG",
                        "slug": "gog"
                    }
                }
            ],
            "released": "2017-06-19",
            "tba": false,
            "background_image": "https://media.rawg.io/media/games/ec6/ec615a8bee92ca26c14950712f19753b.jpg",
            "rating": 3.9,
            "rating_top": 4,
            "ratings": [
                {
                    "id": 4,
                    "title": "recommended",
                    "count": 89,
                    "percent": 57.05
                },
                {
                    "id": 5,
                    "title": "exceptional",
                    "count": 39,
                    "percent": 25.0
                },
                {
                    "id": 3,
                    "title": "meh",
                    "count": 15,
                    "percent": 9.62
                },
                {
                    "id": 1,
                    "title": "skip",
                    "count": 13,
                    "percent": 8.33
                }
            ],
            "ratings_count": 154,
            "reviews_text_count": 2,
            "added": 1763,
            "added_by_status": {
                "yet": 98,
                "owned": 1488,
                "beaten": 66,
                "toplay": 31,
                "dropped": 55,
                "playing": 25
            },
            "metacritic": 89,
            "suggestions_count": 343,
            "updated": "2025-01-12T14:54:51",
            "id": 26,
            "score": null,
            "clip": null,
            "tags": [
                {
                    "id": 31,
                    "name": "Singleplayer",
                    "slug": "singleplayer",
                    "language": "eng",
                    "games_count": 235600,
                    "image_background": "https://media.rawg.io/media/games/bc0/bc06a29ceac58652b684deefe7d56099.jpg"
                },
                {
                    "id": 42396,
                    "name": "Для одного игрока",
                    "slug": "dlia-odnogo-igroka",
                    "language": "rus",
                    "games_count": 58383,
                    "image_background": "https://media.rawg.io/media/games/2ba/2bac0e87cf45e5b508f227d281c9252a.jpg"
                },
                {
                    "id": 42417,
                    "name": "Экшен",
                    "slug": "ekshen",
                    "language": "rus",
                    "games_count": 44648,
                    "image_background": "https://media.rawg.io/media/games/7fa/7fa0b586293c5861ee32490e953a4996.jpg"
                },
                {
                    "id": 40847,
                    "name": "Steam Achievements",
                    "slug": "steam-achievements",
                    "language": "eng",
                    "games_count": 43641,
                    "image_background": "https://media.rawg.io/media/games/d82/d82990b9c67ba0d2d09d4e6fa88885a7.jpg"
                },
                {
                    "id": 42398,
                    "name": "Инди",
                    "slug": "indi-2",
                    "language": "rus",
                    "games_count": 60788,
                    "image_background": "https://media.rawg.io/media/games/587/587588c64afbff80e6f444eb2e46f9da.jpg"
                },
                {
                    "id": 40836,
                    "name": "Full controller support",
                    "slug": "full-controller-support",
                    "language": "eng",
                    "games_count": 20611,
                    "image_background": "https://media.rawg.io/media/games/562/562553814dd54e001a541e4ee83a591c.jpg"
                },
                {
                    "id": 40849,
                    "name": "Steam Cloud",
                    "slug": "steam-cloud",
                    "language": "eng",
                    "games_count": 21020,
                    "image_background": "https://media.rawg.io/media/games/d58/d588947d4286e7b5e0e12e1bea7d9844.jpg"
                },
                {
                    "id": 7808,
                    "name": "steam-trading-cards",
                    "slug": "steam-trading-cards",
                    "language": "eng",
                    "games_count": 7568,
                    "image_background": "https://media.rawg.io/media/games/46d/46d98e6910fbc0706e2948a7cc9b10c5.jpg"
                },
                {
                    "id": 42401,
                    "name": "Отличный саундтрек",
                    "slug": "otlichnyi-saundtrek",
                    "language": "rus",
                    "games_count": 4644,
                    "image_background": "https://media.rawg.io/media/games/34b/34b1f1850a1c06fd971bc6ab3ac0ce0e.jpg"
                },
                {
                    "id": 42,
                    "name": "Great Soundtrack",
                    "slug": "great-soundtrack",
                    "language": "eng",
                    "games_count": 3420,
                    "image_background": "https://media.rawg.io/media/games/7a2/7a2500ee8b2c0e1ff268bb4479463dea.jpg"
                },
                {
                    "id": 18,
                    "name": "Co-op",
                    "slug": "co-op",
                    "language": "eng",
                    "games_count": 12852,
                    "image_background": "https://media.rawg.io/media/games/d58/d588947d4286e7b5e0e12e1bea7d9844.jpg"
                },
                {
                    "id": 411,
                    "name": "cooperative",
                    "slug": "cooperative",
                    "language": "eng",
                    "games_count": 5690,
                    "image_background": "https://media.rawg.io/media/games/20a/20aa03a10cda45239fe22d035c0ebe64.jpg"
                },
                {
                    "id": 42428,
                    "name": "Шутер",
                    "slug": "shuter",
                    "language": "rus",
                    "games_count": 10320,
                    "image_background": "https://media.rawg.io/media/games/157/15742f2f67eacff546738e1ab5c19d20.jpg"
                },
                {
                    "id": 42423,
                    "name": "Научная фантастика",
                    "slug": "nauchnaia-fantastika",
                    "language": "rus",
                    "games_count": 9365,
                    "image_background": "https://media.rawg.io/media/games/c80/c80bcf321da44d69b18a06c04d942662.jpg"
                },
                {
                    "id": 32,
                    "name": "Sci-fi",
                    "slug": "sci-fi",
                    "language": "eng",
                    "games_count": 20461,
                    "image_background": "https://media.rawg.io/media/games/d82/d82990b9c67ba0d2d09d4e6fa88885a7.jpg"
                },
                {
                    "id": 42420,
                    "name": "Сложная",
                    "slug": "slozhnaia",
                    "language": "rus",
                    "games_count": 5746,
                    "image_background": "https://media.rawg.io/media/games/daa/daaee07fcb40744d90cf8142f94a241f.jpg"
                },
                {
                    "id": 49,
                    "name": "Difficult",
                    "slug": "difficult",
                    "language": "eng",
                    "games_count": 13718,
                    "image_background": "https://media.rawg.io/media/games/9fa/9fa63622543e5d4f6d99aa9d73b043de.jpg"
                },
                {
                    "id": 198,
                    "name": "Split Screen",
                    "slug": "split-screen",
                    "language": "eng",
                    "games_count": 7302,
                    "image_background": "https://media.rawg.io/media/games/f95/f95ec06eddda5c5bf206618c49cd3e68.jpg"
                },
                {
                    "id": 42449,
                    "name": "Локальный мультиплеер",
                    "slug": "lokalnyi-multipleer",
                    "language": "rus",
                    "games_count": 3996,
                    "image_background": "https://media.rawg.io/media/games/ea3/ea3228b5c6c749019a9ed42e90a4e7c6.jpg"
                },
                {
                    "id": 75,
                    "name": "Local Co-Op",
                    "slug": "local-co-op",
                    "language": "eng",
                    "games_count": 5717,
                    "image_background": "https://media.rawg.io/media/games/e74/e74458058b35e01c1ae3feeb39a3f724.jpg"
                },
                {
                    "id": 42416,
                    "name": "Контроллер",
                    "slug": "kontroller",
                    "language": "rus",
                    "games_count": 7526,
                    "image_background": "https://media.rawg.io/media/games/a28/a289e23b4d4d84f26ab59125e3be4483.jpg"
                },
                {
                    "id": 115,
                    "name": "Controller",
                    "slug": "controller",
                    "language": "eng",
                    "games_count": 13079,
                    "image_background": "https://media.rawg.io/media/games/b6b/b6b20bfc4b34e312dbc8aac53c95a348.jpg"
                },
                {
                    "id": 42587,
                    "name": "Аркада",
                    "slug": "arkada",
                    "language": "rus",
                    "games_count": 12546,
                    "image_background": "https://media.rawg.io/media/screenshots/12e/12ee2600684863837596c0dbb1923fca.jpg"
                },
                {
                    "id": 42520,
                    "name": "Реиграбельность",
                    "slug": "reigrabelnost",
                    "language": "rus",
                    "games_count": 2460,
                    "image_background": "https://media.rawg.io/media/games/21c/21cc15d233117c6809ec86870559e105.jpg"
                },
                {
                    "id": 5,
                    "name": "Replay Value",
                    "slug": "replay-value",
                    "language": "eng",
                    "games_count": 1911,
                    "image_background": "https://media.rawg.io/media/games/c22/c22d804ac753c72f2617b3708a625dec.jpg"
                },
                {
                    "id": 42476,
                    "name": "Соревновательная",
                    "slug": "sorevnovatelnaia",
                    "language": "rus",
                    "games_count": 1021,
                    "image_background": "https://media.rawg.io/media/games/9c4/9c47f320eb73c9a02d462e12f6206b26.jpg"
                },
                {
                    "id": 170,
                    "name": "Competitive",
                    "slug": "competitive",
                    "language": "eng",
                    "games_count": 1216,
                    "image_background": "https://media.rawg.io/media/games/7f0/7f021d4a3577ac9d591a628a431fc2e5.jpg"
                },
                {
                    "id": 42515,
                    "name": "Вид сверху",
                    "slug": "vid-sverkhu",
                    "language": "rus",
                    "games_count": 8171,
                    "image_background": "https://media.rawg.io/media/games/9fa/9fa63622543e5d4f6d99aa9d73b043de.jpg"
                },
                {
                    "id": 42470,
                    "name": "Киберпанк",
                    "slug": "kiberpank",
                    "language": "rus",
                    "games_count": 2152,
                    "image_background": "https://media.rawg.io/media/screenshots/67e/67e5be6ad7a555248f50bd367e9a071c.jpg"
                },
                {
                    "id": 226,
                    "name": "Cyberpunk",
                    "slug": "cyberpunk",
                    "language": "eng",
                    "games_count": 4870,
                    "image_background": "https://media.rawg.io/media/screenshots/120/120d930368bc171c42f9caab94e33c65.jpg"
                },
                {
                    "id": 61,
                    "name": "Top-Down",
                    "slug": "top-down",
                    "language": "eng",
                    "games_count": 26764,
                    "image_background": "https://media.rawg.io/media/games/b6b/b6b20bfc4b34e312dbc8aac53c95a348.jpg"
                },
                {
                    "id": 56,
                    "name": "Shoot 'Em Up",
                    "slug": "shoot-em-up",
                    "language": "eng",
                    "games_count": 11878,
                    "image_background": "https://media.rawg.io/media/screenshots/30f/30fe09ca354adfd72aeb47b34dbf153a.jpg"
                },
                {
                    "id": 42539,
                    "name": "Скролл-шутер",
                    "slug": "skroll-shuter",
                    "language": "rus",
                    "games_count": 2276,
                    "image_background": "https://media.rawg.io/media/screenshots/eec/eec2814d3b70f84c35714d9e2faa3656.jpg"
                },
                {
                    "id": 57,
                    "name": "Bullet Hell",
                    "slug": "bullet-hell",
                    "language": "eng",
                    "games_count": 9859,
                    "image_background": "https://media.rawg.io/media/screenshots/4eb/4eb2e76cfd81c0e076415790a90ec294.jpg"
                },
                {
                    "id": 42607,
                    "name": "Шутер с видом сверху",
                    "slug": "shuter-s-vidom-sverkhu",
                    "language": "rus",
                    "games_count": 2801,
                    "image_background": "https://media.rawg.io/media/screenshots/a2d/a2de25bcbcb0b4f0b015b644534597c4.jpg"
                },
                {
                    "id": 42634,
                    "name": "Твин-стик шутер",
                    "slug": "tvin-stik-shuter",
                    "language": "rus",
                    "games_count": 1144,
                    "image_background": "https://media.rawg.io/media/screenshots/0ff/0ff35c01cd3431d51509b323e5e29b2a.jpg"
                },
                {
                    "id": 236,
                    "name": "Top-Down Shooter",
                    "slug": "top-down-shooter",
                    "language": "eng",
                    "games_count": 2674,
                    "image_background": "https://media.rawg.io/media/screenshots/fdc/fdc21a8972c4b38fb0e517db7f6e9e23.jpg"
                },
                {
                    "id": 201,
                    "name": "Twin Stick Shooter",
                    "slug": "twin-stick-shooter",
                    "language": "eng",
                    "games_count": 2812,
                    "image_background": "https://media.rawg.io/media/games/1fb/1fb1c5f7a71d771f440b27ce7f71e7eb.jpg"
                }
            ],
            "esrb_rating": null,
            "user_game": null,
            "reviews_count": 156,
            "saturated_color": "0f0f0f",
            "dominant_color": "0f0f0f",
            "short_screenshots": [
                {
                    "id": -1,
                    "image": "https://media.rawg.io/media/games/ec6/ec615a8bee92ca26c14950712f19753b.jpg"
                },
                {
                    "id": 185,
                    "image": "https://media.rawg.io/media/screenshots/4f1/4f10636bcf98499f5d06a6e645bcd657.jpg"
                },
                {
                    "id": 186,
                    "image": "https://media.rawg.io/media/screenshots/a04/a04b6dcf65c947159f3659fc242101e7.jpg"
                },
                {
                    "id": 187,
                    "image": "https://media.rawg.io/media/screenshots/079/0791bc39b738f5d1e3b7da286770aaf9.jpg"
                },
                {
                    "id": 188,
                    "image": "https://media.rawg.io/media/screenshots/4fd/4fd35d956a342e5a7a28d2eb2bd2a1a7.jpg"
                },
                {
                    "id": 77746,
                    "image": "https://media.rawg.io/media/screenshots/e9f/e9fa9af4665206455af3ac36442f7d5f.jpg"
                },
                {
                    "id": 77747,
                    "image": "https://media.rawg.io/media/screenshots/404/404a33cc738d57281d952249cf21479e.jpg"
                }
            ],
            "parent_platforms": [
                {
                    "platform": {
                        "id": 1,
                        "name": "PC",
                        "slug": "pc"
                    }
                },
                {
                    "platform": {
                        "id": 2,
                        "name": "PlayStation",
                        "slug": "playstation"
                    }
                }
            ],
            "genres": [
                {
                    "id": 51,
                    "name": "Indie",
                    "slug": "indie"
                },
                {
                    "id": 4,
                    "name": "Action",
                    "slug": "action"
                }
            ]
        },
        {
            "slug": "resogun",
            "name": "RESOGUN",
            "playtime": 1,
            "platforms": [
                {
                    "platform": {
                        "id": 18,
                        "name": "PlayStation 4",
                        "slug": "playstation4"
                    }
                },
                {
                    "platform": {
                        "id": 16,
                        "name": "PlayStation 3",
                        "slug": "playstation3"
                    }
                },
                {
                    "platform": {
                        "id": 19,
                        "name": "PS Vita",
                        "slug": "ps-vita"
                    }
                }
            ],
            "stores": [
                {
                    "store": {
                        "id": 3,
                        "name": "PlayStation Store",
                        "slug": "playstation-store"
                    }
                }
            ],
            "released": "2013-11-15",
            "tba": false,
            "background_image": "https://media.rawg.io/media/screenshots/be0/be0d47d4bcf4e39de33c8d541dce94f8.jpg",
            "rating": 3.72,
            "rating_top": 4,
            "ratings": [
                {
                    "id": 4,
                    "title": "recommended",
                    "count": 179,
                    "percent": 55.94
                },
                {
                    "id": 3,
                    "title": "meh",
                    "count": 63,
                    "percent": 19.69
                },
                {
                    "id": 5,
                    "title": "exceptional",
                    "count": 52,
                    "percent": 16.25
                },
                {
                    "id": 1,
                    "title": "skip",
                    "count": 26,
                    "percent": 8.12
                }
            ],
            "ratings_count": 320,
            "reviews_text_count": 0,
            "added": 1839,
            "added_by_status": {
                "yet": 30,
                "owned": 1484,
                "beaten": 143,
                "toplay": 15,
                "dropped": 153,
                "playing": 14
            },
            "metacritic": 84,
            "suggestions_count": 452,
            "updated": "2024-04-25T11:33:10",
            "id": 3463,
            "score": null,
            "clip": null,
            "tags": [
                {
                    "id": 37796,
                    "name": "exclusive",
                    "slug": "exclusive",
                    "language": "eng",
                    "games_count": 4491,
                    "image_background": "https://media.rawg.io/media/games/f24/f2493ea338fe7bd3c7d73750a85a0959.jpeg"
                }
            ],
            "esrb_rating": {
                "id": 2,
                "name": "Everyone 10+",
                "slug": "everyone-10-plus",
                "name_en": "Everyone 10+",
                "name_ru": "С 10 лет"
            },
            "user_game": null,
            "reviews_count": 320,
            "saturated_color": "0f0f0f",
            "dominant_color": "0f0f0f",
            "short_screenshots": [
                {
                    "id": -1,
                    "image": "https://media.rawg.io/media/screenshots/be0/be0d47d4bcf4e39de33c8d541dce94f8.jpg"
                },
                {
                    "id": 613741,
                    "image": "https://media.rawg.io/media/screenshots/148/1488d1b44ef093e3b9a3036cb50a878e_if4g214.jpg"
                },
                {
                    "id": 613742,
                    "image": "https://media.rawg.io/media/screenshots/ec8/ec8afc781b16d912bf0f659873d18b87.jpg"
                },
                {
                    "id": 613743,
                    "image": "https://media.rawg.io/media/screenshots/adf/adfddf9023fb5d9391287ccf65ac2d60.jpg"
                },
                {
                    "id": 613744,
                    "image": "https://media.rawg.io/media/screenshots/d80/d80a3ed04ac0a68f64487f1d86a2b5fa.jpg"
                },
                {
                    "id": 613745,
                    "image": "https://media.rawg.io/media/screenshots/841/841728b3b2c659aaa8ca129264c7b9d4.jpg"
                },
                {
                    "id": 613746,
                    "image": "https://media.rawg.io/media/screenshots/dcc/dcc600aca66f5f6f315548c0d71af65e.jpg"
                }
            ],
            "parent_platforms": [
                {
                    "platform": {
                        "id": 2,
                        "name": "PlayStation",
                        "slug": "playstation"
                    }
                }
            ],
            "genres": [
                {
                    "id": 11,
                    "name": "Arcade",
                    "slug": "arcade"
                }
            ]
        },
        {
            "slug": "dead-nation",
            "name": "Dead Nation",
            "playtime": 1,
            "platforms": [
                {
                    "platform": {
                        "id": 18,
                        "name": "PlayStation 4",
                        "slug": "playstation4"
                    }
                },
                {
                    "platform": {
                        "id": 16,
                        "name": "PlayStation 3",
                        "slug": "playstation3"
                    }
                }
            ],
            "stores": [
                {
                    "store": {
                        "id": 3,
                        "name": "PlayStation Store",
                        "slug": "playstation-store"
                    }
                }
            ],
            "released": "2010-11-30",
            "tba": false,
            "background_image": "https://media.rawg.io/media/screenshots/624/62471dff88da6234fcf19013ead5b3ba.jpg",
            "rating": 3.49,
            "rating_top": 4,
            "ratings": [
                {
                    "id": 4,
                    "title": "recommended",
                    "count": 100,
                    "percent": 49.5
                },
                {
                    "id": 3,
                    "title": "meh",
                    "count": 65,
                    "percent": 32.18
                },
                {
                    "id": 1,
                    "title": "skip",
                    "count": 19,
                    "percent": 9.41
                },
                {
                    "id": 5,
                    "title": "exceptional",
                    "count": 18,
                    "percent": 8.91
                }
            ],
            "ratings_count": 199,
            "reviews_text_count": 1,
            "added": 1118,
            "added_by_status": {
                "yet": 27,
                "owned": 866,
                "beaten": 115,
                "toplay": 12,
                "dropped": 96,
                "playing": 2
            },
            "metacritic": null,
            "suggestions_count": 483,
            "updated": "2024-06-03T17:05:34",
            "id": 4936,
            "score": null,
            "clip": null,
            "tags": [
                {
                    "id": 37796,
                    "name": "exclusive",
                    "slug": "exclusive",
                    "language": "eng",
                    "games_count": 4491,
                    "image_background": "https://media.rawg.io/media/games/f24/f2493ea338fe7bd3c7d73750a85a0959.jpeg"
                }
            ],
            "esrb_rating": {
                "id": 4,
                "name": "Mature",
                "slug": "mature",
                "name_en": "Mature",
                "name_ru": "С 17 лет"
            },
            "user_game": null,
            "reviews_count": 202,
            "saturated_color": "0f0f0f",
            "dominant_color": "0f0f0f",
            "short_screenshots": [
                {
                    "id": -1,
                    "image": "https://media.rawg.io/media/screenshots/624/62471dff88da6234fcf19013ead5b3ba.jpg"
                },
                {
                    "id": 538285,
                    "image": "https://media.rawg.io/media/screenshots/222/222c8353d9957d70d9cba98f24219e59.jpg"
                },
                {
                    "id": 538286,
                    "image": "https://media.rawg.io/media/screenshots/b27/b27f62df769fff8d31e352cb65a76ab2.jpg"
                },
                {
                    "id": 538287,
                    "image": "https://media.rawg.io/media/screenshots/0bf/0bfc67c0721cc19b299743c6c8f39e1c.jpg"
                },
                {
                    "id": 538288,
                    "image": "https://media.rawg.io/media/screenshots/498/498c33b8f82ff3d9b1998476f1c1ba7e.jpg"
                },
                {
                    "id": 538289,
                    "image": "https://media.rawg.io/media/screenshots/f2e/f2e7d6ae98479119861b0d3bff92c5e4_QXBjZfN.jpg"
                },
                {
                    "id": 538290,
                    "image": "https://media.rawg.io/media/screenshots/7e0/7e01524527149ab3e987ded2d5a643ac.jpg"
                }
            ],
            "parent_platforms": [
                {
                    "platform": {
                        "id": 2,
                        "name": "PlayStation",
                        "slug": "playstation"
                    }
                }
            ],
            "genres": [
                {
                    "id": 2,
                    "name": "Shooter",
                    "slug": "shooter"
                },
                {
                    "id": 11,
                    "name": "Arcade",
                    "slug": "arcade"
                },
                {
                    "id": 4,
                    "name": "Action",
                    "slug": "action"
                }
            ]
        },
        {
            "slug": "angry-birds-trilogy",
            "name": "Angry Birds Trilogy",
            "playtime": 0,
            "platforms": [
                {
                    "platform": {
                        "id": 8,
                        "name": "Nintendo 3DS",
                        "slug": "nintendo-3ds"
                    }
                },
                {
                    "platform": {
                        "id": 14,
                        "name": "Xbox 360",
                        "slug": "xbox360"
                    }
                },
                {
                    "platform": {
                        "id": 16,
                        "name": "PlayStation 3",
                        "slug": "playstation3"
                    }
                },
                {
                    "platform": {
                        "id": 19,
                        "name": "PS Vita",
                        "slug": "ps-vita"
                    }
                },
                {
                    "platform": {
                        "id": 10,
                        "name": "Wii U",
                        "slug": "wii-u"
                    }
                },
                {
                    "platform": {
                        "id": 11,
                        "name": "Wii",
                        "slug": "wii"
                    }
                }
            ],
            "stores": [
                {
                    "store": {
                        "id": 3,
                        "name": "PlayStation Store",
                        "slug": "playstation-store"
                    }
                },
                {
                    "store": {
                        "id": 6,
                        "name": "Nintendo Store",
                        "slug": "nintendo"
                    }
                }
            ],
            "released": "2012-09-25",
            "tba": false,
            "background_image": "https://media.rawg.io/media/screenshots/af4/af4fe9b3d55dd021d97350d3461cfd8e.jpg",
            "rating": 3.42,
            "rating_top": 3,
            "ratings": [
                {
                    "id": 3,
                    "title": "meh",
                    "count": 17,
                    "percent": 47.22
                },
                {
                    "id": 4,
                    "title": "recommended",
                    "count": 15,
                    "percent": 41.67
                },
                {
                    "id": 5,
                    "title": "exceptional",
                    "count": 2,
                    "percent": 5.56
                },
                {
                    "id": 1,
                    "title": "skip",
                    "count": 2,
                    "percent": 5.56
                }
            ],
            "ratings_count": 35,
            "reviews_text_count": 1,
            "added": 203,
            "added_by_status": {
                "yet": 4,
                "owned": 157,
                "beaten": 15,
                "toplay": 5,
                "dropped": 21,
                "playing": 1
            },
            "metacritic": 64,
            "suggestions_count": 301,
            "updated": "2023-10-03T10:22:18",
            "id": 3879,
            "score": null,
            "clip": null,
            "tags": [
                {
                    "id": 1867,
                    "name": "puzzles",
                    "slug": "puzzles",
                    "language": "eng",
                    "games_count": 8842,
                    "image_background": "https://media.rawg.io/media/games/08e/08e8d09cd5aae30959c4486649fda3e6.jpg"
                }
            ],
            "esrb_rating": {
                "id": 2,
                "name": "Everyone 10+",
                "slug": "everyone-10-plus",
                "name_en": "Everyone 10+",
                "name_ru": "С 10 лет"
            },
            "user_game": null,
            "reviews_count": 36,
            "saturated_color": "0f0f0f",
            "dominant_color": "0f0f0f",
            "short_screenshots": [
                {
                    "id": -1,
                    "image": "https://media.rawg.io/media/screenshots/af4/af4fe9b3d55dd021d97350d3461cfd8e.jpg"
                },
                {
                    "id": 597569,
                    "image": "https://media.rawg.io/media/screenshots/a86/a86dd33a9a36614cf9e6d0ee29ab9666.jpg"
                },
                {
                    "id": 597570,
                    "image": "https://media.rawg.io/media/screenshots/95d/95dd81212208b796615c85ab9eb050f7.jpg"
                },
                {
                    "id": 597571,
                    "image": "https://media.rawg.io/media/screenshots/51a/51ae0236ac1618505b83e4c1b2c69c93.jpg"
                },
                {
                    "id": 597572,
                    "image": "https://media.rawg.io/media/screenshots/c65/c655ff48773e9eab925fa5c3b518df6f_pPdKZxv.jpg"
                },
                {
                    "id": 597573,
                    "image": "https://media.rawg.io/media/screenshots/5c0/5c027e13d82735b7eb6e48b3a2f26fd9.jpg"
                },
                {
                    "id": 597574,
                    "image": "https://media.rawg.io/media/screenshots/035/03501af95b93d13a7cc7720579e509ef.jpg"
                }
            ],
            "parent_platforms": [
                {
                    "platform": {
                        "id": 2,
                        "name": "PlayStation",
                        "slug": "playstation"
                    }
                },
                {
                    "platform": {
                        "id": 3,
                        "name": "Xbox",
                        "slug": "xbox"
                    }
                },
                {
                    "platform": {
                        "id": 7,
                        "name": "Nintendo",
                        "slug": "nintendo"
                    }
                }
            ],
            "genres": [
                {
                    "id": 4,
                    "name": "Action",
                    "slug": "action"
                },
                {
                    "id": 7,
                    "name": "Puzzle",
                    "slug": "puzzle"
                }
            ]
        },
        {
            "slug": "outland",
            "name": "Outland",
            "playtime": 3,
            "platforms": [
                {
                    "platform": {
                        "id": 4,
                        "name": "PC",
                        "slug": "pc"
                    }
                },
                {
                    "platform": {
                        "id": 5,
                        "name": "macOS",
                        "slug": "macos"
                    }
                },
                {
                    "platform": {
                        "id": 6,
                        "name": "Linux",
                        "slug": "linux"
                    }
                },
                {
                    "platform": {
                        "id": 14,
                        "name": "Xbox 360",
                        "slug": "xbox360"
                    }
                },
                {
                    "platform": {
                        "id": 16,
                        "name": "PlayStation 3",
                        "slug": "playstation3"
                    }
                }
            ],
            "stores": [
                {
                    "store": {
                        "id": 1,
                        "name": "Steam",
                        "slug": "steam"
                    }
                },
                {
                    "store": {
                        "id": 3,
                        "name": "PlayStation Store",
                        "slug": "playstation-store"
                    }
                },
                {
                    "store": {
                        "id": 7,
                        "name": "Xbox 360 Store",
                        "slug": "xbox360"
                    }
                }
            ],
            "released": "2011-04-26",
            "tba": false,
            "background_image": "https://media.rawg.io/media/games/f80/f805774c679cca1a1a472d9ac39c78b7.jpg",
            "rating": 2.91,
            "rating_top": 3,
            "ratings": [
                {
                    "id": 3,
                    "title": "meh",
                    "count": 131,
                    "percent": 38.76
                },
                {
                    "id": 4,
                    "title": "recommended",
                    "count": 105,
                    "percent": 31.07
                },
                {
                    "id": 1,
                    "title": "skip",
                    "count": 85,
                    "percent": 25.15
                },
                {
                    "id": 5,
                    "title": "exceptional",
                    "count": 17,
                    "percent": 5.03
                }
            ],
            "ratings_count": 336,
            "reviews_text_count": 2,
            "added": 4157,
            "added_by_status": {
                "yet": 241,
                "owned": 3615,
                "beaten": 84,
                "toplay": 41,
                "dropped": 164,
                "playing": 12
            },
            "metacritic": 83,
            "suggestions_count": 412,
            "updated": "2025-01-25T07:33:39",
            "id": 4676,
            "score": null,
            "clip": null,
            "tags": [
                {
                    "id": 31,
                    "name": "Singleplayer",
                    "slug": "singleplayer",
                    "language": "eng",
                    "games_count": 236808,
                    "image_background": "https://media.rawg.io/media/games/4be/4be6a6ad0364751a96229c56bf69be59.jpg"
                },
                {
                    "id": 42396,
                    "name": "Для одного игрока",
                    "slug": "dlia-odnogo-igroka",
                    "language": "rus",
                    "games_count": 59339,
                    "image_background": "https://media.rawg.io/media/games/49c/49c3dfa4ce2f6f140cc4825868e858cb.jpg"
                },
                {
                    "id": 42417,
                    "name": "Экшен",
                    "slug": "ekshen",
                    "language": "rus",
                    "games_count": 45143,
                    "image_background": "https://media.rawg.io/media/games/b45/b45575f34285f2c4479c9a5f719d972e.jpg"
                },
                {
                    "id": 42392,
                    "name": "Приключение",
                    "slug": "prikliuchenie",
                    "language": "rus",
                    "games_count": 43383,
                    "image_background": "https://media.rawg.io/media/games/d82/d82990b9c67ba0d2d09d4e6fa88885a7.jpg"
                },
                {
                    "id": 40847,
                    "name": "Steam Achievements",
                    "slug": "steam-achievements",
                    "language": "eng",
                    "games_count": 44261,
                    "image_background": "https://media.rawg.io/media/games/b8c/b8c243eaa0fbac8115e0cdccac3f91dc.jpg"
                },
                {
                    "id": 42398,
                    "name": "Инди",
                    "slug": "indi-2",
                    "language": "rus",
                    "games_count": 61346,
                    "image_background": "https://media.rawg.io/media/games/562/562553814dd54e001a541e4ee83a591c.jpg"
                },
                {
                    "id": 7,
                    "name": "Multiplayer",
                    "slug": "multiplayer",
                    "language": "eng",
                    "games_count": 40265,
                    "image_background": "https://media.rawg.io/media/games/021/021c4e21a1824d2526f925eff6324653.jpg"
                },
                {
                    "id": 40836,
                    "name": "Full controller support",
                    "slug": "full-controller-support",
                    "language": "eng",
                    "games_count": 20885,
                    "image_background": "https://media.rawg.io/media/games/562/562553814dd54e001a541e4ee83a591c.jpg"
                },
                {
                    "id": 40849,
                    "name": "Steam Cloud",
                    "slug": "steam-cloud",
                    "language": "eng",
                    "games_count": 21355,
                    "image_background": "https://media.rawg.io/media/games/be0/be01c3d7d8795a45615da139322ca080.jpg"
                },
                {
                    "id": 42425,
                    "name": "Для нескольких игроков",
                    "slug": "dlia-neskolkikh-igrokov",
                    "language": "rus",
                    "games_count": 11352,
                    "image_background": "https://media.rawg.io/media/games/157/15742f2f67eacff546738e1ab5c19d20.jpg"
                },
                {
                    "id": 42400,
                    "name": "Атмосфера",
                    "slug": "atmosfera",
                    "language": "rus",
                    "games_count": 6083,
                    "image_background": "https://media.rawg.io/media/games/7fa/7fa0b586293c5861ee32490e953a4996.jpg"
                },
                {
                    "id": 7808,
                    "name": "steam-trading-cards",
                    "slug": "steam-trading-cards",
                    "language": "eng",
                    "games_count": 7568,
                    "image_background": "https://media.rawg.io/media/games/d58/d588947d4286e7b5e0e12e1bea7d9844.jpg"
                },
                {
                    "id": 42401,
                    "name": "Отличный саундтрек",
                    "slug": "otlichnyi-saundtrek",
                    "language": "rus",
                    "games_count": 4645,
                    "image_background": "https://media.rawg.io/media/games/7cf/7cfc9220b401b7a300e409e539c9afd5.jpg"
                },
                {
                    "id": 42,
                    "name": "Great Soundtrack",
                    "slug": "great-soundtrack",
                    "language": "eng",
                    "games_count": 3421,
                    "image_background": "https://media.rawg.io/media/games/26d/26d4437715bee60138dab4a7c8c59c92.jpg"
                },
                {
                    "id": 18,
                    "name": "Co-op",
                    "slug": "co-op",
                    "language": "eng",
                    "games_count": 12990,
                    "image_background": "https://media.rawg.io/media/games/4e0/4e0e7b6d6906a131307c94266e5c9a1c.jpg"
                },
                {
                    "id": 411,
                    "name": "cooperative",
                    "slug": "cooperative",
                    "language": "eng",
                    "games_count": 5769,
                    "image_background": "https://media.rawg.io/media/games/587/587588c64afbff80e6f444eb2e46f9da.jpg"
                },
                {
                    "id": 45,
                    "name": "2D",
                    "slug": "2d",
                    "language": "eng",
                    "games_count": 201371,
                    "image_background": "https://media.rawg.io/media/games/9fa/9fa63622543e5d4f6d99aa9d73b043de.jpg"
                },
                {
                    "id": 42420,
                    "name": "Сложная",
                    "slug": "slozhnaia",
                    "language": "rus",
                    "games_count": 5797,
                    "image_background": "https://media.rawg.io/media/games/226/2262cea0b385db6cf399f4be831603b0.jpg"
                },
                {
                    "id": 49,
                    "name": "Difficult",
                    "slug": "difficult",
                    "language": "eng",
                    "games_count": 13769,
                    "image_background": "https://media.rawg.io/media/games/283/283e7e600366b0da7021883d27159b27.jpg"
                },
                {
                    "id": 40850,
                    "name": "Steam Leaderboards",
                    "slug": "steam-leaderboards",
                    "language": "eng",
                    "games_count": 7625,
                    "image_background": "https://media.rawg.io/media/games/1fb/1fb1c5f7a71d771f440b27ce7f71e7eb.jpg"
                },
                {
                    "id": 42463,
                    "name": "Платформер",
                    "slug": "platformer-2",
                    "language": "rus",
                    "games_count": 9925,
                    "image_background": "https://media.rawg.io/media/games/594/59487800889ebac294c7c2c070d02356.jpg"
                },
                {
                    "id": 42433,
                    "name": "Совместная игра по сети",
                    "slug": "sovmestnaia-igra-po-seti",
                    "language": "rus",
                    "games_count": 1226,
                    "image_background": "https://media.rawg.io/media/games/4e0/4e0e7b6d6906a131307c94266e5c9a1c.jpg"
                },
                {
                    "id": 42416,
                    "name": "Контроллер",
                    "slug": "kontroller",
                    "language": "rus",
                    "games_count": 7681,
                    "image_background": "https://media.rawg.io/media/games/89a/89a700d3c6a76bd0610ca89ccd20da54.jpg"
                },
                {
                    "id": 115,
                    "name": "Controller",
                    "slug": "controller",
                    "language": "eng",
                    "games_count": 13235,
                    "image_background": "https://media.rawg.io/media/games/e4a/e4ab7f784bdc38c76ce6e4cef9715d18.jpg"
                },
                {
                    "id": 42587,
                    "name": "Аркада",
                    "slug": "arkada",
                    "language": "rus",
                    "games_count": 12763,
                    "image_background": "https://media.rawg.io/media/games/082/082365507ff04d456c700157072d35db.jpg"
                },
                {
                    "id": 259,
                    "name": "Metroidvania",
                    "slug": "metroidvania",
                    "language": "eng",
                    "games_count": 4509,
                    "image_background": "https://media.rawg.io/media/games/8d4/8d46786ca86b1d95f3dc7e700e2dc4dd.jpg"
                },
                {
                    "id": 42462,
                    "name": "Метроидвания",
                    "slug": "metroidvaniia",
                    "language": "rus",
                    "games_count": 1421,
                    "image_background": "https://media.rawg.io/media/games/c40/c40f9f0a3d1b4601a7a44d230c95f126.jpg"
                },
                {
                    "id": 42539,
                    "name": "Скролл-шутер",
                    "slug": "skroll-shuter",
                    "language": "rus",
                    "games_count": 2276,
                    "image_background": "https://media.rawg.io/media/screenshots/71c/71c015df012029897e87ac00b7a8de4c.jpg"
                },
                {
                    "id": 57,
                    "name": "Bullet Hell",
                    "slug": "bullet-hell",
                    "language": "eng",
                    "games_count": 9919,
                    "image_background": "https://media.rawg.io/media/screenshots/ad4/ad445a12ee46543d4d117f3893041ebf.jpg"
                }
            ],
            "esrb_rating": {
                "id": 2,
                "name": "Everyone 10+",
                "slug": "everyone-10-plus",
                "name_en": "Everyone 10+",
                "name_ru": "С 10 лет"
            },
            "user_game": null,
            "reviews_count": 338,
            "saturated_color": "0f0f0f",
            "dominant_color": "0f0f0f",
            "short_screenshots": [
                {
                    "id": -1,
                    "image": "https://media.rawg.io/media/games/f80/f805774c679cca1a1a472d9ac39c78b7.jpg"
                },
                {
                    "id": 152916,
                    "image": "https://media.rawg.io/media/screenshots/4c5/4c5c7d9fb78545989ed58aae886fdd55.jpg"
                },
                {
                    "id": 152917,
                    "image": "https://media.rawg.io/media/screenshots/666/666a61ded1b317318e23fca4bb68ac2b.jpg"
                },
                {
                    "id": 152918,
                    "image": "https://media.rawg.io/media/screenshots/3e0/3e0fb43d0e6f4c1ddcf179205e5e9e3c.jpg"
                },
                {
                    "id": 152919,
                    "image": "https://media.rawg.io/media/screenshots/3c1/3c11526dc422e51d54a9df5c5f1b84f6.jpg"
                },
                {
                    "id": 152920,
                    "image": "https://media.rawg.io/media/screenshots/008/0082ecf57903b3bda8396b49ae879714.jpg"
                },
                {
                    "id": 152921,
                    "image": "https://media.rawg.io/media/screenshots/fe9/fe9090084b76b6972e0793aaca69bb11.jpg"
                }
            ],
            "parent_platforms": [
                {
                    "platform": {
                        "id": 1,
                        "name": "PC",
                        "slug": "pc"
                    }
                },
                {
                    "platform": {
                        "id": 2,
                        "name": "PlayStation",
                        "slug": "playstation"
                    }
                },
                {
                    "platform": {
                        "id": 3,
                        "name": "Xbox",
                        "slug": "xbox"
                    }
                },
                {
                    "platform": {
                        "id": 5,
                        "name": "Apple Macintosh",
                        "slug": "mac"
                    }
                },
                {
                    "platform": {
                        "id": 6,
                        "name": "Linux",
                        "slug": "linux"
                    }
                }
            ],
            "genres": [
                {
                    "id": 51,
                    "name": "Indie",
                    "slug": "indie"
                },
                {
                    "id": 83,
                    "name": "Platformer",
                    "slug": "platformer"
                },
                {
                    "id": 3,
                    "name": "Adventure",
                    "slug": "adventure"
                },
                {
                    "id": 4,
                    "name": "Action",
                    "slug": "action"
                }
            ]
        },
        {
            "slug": "super-stardust-portable",
            "name": "Super Stardust Portable",
            "playtime": 0,
            "platforms": [
                {
                    "platform": {
                        "id": 187,
                        "name": "PlayStation 5",
                        "slug": "playstation5"
                    }
                },
                {
                    "platform": {
                        "id": 18,
                        "name": "PlayStation 4",
                        "slug": "playstation4"
                    }
                },
                {
                    "platform": {
                        "id": 17,
                        "name": "PSP",
                        "slug": "psp"
                    }
                }
            ],
            "stores": [
                {
                    "store": {
                        "id": 3,
                        "name": "PlayStation Store",
                        "slug": "playstation-store"
                    }
                }
            ],
            "released": "2008-12-04",
            "tba": false,
            "background_image": "https://media.rawg.io/media/games/e52/e527cd16d36b17d49bdd97578f508ad8.jpg",
            "rating": 0.0,
            "rating_top": 0,
            "ratings": [
                {
                    "id": 4,
                    "title": "recommended",
                    "count": 2,
                    "percent": 100.0
                }
            ],
            "ratings_count": 2,
            "reviews_text_count": 0,
            "added": 24,
            "added_by_status": {
                "yet": 1,
                "owned": 19,
                "beaten": 2,
                "dropped": 2
            },
            "metacritic": 69,
            "suggestions_count": 222,
            "updated": "2024-03-09T22:11:39",
            "id": 5368,
            "score": null,
            "clip": null,
            "tags": [
                {
                    "id": 5816,
                    "name": "console",
                    "slug": "console",
                    "language": "eng",
                    "games_count": 1388,
                    "image_background": "https://media.rawg.io/media/games/9c7/9c7dd09596246993169b356d7c1facf0.jpg"
                },
                {
                    "id": 3046,
                    "name": "destroy",
                    "slug": "destroy",
                    "language": "eng",
                    "games_count": 4608,
                    "image_background": "https://media.rawg.io/media/games/922/92244532ff3c3f277824c0cf8941f187.jpg"
                },
                {
                    "id": 1505,
                    "name": "ship",
                    "slug": "ship",
                    "language": "eng",
                    "games_count": 2784,
                    "image_background": "https://media.rawg.io/media/screenshots/50c/50c5fbc677325fb36a217820c452ec6f.jpg"
                },
                {
                    "id": 1105,
                    "name": "planet",
                    "slug": "planet",
                    "language": "eng",
                    "games_count": 3007,
                    "image_background": "https://media.rawg.io/media/games/d22/d22ea1bfb636fbf1a9c235cc304312a8.jpg"
                },
                {
                    "id": 2405,
                    "name": "planets",
                    "slug": "planets",
                    "language": "eng",
                    "games_count": 1491,
                    "image_background": "https://media.rawg.io/media/screenshots/0b4/0b442f231e0594a22c79981a7d1ab785.jpg"
                },
                {
                    "id": 3803,
                    "name": "boss",
                    "slug": "boss",
                    "language": "eng",
                    "games_count": 3097,
                    "image_background": "https://media.rawg.io/media/screenshots/4f2/4f2246a85225b7a91d63990fe540b7c4.jpg"
                },
                {
                    "id": 604,
                    "name": "simple",
                    "slug": "simple",
                    "language": "eng",
                    "games_count": 9286,
                    "image_background": "https://media.rawg.io/media/screenshots/120/120aea0c9d5671357062881b6939c442.jpg"
                }
            ],
            "esrb_rating": {
                "id": 2,
                "name": "Everyone 10+",
                "slug": "everyone-10-plus",
                "name_en": "Everyone 10+",
                "name_ru": "С 10 лет"
            },
            "user_game": null,
            "reviews_count": 2,
            "community_rating": 0,
            "saturated_color": "0f0f0f",
            "dominant_color": "0f0f0f",
            "short_screenshots": [
                {
                    "id": -1,
                    "image": "https://media.rawg.io/media/games/e52/e527cd16d36b17d49bdd97578f508ad8.jpg"
                },
                {
                    "id": 3824208,
                    "image": "https://media.rawg.io/media/screenshots/9dc/9dccad006a357afd00b6dcb91a48f195.jpg"
                },
                {
                    "id": 3824209,
                    "image": "https://media.rawg.io/media/screenshots/e03/e03fb028d4484e3bfa5cea43e94d4f12.jpg"
                },
                {
                    "id": 3824210,
                    "image": "https://media.rawg.io/media/screenshots/c8e/c8e6ae8c51726e563e34ba32e4d1c877.jpg"
                },
                {
                    "id": 3824211,
                    "image": "https://media.rawg.io/media/screenshots/976/976ccfef0bfe50ee83cd567f0ae1acb2.jpg"
                },
                {
                    "id": 3824212,
                    "image": "https://media.rawg.io/media/screenshots/970/9700c1c7774acd46fd3fffd0c1c41c7b.jpg"
                }
            ],
            "parent_platforms": [
                {
                    "platform": {
                        "id": 2,
                        "name": "PlayStation",
                        "slug": "playstation"
                    }
                }
            ],
            "genres": [
                {
                    "id": 2,
                    "name": "Shooter",
                    "slug": "shooter"
                },
                {
                    "id": 4,
                    "name": "Action",
                    "slug": "action"
                }
            ]
        },
        {
            "slug": "elfmania",
            "name": "Elfmania",
            "playtime": 0,
            "platforms": [
                {
                    "platform": {
                        "id": 166,
                        "name": "Commodore / Amiga",
                        "slug": "commodore-amiga"
                    }
                }
            ],
            "stores": null,
            "released": "1994-01-01",
            "tba": false,
            "background_image": "https://media.rawg.io/media/screenshots/35a/35a80fe217c7e858ed2dd935f8f039a7.jpg",
            "rating": 0.0,
            "rating_top": 0,
            "ratings": [],
            "ratings_count": 0,
            "reviews_text_count": 0,
            "added": 3,
            "added_by_status": {
                "owned": 1,
                "toplay": 1,
                "dropped": 1
            },
            "metacritic": null,
            "suggestions_count": 73,
            "updated": "2019-08-28T22:26:04",
            "id": 55434,
            "score": null,
            "clip": null,
            "tags": [
                {
                    "id": 31,
                    "name": "Singleplayer",
                    "slug": "singleplayer",
                    "language": "eng",
                    "games_count": 234962,
                    "image_background": "https://media.rawg.io/media/games/4a0/4a0a1316102366260e6f38fd2a9cfdce.jpg"
                },
                {
                    "id": 7,
                    "name": "Multiplayer",
                    "slug": "multiplayer",
                    "language": "eng",
                    "games_count": 39945,
                    "image_background": "https://media.rawg.io/media/games/8cc/8cce7c0e99dcc43d66c8efd42f9d03e3.jpg"
                }
            ],
            "esrb_rating": null,
            "user_game": null,
            "reviews_count": 0,
            "community_rating": 0,
            "saturated_color": "0f0f0f",
            "dominant_color": "0f0f0f",
            "short_screenshots": [
                {
                    "id": -1,
                    "image": "https://media.rawg.io/media/screenshots/35a/35a80fe217c7e858ed2dd935f8f039a7.jpg"
                },
                {
                    "id": 748241,
                    "image": "https://media.rawg.io/media/screenshots/4a0/4a066149d3566b9e51233b20bf2669bc.jpg"
                },
                {
                    "id": 748242,
                    "image": "https://media.rawg.io/media/screenshots/35a/35a80fe217c7e858ed2dd935f8f039a7.jpg"
                }
            ],
            "parent_platforms": [
                {
                    "platform": {
                        "id": 10,
                        "name": "Commodore / Amiga",
                        "slug": "commodore-amiga"
                    }
                }
            ],
            "genres": [
                {
                    "id": 6,
                    "name": "Fighting",
                    "slug": "fighting"
                }
            ]
        },
        {
            "slug": "furmins",
            "name": "Furmins",
            "playtime": 0,
            "platforms": [
                {
                    "platform": {
                        "id": 16,
                        "name": "PlayStation 3",
                        "slug": "playstation3"
                    }
                }
            ],
            "stores": null,
            "released": "2012-02-02",
            "tba": false,
            "background_image": "https://media.rawg.io/media/screenshots/c51/c51a0cee1a774c260e92be01fdc767bb.jpg",
            "rating": 0.0,
            "rating_top": 0,
            "ratings": [
                {
                    "id": 4,
                    "title": "recommended",
                    "count": 1,
                    "percent": 50.0
                },
                {
                    "id": 3,
                    "title": "meh",
                    "count": 1,
                    "percent": 50.0
                }
            ],
            "ratings_count": 2,
            "reviews_text_count": 0,
            "added": 45,
            "added_by_status": {
                "yet": 5,
                "owned": 39,
                "dropped": 1
            },
            "metacritic": null,
            "suggestions_count": 220,
            "updated": "2019-01-10T00:06:09",
            "id": 41552,
            "score": null,
            "clip": null,
            "tags": [],
            "esrb_rating": null,
            "user_game": null,
            "reviews_count": 2,
            "community_rating": 0,
            "saturated_color": "0f0f0f",
            "dominant_color": "0f0f0f",
            "short_screenshots": [
                {
                    "id": -1,
                    "image": "https://media.rawg.io/media/screenshots/c51/c51a0cee1a774c260e92be01fdc767bb.jpg"
                },
                {
                    "id": 597012,
                    "image": "https://media.rawg.io/media/screenshots/95d/95d6ca59eecb427629069446439d542e.jpg"
                },
                {
                    "id": 597013,
                    "image": "https://media.rawg.io/media/screenshots/fd6/fd6283a528383ed44b3da3ed570dca61.jpg"
                },
                {
                    "id": 597014,
                    "image": "https://media.rawg.io/media/screenshots/a2c/a2c94e8949c32c5e1fb0cf6e2d3b2064.jpg"
                },
                {
                    "id": 597015,
                    "image": "https://media.rawg.io/media/screenshots/f81/f81d9052ff26e2634b728ea3c4f3bd73.jpg"
                },
                {
                    "id": 597016,
                    "image": "https://media.rawg.io/media/screenshots/276/27678f458424292adbb8c6e66723adc4.jpg"
                },
                {
                    "id": 597017,
                    "image": "https://media.rawg.io/media/screenshots/fa7/fa7734db06ac26ccb76ba7fd33375041.jpg"
                }
            ],
            "parent_platforms": [
                {
                    "platform": {
                        "id": 2,
                        "name": "PlayStation",
                        "slug": "playstation"
                    }
                }
            ],
            "genres": [
                {
                    "id": 7,
                    "name": "Puzzle",
                    "slug": "puzzle"
                }
            ]
        }
    ],
    "user_platforms": false
}