{
    "count": 13,
    "next": "https://api.rawg.io/api/games?developers=9818&key=6144c1f5ae184e6a89a3e2b34caf541c&ordering=-rating&page=2&page_size=10",
    "previous": null,
    "results": [
        {
            "slug": "tropico-6",
            "name": "Tropico 6",
            "playtime": 4,
            "platforms": [
                {
                    "platform": {
                        "id": 4,
                        "name": "PC",
                        "slug": "pc"
                    }
                },
                {
                    "platform": {
                        "id": 1,
                        "name": "Xbox One",
                        "slug": "xbox-one"
                    }
                },
                {
                    "platform": {
                        "id": 18,
                        "name": "PlayStation 4",
                        "slug": "playstation4"
                    }
                },
                {
                    "platform": {
                        "id": 7,
                        "name": "Nintendo Switch",
                        "slug": "nintendo-switch"
                    }
                },
                {
                    "platform": {
                        "id": 5,
                        "name": "macOS",
                        "slug": "macos"
                    }
                },
                {
                    "platform": {
                        "id": 6,
                        "name": "Linux",
                        "slug": "linux"
                    }
                }
            ],
            "stores": [
                {
                    "store": {
                        "id": 1,
                        "name": "Steam",
                        "slug": "steam"
                    }
                },
                {
                    "store": {
                        "id": 3,
                        "name": "PlayStation Store",
                        "slug": "playstation-store"
                    }
                },
                {
                    "store": {
                        "id": 2,
                        "name": "Xbox Store",
                        "slug": "xbox-store"
                    }
                },
                {
                    "store": {
                        "id": 5,
                        "name": "GOG",
                        "slug": "gog"
                    }
                }
            ],
            "released": "2019-03-28",
            "tba": false,
            "background_image": "https://media.rawg.io/media/games/5d5/5d5da5167163cc75f77b4c6b15ae865b.jpg",
            "rating": 3.78,
            "rating_top": 4,
            "ratings": [
                {
                    "id": 4,
                    "title": "recommended",
                    "count": 80,
                    "percent": 53.69
                },
                {
                    "id": 3,
                    "title": "meh",
                    "count": 37,
                    "percent": 24.83
                },
                {
                    "id": 5,
                    "title": "exceptional",
                    "count": 25,
                    "percent": 16.78
                },
                {
                    "id": 1,
                    "title": "skip",
                    "count": 7,
                    "percent": 4.7
                }
            ],
            "ratings_count": 148,
            "reviews_text_count": 1,
            "added": 1522,
            "added_by_status": {
                "yet": 71,
                "owned": 1210,
                "beaten": 54,
                "toplay": 82,
                "dropped": 83,
                "playing": 22
            },
            "metacritic": 76,
            "suggestions_count": 360,
            "updated": "2025-01-08T17:05:37",
            "id": 29231,
            "score": null,
            "clip": null,
            "tags": [
                {
                    "id": 31,
                    "name": "Singleplayer",
                    "slug": "singleplayer",
                    "language": "eng",
                    "games_count": 236808,
                    "image_background": "https://media.rawg.io/media/games/4be/4be6a6ad0364751a96229c56bf69be59.jpg"
                },
                {
                    "id": 42396,
                    "name": "Для одного игрока",
                    "slug": "dlia-odnogo-igroka",
                    "language": "rus",
                    "games_count": 59339,
                    "image_background": "https://media.rawg.io/media/games/49c/49c3dfa4ce2f6f140cc4825868e858cb.jpg"
                },
                {
                    "id": 40847,
                    "name": "Steam Achievements",
                    "slug": "steam-achievements",
                    "language": "eng",
                    "games_count": 44261,
                    "image_background": "https://media.rawg.io/media/games/b8c/b8c243eaa0fbac8115e0cdccac3f91dc.jpg"
                },
                {
                    "id": 40836,
                    "name": "Full controller support",
                    "slug": "full-controller-support",
                    "language": "eng",
                    "games_count": 20885,
                    "image_background": "https://media.rawg.io/media/games/562/562553814dd54e001a541e4ee83a591c.jpg"
                },
                {
                    "id": 40849,
                    "name": "Steam Cloud",
                    "slug": "steam-cloud",
                    "language": "eng",
                    "games_count": 21355,
                    "image_background": "https://media.rawg.io/media/games/be0/be01c3d7d8795a45615da139322ca080.jpg"
                },
                {
                    "id": 42425,
                    "name": "Для нескольких игроков",
                    "slug": "dlia-neskolkikh-igrokov",
                    "language": "rus",
                    "games_count": 11352,
                    "image_background": "https://media.rawg.io/media/games/157/15742f2f67eacff546738e1ab5c19d20.jpg"
                },
                {
                    "id": 7808,
                    "name": "steam-trading-cards",
                    "slug": "steam-trading-cards",
                    "language": "eng",
                    "games_count": 7568,
                    "image_background": "https://media.rawg.io/media/games/d58/d588947d4286e7b5e0e12e1bea7d9844.jpg"
                },
                {
                    "id": 42394,
                    "name": "Глубокий сюжет",
                    "slug": "glubokii-siuzhet",
                    "language": "rus",
                    "games_count": 15181,
                    "image_background": "https://media.rawg.io/media/games/b8c/b8c243eaa0fbac8115e0cdccac3f91dc.jpg"
                },
                {
                    "id": 42442,
                    "name": "Открытый мир",
                    "slug": "otkrytyi-mir",
                    "language": "rus",
                    "games_count": 6580,
                    "image_background": "https://media.rawg.io/media/games/ee3/ee3e10193aafc3230ba1cae426967d10.jpg"
                },
                {
                    "id": 42421,
                    "name": "Стратегия",
                    "slug": "strategiia",
                    "language": "rus",
                    "games_count": 21623,
                    "image_background": "https://media.rawg.io/media/games/af7/af7a831001c5c32c46e950cc883b8cb7.jpg"
                },
                {
                    "id": 42399,
                    "name": "Казуальная игра",
                    "slug": "kazualnaia-igra",
                    "language": "rus",
                    "games_count": 47619,
                    "image_background": "https://media.rawg.io/media/games/baf/baf9905270314e07e6850cffdb51df41.jpg"
                },
                {
                    "id": 42413,
                    "name": "Симулятор",
                    "slug": "simuliator",
                    "language": "rus",
                    "games_count": 22400,
                    "image_background": "https://media.rawg.io/media/screenshots/f2f/f2f3c93d6153da7aee590f3ab8ccd803.jpg"
                },
                {
                    "id": 42482,
                    "name": "Смешная",
                    "slug": "smeshnaia",
                    "language": "rus",
                    "games_count": 10790,
                    "image_background": "https://media.rawg.io/media/games/960/960b601d9541cec776c5fa42a00bf6c4.jpg"
                },
                {
                    "id": 42444,
                    "name": "Песочница",
                    "slug": "pesochnitsa",
                    "language": "rus",
                    "games_count": 4883,
                    "image_background": "https://media.rawg.io/media/games/490/49016e06ae2103881ff6373248843069.jpg"
                },
                {
                    "id": 397,
                    "name": "Online multiplayer",
                    "slug": "online-multiplayer",
                    "language": "eng",
                    "games_count": 3804,
                    "image_background": "https://media.rawg.io/media/games/f46/f466571d536f2e3ea9e815ad17177501.jpg"
                },
                {
                    "id": 40852,
                    "name": "Steam Workshop",
                    "slug": "steam-workshop",
                    "language": "eng",
                    "games_count": 1633,
                    "image_background": "https://media.rawg.io/media/games/25c/25c4776ab5723d5d735d8bf617ca12d9.jpg"
                },
                {
                    "id": 42390,
                    "name": "Решения с последствиями",
                    "slug": "resheniia-s-posledstviiami",
                    "language": "rus",
                    "games_count": 7030,
                    "image_background": "https://media.rawg.io/media/games/a28/a289e23b4d4d84f26ab59125e3be4483.jpg"
                },
                {
                    "id": 42419,
                    "name": "Рогалик",
                    "slug": "rogalik",
                    "language": "rus",
                    "games_count": 5361,
                    "image_background": "https://media.rawg.io/media/games/699/69907ecf13f172e9e144069769c3be73.jpg"
                },
                {
                    "id": 42553,
                    "name": "Строительство",
                    "slug": "stroitelstvo",
                    "language": "rus",
                    "games_count": 4148,
                    "image_background": "https://media.rawg.io/media/screenshots/066/066eb1b7a3f332b8089645fbf8c3ebdc.jpg"
                },
                {
                    "id": 42561,
                    "name": "Мемы",
                    "slug": "memy",
                    "language": "rus",
                    "games_count": 1849,
                    "image_background": "https://media.rawg.io/media/games/11f/11fd681c312c14644ab360888dba3486.jpg"
                },
                {
                    "id": 42551,
                    "name": "Менеджмент",
                    "slug": "menedzhment",
                    "language": "rus",
                    "games_count": 4342,
                    "image_background": "https://media.rawg.io/media/games/000/0002b2686a50b30762fb6040a8d9187f.jpg"
                },
                {
                    "id": 42508,
                    "name": "Нелинейность",
                    "slug": "nelineinost",
                    "language": "rus",
                    "games_count": 1017,
                    "image_background": "https://media.rawg.io/media/games/6cd/6cd653e0aaef5ff8bbd295bf4bcb12eb.jpg"
                },
                {
                    "id": 42521,
                    "name": "Экономика",
                    "slug": "ekonomika",
                    "language": "rus",
                    "games_count": 1893,
                    "image_background": "https://media.rawg.io/media/screenshots/e70/e7009d889b38df2a16f78859a7343308.jpg"
                },
                {
                    "id": 42560,
                    "name": "Разрушения",
                    "slug": "razrusheniia",
                    "language": "rus",
                    "games_count": 1224,
                    "image_background": "https://media.rawg.io/media/games/45b/45b57ed59de4b84effd8f6bc4b7bf515.jpg"
                },
                {
                    "id": 42504,
                    "name": "Градостроительный симулятор",
                    "slug": "gradostroitelnyi-simuliator",
                    "language": "rus",
                    "games_count": 473,
                    "image_background": "https://media.rawg.io/media/games/ea6/ea6d85ea0239943ff31a86097fb3fbc3.jpg"
                },
                {
                    "id": 42559,
                    "name": "Политическая",
                    "slug": "politicheskaia",
                    "language": "rus",
                    "games_count": 535,
                    "image_background": "https://media.rawg.io/media/games/d96/d965a8355c3165cf4698e1b3fdb5dd3a.jpg"
                },
                {
                    "id": 42558,
                    "name": "Политика",
                    "slug": "politika",
                    "language": "rus",
                    "games_count": 412,
                    "image_background": "https://media.rawg.io/media/games/d49/d4974f5eb9e6c47794f681f149280d9d.jpg"
                }
            ],
            "esrb_rating": {
                "id": 1,
                "name": "Everyone",
                "slug": "everyone",
                "name_en": "Everyone",
                "name_ru": "Для всех"
            },
            "user_game": null,
            "reviews_count": 149,
            "saturated_color": "0f0f0f",
            "dominant_color": "0f0f0f",
            "short_screenshots": [
                {
                    "id": -1,
                    "image": "https://media.rawg.io/media/games/5d5/5d5da5167163cc75f77b4c6b15ae865b.jpg"
                },
                {
                    "id": 287317,
                    "image": "https://media.rawg.io/media/screenshots/c64/c64d0f68654793b7c2fbaacd9cb84080.jpg"
                },
                {
                    "id": 287318,
                    "image": "https://media.rawg.io/media/screenshots/55b/55be64f3c67b8e3c59762170355f70dc.jpg"
                },
                {
                    "id": 287319,
                    "image": "https://media.rawg.io/media/screenshots/739/739a1670e329a0477c1a1e47653b79d4.jpg"
                },
                {
                    "id": 287320,
                    "image": "https://media.rawg.io/media/screenshots/731/73114bbbb32d3da2feb3ca78f1a69e00.jpg"
                },
                {
                    "id": 287321,
                    "image": "https://media.rawg.io/media/screenshots/d90/d90646216677ea77fe5d21132d256d1a.jpg"
                },
                {
                    "id": 287322,
                    "image": "https://media.rawg.io/media/screenshots/ed1/ed161d2cc49e2b22ff7ad4a900e238fa.jpg"
                }
            ],
            "parent_platforms": [
                {
                    "platform": {
                        "id": 1,
                        "name": "PC",
                        "slug": "pc"
                    }
                },
                {
                    "platform": {
                        "id": 2,
                        "name": "PlayStation",
                        "slug": "playstation"
                    }
                },
                {
                    "platform": {
                        "id": 3,
                        "name": "Xbox",
                        "slug": "xbox"
                    }
                },
                {
                    "platform": {
                        "id": 5,
                        "name": "Apple Macintosh",
                        "slug": "mac"
                    }
                },
                {
                    "platform": {
                        "id": 6,
                        "name": "Linux",
                        "slug": "linux"
                    }
                },
                {
                    "platform": {
                        "id": 7,
                        "name": "Nintendo",
                        "slug": "nintendo"
                    }
                }
            ],
            "genres": [
                {
                    "id": 10,
                    "name": "Strategy",
                    "slug": "strategy"
                },
                {
                    "id": 14,
                    "name": "Simulation",
                    "slug": "simulation"
                }
            ]
        },
        {
            "slug": "might-magic-heroes-vii",
            "name": "Might & Magic Heroes VII",
            "playtime": 5,
            "platforms": [
                {
                    "platform": {
                        "id": 4,
                        "name": "PC",
                        "slug": "pc"
                    }
                }
            ],
            "stores": [
                {
                    "store": {
                        "id": 1,
                        "name": "Steam",
                        "slug": "steam"
                    }
                }
            ],
            "released": "2015-09-29",
            "tba": false,
            "background_image": "https://media.rawg.io/media/screenshots/9b5/9b503edbb24bde53c60be57f8e2b941b.jpg",
            "rating": 3.3,
            "rating_top": 4,
            "ratings": [
                {
                    "id": 4,
                    "title": "recommended",
                    "count": 37,
                    "percent": 44.05
                },
                {
                    "id": 3,
                    "title": "meh",
                    "count": 23,
                    "percent": 27.38
                },
                {
                    "id": 1,
                    "title": "skip",
                    "count": 15,
                    "percent": 17.86
                },
                {
                    "id": 5,
                    "title": "exceptional",
                    "count": 9,
                    "percent": 10.71
                }
            ],
            "ratings_count": 84,
            "reviews_text_count": 0,
            "added": 422,
            "added_by_status": {
                "yet": 27,
                "owned": 289,
                "beaten": 41,
                "toplay": 19,
                "dropped": 39,
                "playing": 7
            },
            "metacritic": 67,
            "suggestions_count": 1193,
            "updated": "2025-03-18T18:35:16",
            "id": 17283,
            "score": null,
            "clip": null,
            "tags": [
                {
                    "id": 31,
                    "name": "Singleplayer",
                    "slug": "singleplayer",
                    "language": "eng",
                    "games_count": 236808,
                    "image_background": "https://media.rawg.io/media/games/4be/4be6a6ad0364751a96229c56bf69be59.jpg"
                },
                {
                    "id": 42396,
                    "name": "Для одного игрока",
                    "slug": "dlia-odnogo-igroka",
                    "language": "rus",
                    "games_count": 59339,
                    "image_background": "https://media.rawg.io/media/games/49c/49c3dfa4ce2f6f140cc4825868e858cb.jpg"
                },
                {
                    "id": 42392,
                    "name": "Приключение",
                    "slug": "prikliuchenie",
                    "language": "rus",
                    "games_count": 43383,
                    "image_background": "https://media.rawg.io/media/games/d82/d82990b9c67ba0d2d09d4e6fa88885a7.jpg"
                },
                {
                    "id": 40847,
                    "name": "Steam Achievements",
                    "slug": "steam-achievements",
                    "language": "eng",
                    "games_count": 44261,
                    "image_background": "https://media.rawg.io/media/games/b8c/b8c243eaa0fbac8115e0cdccac3f91dc.jpg"
                },
                {
                    "id": 7,
                    "name": "Multiplayer",
                    "slug": "multiplayer",
                    "language": "eng",
                    "games_count": 40265,
                    "image_background": "https://media.rawg.io/media/games/021/021c4e21a1824d2526f925eff6324653.jpg"
                },
                {
                    "id": 13,
                    "name": "Atmospheric",
                    "slug": "atmospheric",
                    "language": "eng",
                    "games_count": 36334,
                    "image_background": "https://media.rawg.io/media/games/b45/b45575f34285f2c4479c9a5f719d972e.jpg"
                },
                {
                    "id": 42425,
                    "name": "Для нескольких игроков",
                    "slug": "dlia-neskolkikh-igrokov",
                    "language": "rus",
                    "games_count": 11352,
                    "image_background": "https://media.rawg.io/media/games/157/15742f2f67eacff546738e1ab5c19d20.jpg"
                },
                {
                    "id": 42400,
                    "name": "Атмосфера",
                    "slug": "atmosfera",
                    "language": "rus",
                    "games_count": 6083,
                    "image_background": "https://media.rawg.io/media/games/7fa/7fa0b586293c5861ee32490e953a4996.jpg"
                },
                {
                    "id": 7808,
                    "name": "steam-trading-cards",
                    "slug": "steam-trading-cards",
                    "language": "eng",
                    "games_count": 7568,
                    "image_background": "https://media.rawg.io/media/games/d58/d588947d4286e7b5e0e12e1bea7d9844.jpg"
                },
                {
                    "id": 42394,
                    "name": "Глубокий сюжет",
                    "slug": "glubokii-siuzhet",
                    "language": "rus",
                    "games_count": 15181,
                    "image_background": "https://media.rawg.io/media/games/b8c/b8c243eaa0fbac8115e0cdccac3f91dc.jpg"
                },
                {
                    "id": 24,
                    "name": "RPG",
                    "slug": "rpg",
                    "language": "eng",
                    "games_count": 23789,
                    "image_background": "https://media.rawg.io/media/games/618/618c2031a07bbff6b4f611f10b6bcdbc.jpg"
                },
                {
                    "id": 18,
                    "name": "Co-op",
                    "slug": "co-op",
                    "language": "eng",
                    "games_count": 12990,
                    "image_background": "https://media.rawg.io/media/games/4e0/4e0e7b6d6906a131307c94266e5c9a1c.jpg"
                },
                {
                    "id": 42412,
                    "name": "Ролевая игра",
                    "slug": "rolevaia-igra",
                    "language": "rus",
                    "games_count": 20193,
                    "image_background": "https://media.rawg.io/media/games/ee3/ee3e10193aafc3230ba1cae426967d10.jpg"
                },
                {
                    "id": 118,
                    "name": "Story Rich",
                    "slug": "story-rich",
                    "language": "eng",
                    "games_count": 24317,
                    "image_background": "https://media.rawg.io/media/games/be0/be01c3d7d8795a45615da139322ca080.jpg"
                },
                {
                    "id": 42421,
                    "name": "Стратегия",
                    "slug": "strategiia",
                    "language": "rus",
                    "games_count": 21623,
                    "image_background": "https://media.rawg.io/media/games/af7/af7a831001c5c32c46e950cc883b8cb7.jpg"
                },
                {
                    "id": 411,
                    "name": "cooperative",
                    "slug": "cooperative",
                    "language": "eng",
                    "games_count": 5769,
                    "image_background": "https://media.rawg.io/media/games/587/587588c64afbff80e6f444eb2e46f9da.jpg"
                },
                {
                    "id": 42435,
                    "name": "Шедевр",
                    "slug": "shedevr",
                    "language": "rus",
                    "games_count": 1059,
                    "image_background": "https://media.rawg.io/media/games/7cf/7cfc9220b401b7a300e409e539c9afd5.jpg"
                },
                {
                    "id": 42480,
                    "name": "Фэнтези",
                    "slug": "fentezi",
                    "language": "rus",
                    "games_count": 14087,
                    "image_background": "https://media.rawg.io/media/games/6fc/6fcf4cd3b17c288821388e6085bb0fc9.jpg"
                },
                {
                    "id": 64,
                    "name": "Fantasy",
                    "slug": "fantasy",
                    "language": "eng",
                    "games_count": 30331,
                    "image_background": "https://media.rawg.io/media/games/04a/04a7e7e185fb51493bdcbe1693a8b3dc.jpg"
                },
                {
                    "id": 42461,
                    "name": "Классика",
                    "slug": "klassika",
                    "language": "rus",
                    "games_count": 1475,
                    "image_background": "https://media.rawg.io/media/games/021/021c4e21a1824d2526f925eff6324653.jpg"
                },
                {
                    "id": 193,
                    "name": "Classic",
                    "slug": "classic",
                    "language": "eng",
                    "games_count": 1811,
                    "image_background": "https://media.rawg.io/media/games/7a2/7a2500ee8b2c0e1ff268bb4479463dea.jpg"
                },
                {
                    "id": 42424,
                    "name": "Пошаговая",
                    "slug": "poshagovaia",
                    "language": "rus",
                    "games_count": 1836,
                    "image_background": "https://media.rawg.io/media/games/054/0549f1a0a5e782d4e81cdf8d022073fa.jpg"
                },
                {
                    "id": 102,
                    "name": "Turn-Based",
                    "slug": "turn-based",
                    "language": "eng",
                    "games_count": 5457,
                    "image_background": "https://media.rawg.io/media/games/046/0464f4a36cd975a37c95b93b06058855.jpg"
                },
                {
                    "id": 42426,
                    "name": "Пошаговая стратегия",
                    "slug": "poshagovaia-strategiia",
                    "language": "rus",
                    "games_count": 3947,
                    "image_background": "https://media.rawg.io/media/games/55e/55ee6432ac2bf224610fa17e4c652107.jpg"
                },
                {
                    "id": 101,
                    "name": "Turn-Based Strategy",
                    "slug": "turn-based-strategy",
                    "language": "eng",
                    "games_count": 5853,
                    "image_background": "https://media.rawg.io/media/games/b6b/b6b20bfc4b34e312dbc8aac53c95a348.jpg"
                }
            ],
            "esrb_rating": null,
            "user_game": null,
            "reviews_count": 84,
            "saturated_color": "0f0f0f",
            "dominant_color": "0f0f0f",
            "short_screenshots": [
                {
                    "id": -1,
                    "image": "https://media.rawg.io/media/screenshots/9b5/9b503edbb24bde53c60be57f8e2b941b.jpg"
                },
                {
                    "id": 157213,
                    "image": "https://media.rawg.io/media/screenshots/ad8/ad821904482f296126ffb939b80c9338.jpg"
                },
                {
                    "id": 157214,
                    "image": "https://media.rawg.io/media/screenshots/82d/82d8402b77ad6463718e2eca90d96119.jpg"
                },
                {
                    "id": 157215,
                    "image": "https://media.rawg.io/media/screenshots/fd3/fd3be7adbccb6253fe4793b78ac36123.jpg"
                },
                {
                    "id": 157216,
                    "image": "https://media.rawg.io/media/screenshots/a89/a89c575f10daa4a125ec1d60318a4c0f.jpg"
                },
                {
                    "id": 157217,
                    "image": "https://media.rawg.io/media/screenshots/aeb/aeb3689e4f53b7c51a22189cf93c2b09.jpg"
                },
                {
                    "id": 157218,
                    "image": "https://media.rawg.io/media/screenshots/cf0/cf01a0fa326e74011d75472db69c6806.jpg"
                }
            ],
            "parent_platforms": [
                {
                    "platform": {
                        "id": 1,
                        "name": "PC",
                        "slug": "pc"
                    }
                }
            ],
            "genres": [
                {
                    "id": 10,
                    "name": "Strategy",
                    "slug": "strategy"
                },
                {
                    "id": 5,
                    "name": "RPG",
                    "slug": "role-playing-games-rpg"
                }
            ]
        },
        {
            "slug": "might-magic-x-legacy",
            "name": "Might & Magic X - Legacy",
            "playtime": 4,
            "platforms": [
                {
                    "platform": {
                        "id": 4,
                        "name": "PC",
                        "slug": "pc"
                    }
                },
                {
                    "platform": {
                        "id": 5,
                        "name": "macOS",
                        "slug": "macos"
                    }
                }
            ],
            "stores": [
                {
                    "store": {
                        "id": 1,
                        "name": "Steam",
                        "slug": "steam"
                    }
                }
            ],
            "released": "2014-01-22",
            "tba": false,
            "background_image": "https://media.rawg.io/media/games/fa5/fa5a83902e207dd8c83b9785029deb8f.jpg",
            "rating": 3.25,
            "rating_top": 3,
            "ratings": [
                {
                    "id": 3,
                    "title": "meh",
                    "count": 26,
                    "percent": 41.27
                },
                {
                    "id": 4,
                    "title": "recommended",
                    "count": 22,
                    "percent": 34.92
                },
                {
                    "id": 1,
                    "title": "skip",
                    "count": 9,
                    "percent": 14.29
                },
                {
                    "id": 5,
                    "title": "exceptional",
                    "count": 6,
                    "percent": 9.52
                }
            ],
            "ratings_count": 62,
            "reviews_text_count": 0,
            "added": 587,
            "added_by_status": {
                "yet": 29,
                "owned": 493,
                "beaten": 28,
                "toplay": 13,
                "dropped": 23,
                "playing": 1
            },
            "metacritic": 70,
            "suggestions_count": 673,
            "updated": "2025-01-18T18:13:50",
            "id": 17833,
            "score": null,
            "clip": null,
            "tags": [
                {
                    "id": 31,
                    "name": "Singleplayer",
                    "slug": "singleplayer",
                    "language": "eng",
                    "games_count": 235265,
                    "image_background": "https://media.rawg.io/media/games/f87/f87457e8347484033cb34cde6101d08d.jpg"
                },
                {
                    "id": 42396,
                    "name": "Для одного игрока",
                    "slug": "dlia-odnogo-igroka",
                    "language": "rus",
                    "games_count": 58120,
                    "image_background": "https://media.rawg.io/media/games/4a0/4a0a1316102366260e6f38fd2a9cfdce.jpg"
                },
                {
                    "id": 42392,
                    "name": "Приключение",
                    "slug": "prikliuchenie",
                    "language": "rus",
                    "games_count": 42768,
                    "image_background": "https://media.rawg.io/media/games/b7b/b7b8381707152afc7d91f5d95de70e39.jpg"
                },
                {
                    "id": 24,
                    "name": "RPG",
                    "slug": "rpg",
                    "language": "eng",
                    "games_count": 23466,
                    "image_background": "https://media.rawg.io/media/games/713/713269608dc8f2f40f5a670a14b2de94.jpg"
                },
                {
                    "id": 42412,
                    "name": "Ролевая игра",
                    "slug": "rolevaia-igra",
                    "language": "rus",
                    "games_count": 19871,
                    "image_background": "https://media.rawg.io/media/games/ee3/ee3e10193aafc3230ba1cae426967d10.jpg"
                },
                {
                    "id": 42442,
                    "name": "Открытый мир",
                    "slug": "otkrytyi-mir",
                    "language": "rus",
                    "games_count": 6476,
                    "image_background": "https://media.rawg.io/media/games/da1/da1b267764d77221f07a4386b6548e5a.jpg"
                },
                {
                    "id": 36,
                    "name": "Open World",
                    "slug": "open-world",
                    "language": "eng",
                    "games_count": 8290,
                    "image_background": "https://media.rawg.io/media/games/26d/26d4437715bee60138dab4a7c8c59c92.jpg"
                },
                {
                    "id": 42429,
                    "name": "От первого лица",
                    "slug": "ot-pervogo-litsa",
                    "language": "rus",
                    "games_count": 13147,
                    "image_background": "https://media.rawg.io/media/games/6c5/6c55e22185876626881b76c11922b073.jpg"
                },
                {
                    "id": 8,
                    "name": "First-Person",
                    "slug": "first-person",
                    "language": "eng",
                    "games_count": 34068,
                    "image_background": "https://media.rawg.io/media/games/736/73619bd336c894d6941d926bfd563946.jpg"
                },
                {
                    "id": 42435,
                    "name": "Шедевр",
                    "slug": "shedevr",
                    "language": "rus",
                    "games_count": 1059,
                    "image_background": "https://media.rawg.io/media/games/34b/34b1f1850a1c06fd971bc6ab3ac0ce0e.jpg"
                },
                {
                    "id": 42420,
                    "name": "Сложная",
                    "slug": "slozhnaia",
                    "language": "rus",
                    "games_count": 5736,
                    "image_background": "https://media.rawg.io/media/games/48e/48e63bbddeddbe9ba81942772b156664.jpg"
                },
                {
                    "id": 42480,
                    "name": "Фэнтези",
                    "slug": "fentezi",
                    "language": "rus",
                    "games_count": 13803,
                    "image_background": "https://media.rawg.io/media/games/4be/4be6a6ad0364751a96229c56bf69be59.jpg"
                },
                {
                    "id": 64,
                    "name": "Fantasy",
                    "slug": "fantasy",
                    "language": "eng",
                    "games_count": 30049,
                    "image_background": "https://media.rawg.io/media/games/ee3/ee3e10193aafc3230ba1cae426967d10.jpg"
                },
                {
                    "id": 42461,
                    "name": "Классика",
                    "slug": "klassika",
                    "language": "rus",
                    "games_count": 1473,
                    "image_background": "https://media.rawg.io/media/games/be0/be01c3d7d8795a45615da139322ca080.jpg"
                },
                {
                    "id": 49,
                    "name": "Difficult",
                    "slug": "difficult",
                    "language": "eng",
                    "games_count": 13708,
                    "image_background": "https://media.rawg.io/media/games/559/559bc0768f656ad0c63c54b80a82d680.jpg"
                },
                {
                    "id": 193,
                    "name": "Classic",
                    "slug": "classic",
                    "language": "eng",
                    "games_count": 1809,
                    "image_background": "https://media.rawg.io/media/games/baf/baf9905270314e07e6850cffdb51df41.jpg"
                },
                {
                    "id": 42464,
                    "name": "Исследование",
                    "slug": "issledovanie",
                    "language": "rus",
                    "games_count": 2979,
                    "image_background": "https://media.rawg.io/media/games/0be/0bea0a08a4d954337305391b778a7f37.jpg"
                },
                {
                    "id": 42467,
                    "name": "Ретро",
                    "slug": "retro-2",
                    "language": "rus",
                    "games_count": 9023,
                    "image_background": "https://media.rawg.io/media/games/2ae/2aedae90b1377a0f3e5ce54d24f8e41a.jpg"
                },
                {
                    "id": 42436,
                    "name": "Тактика",
                    "slug": "taktika",
                    "language": "rus",
                    "games_count": 4348,
                    "image_background": "https://media.rawg.io/media/games/238/2383a172b4d50a7b44e07980eb7141ea.jpg"
                },
                {
                    "id": 80,
                    "name": "Tactical",
                    "slug": "tactical",
                    "language": "eng",
                    "games_count": 5721,
                    "image_background": "https://media.rawg.io/media/games/476/476178ef18ab0534771d099f51cdc694.jpg"
                },
                {
                    "id": 74,
                    "name": "Retro",
                    "slug": "retro",
                    "language": "eng",
                    "games_count": 42819,
                    "image_background": "https://media.rawg.io/media/games/ffe/ffed87105b14f5beff72ff44a7793fd5.jpg"
                },
                {
                    "id": 42424,
                    "name": "Пошаговая",
                    "slug": "poshagovaia",
                    "language": "rus",
                    "games_count": 1823,
                    "image_background": "https://media.rawg.io/media/games/63c/63cb04333dea1726e90b38dc3d10258f.jpg"
                },
                {
                    "id": 102,
                    "name": "Turn-Based",
                    "slug": "turn-based",
                    "language": "eng",
                    "games_count": 5444,
                    "image_background": "https://media.rawg.io/media/screenshots/7f8/7f8b58994fc420fefaa5fb9992335a11.jpg"
                },
                {
                    "id": 82,
                    "name": "Magic",
                    "slug": "magic",
                    "language": "eng",
                    "games_count": 10269,
                    "image_background": "https://media.rawg.io/media/games/963/9639183ff27251b0b686acaa6aac0297.jpg"
                },
                {
                    "id": 42478,
                    "name": "Магия",
                    "slug": "magiia",
                    "language": "rus",
                    "games_count": 4904,
                    "image_background": "https://media.rawg.io/media/games/7cf/7cfc9220b401b7a300e409e539c9afd5.jpg"
                },
                {
                    "id": 42512,
                    "name": "Олдскул",
                    "slug": "oldskul",
                    "language": "rus",
                    "games_count": 4465,
                    "image_background": "https://media.rawg.io/media/screenshots/b15/b15b55537e4fbaefe6e4b60ae4ce8d0d.jpg"
                },
                {
                    "id": 48,
                    "name": "Dungeon Crawler",
                    "slug": "dungeon-crawler",
                    "language": "eng",
                    "games_count": 7342,
                    "image_background": "https://media.rawg.io/media/games/3be/3be0e624424d3453005019799a760af2.jpg"
                },
                {
                    "id": 42568,
                    "name": "Пошаговые сражения",
                    "slug": "poshagovye-srazheniia",
                    "language": "rus",
                    "games_count": 3552,
                    "image_background": "https://media.rawg.io/media/games/33b/33b825c76382931df0fd8ecddf5caebe.jpg"
                },
                {
                    "id": 42626,
                    "name": "Компьютерная ролевая игра",
                    "slug": "kompiuternaia-rolevaia-igra",
                    "language": "rus",
                    "games_count": 1307,
                    "image_background": "https://media.rawg.io/media/games/260/26023c855f1769a93411d6a7ea084632.jpeg"
                },
                {
                    "id": 238,
                    "name": "CRPG",
                    "slug": "crpg",
                    "language": "eng",
                    "games_count": 1305,
                    "image_background": "https://media.rawg.io/media/screenshots/234/2341a78cfc68acd460228fafcf7f9ccc.jpg"
                },
                {
                    "id": 42625,
                    "name": "Партийная ролевая игра",
                    "slug": "partiinaia-rolevaia-igra",
                    "language": "rus",
                    "games_count": 1334,
                    "image_background": "https://media.rawg.io/media/games/4e6/4e6c6259ad910c31261d90b42c45e046.jpg"
                },
                {
                    "id": 206,
                    "name": "Party-Based RPG",
                    "slug": "party-based-rpg",
                    "language": "eng",
                    "games_count": 1281,
                    "image_background": "https://media.rawg.io/media/games/baa/baac774072d6319a166a453b8b3506df.jpg"
                },
                {
                    "id": 298,
                    "name": "Grid-Based Movement",
                    "slug": "grid-based-movement",
                    "language": "eng",
                    "games_count": 1273,
                    "image_background": "https://media.rawg.io/media/screenshots/c68/c68980e61e8b414a7a67b45ca976a705.jpeg"
                },
                {
                    "id": 42624,
                    "name": "Перемещение по клеткам",
                    "slug": "peremeshchenie-po-kletkam",
                    "language": "rus",
                    "games_count": 334,
                    "image_background": "https://media.rawg.io/media/screenshots/cb4/cb4971eed57b53725cca0123a8a898a3.jpg"
                }
            ],
            "esrb_rating": null,
            "user_game": null,
            "reviews_count": 63,
            "saturated_color": "0f0f0f",
            "dominant_color": "0f0f0f",
            "short_screenshots": [
                {
                    "id": -1,
                    "image": "https://media.rawg.io/media/games/fa5/fa5a83902e207dd8c83b9785029deb8f.jpg"
                },
                {
                    "id": 164402,
                    "image": "https://media.rawg.io/media/screenshots/c78/c78b531b559e44b47f49f509a55b329f.jpg"
                },
                {
                    "id": 164403,
                    "image": "https://media.rawg.io/media/screenshots/7b7/7b70525f3f2191cfaadad818bf853f4c.jpg"
                },
                {
                    "id": 164404,
                    "image": "https://media.rawg.io/media/screenshots/a2b/a2b3b8981adeadbd1e8b7c05f82352a9.jpg"
                },
                {
                    "id": 164405,
                    "image": "https://media.rawg.io/media/screenshots/cbb/cbb50efcb0d9adfb475d3c99f1d4fc32.jpg"
                },
                {
                    "id": 164406,
                    "image": "https://media.rawg.io/media/screenshots/585/585c3f1a879457595a400f02cae8cd22.jpg"
                },
                {
                    "id": 164407,
                    "image": "https://media.rawg.io/media/screenshots/cf5/cf5246c8c23873e0a57ee1df04334247.jpg"
                }
            ],
            "parent_platforms": [
                {
                    "platform": {
                        "id": 1,
                        "name": "PC",
                        "slug": "pc"
                    }
                },
                {
                    "platform": {
                        "id": 5,
                        "name": "Apple Macintosh",
                        "slug": "mac"
                    }
                }
            ],
            "genres": [
                {
                    "id": 5,
                    "name": "RPG",
                    "slug": "role-playing-games-rpg"
                }
            ]
        },
        {
            "slug": "might-and-magic-heroes-vii-trial-by-fire",
            "name": "Might and Magic: Heroes VII – Trial by Fire",
            "playtime": 1,
            "platforms": [
                {
                    "platform": {
                        "id": 4,
                        "name": "PC",
                        "slug": "pc"
                    }
                }
            ],
            "stores": [
                {
                    "store": {
                        "id": 1,
                        "name": "Steam",
                        "slug": "steam"
                    }
                }
            ],
            "released": "2016-08-04",
            "tba": false,
            "background_image": "https://media.rawg.io/media/screenshots/4bb/4bb1858045f9e2e0cddc911a6dc3e23b.jpg",
            "rating": 3.22,
            "rating_top": 4,
            "ratings": [
                {
                    "id": 4,
                    "title": "recommended",
                    "count": 9,
                    "percent": 39.13
                },
                {
                    "id": 3,
                    "title": "meh",
                    "count": 8,
                    "percent": 34.78
                },
                {
                    "id": 1,
                    "title": "skip",
                    "count": 4,
                    "percent": 17.39
                },
                {
                    "id": 5,
                    "title": "exceptional",
                    "count": 2,
                    "percent": 8.7
                }
            ],
            "ratings_count": 23,
            "reviews_text_count": 0,
            "added": 218,
            "added_by_status": {
                "yet": 15,
                "owned": 181,
                "beaten": 11,
                "toplay": 4,
                "dropped": 7
            },
            "metacritic": null,
            "suggestions_count": 546,
            "updated": "2023-09-14T07:17:06",
            "id": 18089,
            "score": null,
            "clip": null,
            "tags": [
                {
                    "id": 31,
                    "name": "Singleplayer",
                    "slug": "singleplayer",
                    "language": "eng",
                    "games_count": 235265,
                    "image_background": "https://media.rawg.io/media/games/f87/f87457e8347484033cb34cde6101d08d.jpg"
                },
                {
                    "id": 7,
                    "name": "Multiplayer",
                    "slug": "multiplayer",
                    "language": "eng",
                    "games_count": 39999,
                    "image_background": "https://media.rawg.io/media/games/713/713269608dc8f2f40f5a670a14b2de94.jpg"
                },
                {
                    "id": 24,
                    "name": "RPG",
                    "slug": "rpg",
                    "language": "eng",
                    "games_count": 23466,
                    "image_background": "https://media.rawg.io/media/games/713/713269608dc8f2f40f5a670a14b2de94.jpg"
                },
                {
                    "id": 42412,
                    "name": "Ролевая игра",
                    "slug": "rolevaia-igra",
                    "language": "rus",
                    "games_count": 19871,
                    "image_background": "https://media.rawg.io/media/games/ee3/ee3e10193aafc3230ba1cae426967d10.jpg"
                },
                {
                    "id": 42421,
                    "name": "Стратегия",
                    "slug": "strategiia",
                    "language": "rus",
                    "games_count": 21276,
                    "image_background": "https://media.rawg.io/media/games/25c/25c4776ab5723d5d735d8bf617ca12d9.jpg"
                },
                {
                    "id": 40845,
                    "name": "Partial Controller Support",
                    "slug": "partial-controller-support",
                    "language": "eng",
                    "games_count": 12750,
                    "image_background": "https://media.rawg.io/media/games/21c/21cc15d233117c6809ec86870559e105.jpg"
                },
                {
                    "id": 42424,
                    "name": "Пошаговая",
                    "slug": "poshagovaia",
                    "language": "rus",
                    "games_count": 1823,
                    "image_background": "https://media.rawg.io/media/games/63c/63cb04333dea1726e90b38dc3d10258f.jpg"
                },
                {
                    "id": 102,
                    "name": "Turn-Based",
                    "slug": "turn-based",
                    "language": "eng",
                    "games_count": 5444,
                    "image_background": "https://media.rawg.io/media/screenshots/7f8/7f8b58994fc420fefaa5fb9992335a11.jpg"
                },
                {
                    "id": 42426,
                    "name": "Пошаговая стратегия",
                    "slug": "poshagovaia-strategiia",
                    "language": "rus",
                    "games_count": 3857,
                    "image_background": "https://media.rawg.io/media/games/238/2383a172b4d50a7b44e07980eb7141ea.jpg"
                }
            ],
            "esrb_rating": null,
            "user_game": null,
            "reviews_count": 23,
            "saturated_color": "0f0f0f",
            "dominant_color": "0f0f0f",
            "short_screenshots": [
                {
                    "id": -1,
                    "image": "https://media.rawg.io/media/screenshots/4bb/4bb1858045f9e2e0cddc911a6dc3e23b.jpg"
                },
                {
                    "id": 167915,
                    "image": "https://media.rawg.io/media/screenshots/f01/f01b3a903591c5d6d5b4ae82b7634401.jpg"
                },
                {
                    "id": 167916,
                    "image": "https://media.rawg.io/media/screenshots/969/969394052676615a2c5e321afbd86d16.jpg"
                },
                {
                    "id": 167917,
                    "image": "https://media.rawg.io/media/screenshots/d86/d860072258eadfa5ccaf02bb52197542.jpg"
                },
                {
                    "id": 167918,
                    "image": "https://media.rawg.io/media/screenshots/f4c/f4c972d44f6b2832244d784916da3110.jpg"
                },
                {
                    "id": 167919,
                    "image": "https://media.rawg.io/media/screenshots/fd8/fd8288ee5be688d113a1897aa2e10341.jpg"
                },
                {
                    "id": 167920,
                    "image": "https://media.rawg.io/media/screenshots/050/050dfefb1d18f87dd2c6248b4fb36e3e.jpg"
                }
            ],
            "parent_platforms": [
                {
                    "platform": {
                        "id": 1,
                        "name": "PC",
                        "slug": "pc"
                    }
                }
            ],
            "genres": [
                {
                    "id": 10,
                    "name": "Strategy",
                    "slug": "strategy"
                },
                {
                    "id": 5,
                    "name": "RPG",
                    "slug": "role-playing-games-rpg"
                }
            ]
        },
        {
            "slug": "might-magic-heroes-6-pirates-of-the-savage-sea",
            "name": "Might & Magic: Heroes 6 - Pirates of the Savage Sea",
            "playtime": 0,
            "platforms": [
                {
                    "platform": {
                        "id": 4,
                        "name": "PC",
                        "slug": "pc"
                    }
                }
            ],
            "stores": null,
            "released": "2012-07-12",
            "tba": false,
            "background_image": "https://media.rawg.io/media/screenshots/179/179b1f01f60a1fa7f8cddb282385d918.jpg",
            "rating": 0.0,
            "rating_top": 0,
            "ratings": [
                {
                    "id": 5,
                    "title": "exceptional",
                    "count": 1,
                    "percent": 33.33
                },
                {
                    "id": 3,
                    "title": "meh",
                    "count": 1,
                    "percent": 33.33
                },
                {
                    "id": 1,
                    "title": "skip",
                    "count": 1,
                    "percent": 33.33
                }
            ],
            "ratings_count": 3,
            "reviews_text_count": 0,
            "added": 11,
            "added_by_status": {
                "yet": 3,
                "owned": 2,
                "beaten": 4,
                "toplay": 1,
                "dropped": 1
            },
            "metacritic": null,
            "suggestions_count": 638,
            "updated": "2019-01-09T12:41:06",
            "id": 41526,
            "score": null,
            "clip": null,
            "tags": [],
            "esrb_rating": null,
            "user_game": null,
            "reviews_count": 3,
            "community_rating": 0,
            "saturated_color": "0f0f0f",
            "dominant_color": "0f0f0f",
            "short_screenshots": [
                {
                    "id": -1,
                    "image": "https://media.rawg.io/media/screenshots/179/179b1f01f60a1fa7f8cddb282385d918.jpg"
                },
                {
                    "id": 596284,
                    "image": "https://media.rawg.io/media/screenshots/3e7/3e76e0f5cc6101eed0b5b82b274141d0.jpg"
                },
                {
                    "id": 596285,
                    "image": "https://media.rawg.io/media/screenshots/e57/e5746fdbb1e81a412b6ea9c99d24d8ff_oi49UaH.jpg"
                },
                {
                    "id": 596286,
                    "image": "https://media.rawg.io/media/screenshots/00f/00f8ff6bdb72d74fa420fd5a5a449824.jpg"
                },
                {
                    "id": 596287,
                    "image": "https://media.rawg.io/media/screenshots/481/481862ea6db5b29f20744fc6d7e45104.jpg"
                },
                {
                    "id": 596288,
                    "image": "https://media.rawg.io/media/screenshots/d07/d074d33ba57c12680e02ec5759277267.jpg"
                },
                {
                    "id": 596289,
                    "image": "https://media.rawg.io/media/screenshots/7da/7daf49cff573bc9119996874f64eadc3_pK4JGJO.jpg"
                }
            ],
            "parent_platforms": [
                {
                    "platform": {
                        "id": 1,
                        "name": "PC",
                        "slug": "pc"
                    }
                }
            ],
            "genres": [
                {
                    "id": 10,
                    "name": "Strategy",
                    "slug": "strategy"
                }
            ]
        },
        {
            "slug": "park-beyond",
            "name": "Park Beyond",
            "playtime": 9,
            "platforms": [
                {
                    "platform": {
                        "id": 4,
                        "name": "PC",
                        "slug": "pc"
                    }
                },
                {
                    "platform": {
                        "id": 187,
                        "name": "PlayStation 5",
                        "slug": "playstation5"
                    }
                },
                {
                    "platform": {
                        "id": 186,
                        "name": "Xbox Series S/X",
                        "slug": "xbox-series-x"
                    }
                }
            ],
            "stores": [
                {
                    "store": {
                        "id": 1,
                        "name": "Steam",
                        "slug": "steam"
                    }
                }
            ],
            "released": "2023-06-15",
            "tba": false,
            "background_image": "https://media.rawg.io/media/games/0fb/0fb4a4b16a8203558ef3d87650325385.jpeg",
            "rating": 0.0,
            "rating_top": 0,
            "ratings": [
                {
                    "id": 3,
                    "title": "meh",
                    "count": 1,
                    "percent": 50.0
                },
                {
                    "id": 1,
                    "title": "skip",
                    "count": 1,
                    "percent": 50.0
                }
            ],
            "ratings_count": 2,
            "reviews_text_count": 0,
            "added": 33,
            "added_by_status": {
                "yet": 5,
                "owned": 12,
                "beaten": 1,
                "toplay": 11,
                "dropped": 3,
                "playing": 1
            },
            "metacritic": null,
            "suggestions_count": 562,
            "updated": "2024-04-15T06:43:52",
            "id": 650612,
            "score": null,
            "clip": null,
            "tags": [
                {
                    "id": 31,
                    "name": "Singleplayer",
                    "slug": "singleplayer",
                    "language": "eng",
                    "games_count": 234962,
                    "image_background": "https://media.rawg.io/media/games/4a0/4a0a1316102366260e6f38fd2a9cfdce.jpg"
                },
                {
                    "id": 42396,
                    "name": "Для одного игрока",
                    "slug": "dlia-odnogo-igroka",
                    "language": "rus",
                    "games_count": 57883,
                    "image_background": "https://media.rawg.io/media/games/4be/4be6a6ad0364751a96229c56bf69be59.jpg"
                },
                {
                    "id": 40847,
                    "name": "Steam Achievements",
                    "slug": "steam-achievements",
                    "language": "eng",
                    "games_count": 43323,
                    "image_background": "https://media.rawg.io/media/games/8a0/8a02f84a5916ede2f923b88d5f8217ba.jpg"
                },
                {
                    "id": 40836,
                    "name": "Full controller support",
                    "slug": "full-controller-support",
                    "language": "eng",
                    "games_count": 20480,
                    "image_background": "https://media.rawg.io/media/games/b45/b45575f34285f2c4479c9a5f719d972e.jpg"
                },
                {
                    "id": 40849,
                    "name": "Steam Cloud",
                    "slug": "steam-cloud",
                    "language": "eng",
                    "games_count": 20841,
                    "image_background": "https://media.rawg.io/media/games/ee3/ee3e10193aafc3230ba1cae426967d10.jpg"
                },
                {
                    "id": 42421,
                    "name": "Стратегия",
                    "slug": "strategiia",
                    "language": "rus",
                    "games_count": 21212,
                    "image_background": "https://media.rawg.io/media/games/8bd/8bd24e3c15354a9555bb1437fe555a69.jpg"
                },
                {
                    "id": 42399,
                    "name": "Казуальная игра",
                    "slug": "kazualnaia-igra",
                    "language": "rus",
                    "games_count": 46645,
                    "image_background": "https://media.rawg.io/media/games/6d3/6d33014a4ed48a19c30a77ead5a0f62e.jpg"
                },
                {
                    "id": 42429,
                    "name": "От первого лица",
                    "slug": "ot-pervogo-litsa",
                    "language": "rus",
                    "games_count": 13086,
                    "image_background": "https://media.rawg.io/media/games/00d/00d374f12a3ab5f96c500a2cfa901e15.jpg"
                },
                {
                    "id": 8,
                    "name": "First-Person",
                    "slug": "first-person",
                    "language": "eng",
                    "games_count": 34007,
                    "image_background": "https://media.rawg.io/media/games/15c/15c95a4915f88a3e89c821526afe05fc.jpg"
                },
                {
                    "id": 42413,
                    "name": "Симулятор",
                    "slug": "simuliator",
                    "language": "rus",
                    "games_count": 21930,
                    "image_background": "https://media.rawg.io/media/games/c22/c22d804ac753c72f2617b3708a625dec.jpg"
                },
                {
                    "id": 42482,
                    "name": "Смешная",
                    "slug": "smeshnaia",
                    "language": "rus",
                    "games_count": 10504,
                    "image_background": "https://media.rawg.io/media/screenshots/f2f/f2f3c93d6153da7aee590f3ab8ccd803.jpg"
                },
                {
                    "id": 4,
                    "name": "Funny",
                    "slug": "funny",
                    "language": "eng",
                    "games_count": 26493,
                    "image_background": "https://media.rawg.io/media/games/10d/10d19e52e5e8415d16a4d344fe711874.jpg"
                },
                {
                    "id": 37,
                    "name": "Sandbox",
                    "slug": "sandbox",
                    "language": "eng",
                    "games_count": 7555,
                    "image_background": "https://media.rawg.io/media/games/5bb/5bb55ccb8205aadbb6a144cf6d8963f1.jpg"
                },
                {
                    "id": 42444,
                    "name": "Песочница",
                    "slug": "pesochnitsa",
                    "language": "rus",
                    "games_count": 4783,
                    "image_background": "https://media.rawg.io/media/games/13a/13a528ac9cf48bbb6be5d35fe029336d.jpg"
                },
                {
                    "id": 11669,
                    "name": "stats",
                    "slug": "stats",
                    "language": "eng",
                    "games_count": 5318,
                    "image_background": "https://media.rawg.io/media/games/388/388935d851846f8ec747fffc7c765800.jpg"
                },
                {
                    "id": 42562,
                    "name": "Для всей семьи",
                    "slug": "dlia-vsei-semi",
                    "language": "rus",
                    "games_count": 8964,
                    "image_background": "https://media.rawg.io/media/games/270/270b412b66688081497b3d70c100b208.jpg"
                },
                {
                    "id": 42601,
                    "name": "Цветастая",
                    "slug": "tsvetastaia",
                    "language": "rus",
                    "games_count": 16366,
                    "image_background": "https://media.rawg.io/media/games/f15/f15e1dbda32b588a981bbc6b222a4b4c.jpg"
                },
                {
                    "id": 107,
                    "name": "Family Friendly",
                    "slug": "family-friendly",
                    "language": "eng",
                    "games_count": 8774,
                    "image_background": "https://media.rawg.io/media/games/89a/89a700d3c6a76bd0610ca89ccd20da54.jpg"
                },
                {
                    "id": 165,
                    "name": "Colorful",
                    "slug": "colorful",
                    "language": "eng",
                    "games_count": 24923,
                    "image_background": "https://media.rawg.io/media/games/578/57885b9590c9a9f80ceea34d147a34c4.jpg"
                },
                {
                    "id": 571,
                    "name": "3D",
                    "slug": "3d",
                    "language": "eng",
                    "games_count": 87757,
                    "image_background": "https://media.rawg.io/media/games/2a5/2a5072e5b28e1653a10e4f931f1991af.jpg"
                },
                {
                    "id": 42553,
                    "name": "Строительство",
                    "slug": "stroitelstvo",
                    "language": "rus",
                    "games_count": 4061,
                    "image_background": "https://media.rawg.io/media/screenshots/2b9/2b9a49e89c1ba892a648620194dcf327.jpg"
                },
                {
                    "id": 39,
                    "name": "Building",
                    "slug": "building",
                    "language": "eng",
                    "games_count": 6696,
                    "image_background": "https://media.rawg.io/media/games/f46/f466571d536f2e3ea9e815ad17177501.jpg"
                },
                {
                    "id": 42564,
                    "name": "Расслабляющая",
                    "slug": "rasslabliaiushchaia",
                    "language": "rus",
                    "games_count": 10863,
                    "image_background": "https://media.rawg.io/media/screenshots/0f5/0f585fa72f534f62f9e5da051179f5de.jpg"
                },
                {
                    "id": 42551,
                    "name": "Менеджмент",
                    "slug": "menedzhment",
                    "language": "rus",
                    "games_count": 4213,
                    "image_background": "https://media.rawg.io/media/games/5c2/5c2b78d4ee2647849d0bfb5d772345c8.jpg"
                },
                {
                    "id": 40937,
                    "name": "Steam Trading Cards",
                    "slug": "steam-trading-cards-2",
                    "language": "eng",
                    "games_count": 719,
                    "image_background": "https://media.rawg.io/media/games/998/9980c4296f311d8bcc5b451ca51e4fe1.jpg"
                },
                {
                    "id": 67,
                    "name": "Management",
                    "slug": "management",
                    "language": "eng",
                    "games_count": 8160,
                    "image_background": "https://media.rawg.io/media/games/d1e/d1e70ce3762efcfc170c6bd067d7e9e3.jpg"
                },
                {
                    "id": 138,
                    "name": "Relaxing",
                    "slug": "relaxing",
                    "language": "eng",
                    "games_count": 18557,
                    "image_background": "https://media.rawg.io/media/screenshots/b4d/b4df87a9b3f9867d0bfd9c1910193008.jpg"
                },
                {
                    "id": 42571,
                    "name": "Мультипликация",
                    "slug": "multiplikatsiia",
                    "language": "rus",
                    "games_count": 7016,
                    "image_background": "https://media.rawg.io/media/games/c89/c89ca70716080733d03724277df2c6c7.jpg"
                },
                {
                    "id": 42631,
                    "name": "Управление ресурсами",
                    "slug": "upravlenie-resursami",
                    "language": "rus",
                    "games_count": 3142,
                    "image_background": "https://media.rawg.io/media/games/7e4/7e4e22b76da131e9690d5757555093c2.jpg"
                },
                {
                    "id": 164,
                    "name": "Cartoony",
                    "slug": "cartoony",
                    "language": "eng",
                    "games_count": 6957,
                    "image_background": "https://media.rawg.io/media/games/470/47058af09b864c2d211a08271eccfb4f.jpg"
                },
                {
                    "id": 42521,
                    "name": "Экономика",
                    "slug": "ekonomika",
                    "language": "rus",
                    "games_count": 1829,
                    "image_background": "https://media.rawg.io/media/games/5d5/5d5da5167163cc75f77b4c6b15ae865b.jpg"
                },
                {
                    "id": 147,
                    "name": "Resource Management",
                    "slug": "resource-management",
                    "language": "eng",
                    "games_count": 2984,
                    "image_background": "https://media.rawg.io/media/screenshots/02b/02b2367620982ae26d04ed51d5c35505_apw2ZVh.jpg"
                },
                {
                    "id": 195,
                    "name": "Economy",
                    "slug": "economy",
                    "language": "eng",
                    "games_count": 2656,
                    "image_background": "https://media.rawg.io/media/screenshots/02b/02b2367620982ae26d04ed51d5c35505_apw2ZVh.jpg"
                },
                {
                    "id": 179,
                    "name": "Cartoon",
                    "slug": "cartoon",
                    "language": "eng",
                    "games_count": 6687,
                    "image_background": "https://media.rawg.io/media/games/075/0753492cda7ee3c9bd4a3ca673fd0c8c.jpg"
                },
                {
                    "id": 213,
                    "name": "City Builder",
                    "slug": "city-builder",
                    "language": "eng",
                    "games_count": 2814,
                    "image_background": "https://media.rawg.io/media/screenshots/a1b/a1b9403d8d3cf05b383a7fb079b2f5e9.jpg"
                },
                {
                    "id": 70352,
                    "name": "Мультфильмы",
                    "slug": "multfilmy",
                    "language": "rus",
                    "games_count": 3425,
                    "image_background": "https://media.rawg.io/media/screenshots/ccb/ccb8e9ca457b2a41e9f27bcc1f02f5a3.jpg"
                },
                {
                    "id": 1500,
                    "name": "immersive",
                    "slug": "immersive",
                    "language": "eng",
                    "games_count": 1010,
                    "image_background": "https://media.rawg.io/media/games/8cb/8cbf9a1735ae48b70b9aba5f82ab56da.jpg"
                },
                {
                    "id": 66656,
                    "name": "Градостроение",
                    "slug": "gradostroenie",
                    "language": "rus",
                    "games_count": 1114,
                    "image_background": "https://media.rawg.io/media/screenshots/35e/35e72a4d7e9be35051f5e1df77edce75.jpg"
                },
                {
                    "id": 58140,
                    "name": "Иммерсивная игра",
                    "slug": "immersivnaia-igra",
                    "language": "rus",
                    "games_count": 337,
                    "image_background": "https://media.rawg.io/media/screenshots/9bf/9bfd312d33c00287db183cb199ce69d0.jpg"
                }
            ],
            "esrb_rating": {
                "id": 2,
                "name": "Everyone 10+",
                "slug": "everyone-10-plus",
                "name_en": "Everyone 10+",
                "name_ru": "С 10 лет"
            },
            "user_game": null,
            "reviews_count": 2,
            "community_rating": 0,
            "saturated_color": "0f0f0f",
            "dominant_color": "0f0f0f",
            "short_screenshots": [
                {
                    "id": -1,
                    "image": "https://media.rawg.io/media/games/0fb/0fb4a4b16a8203558ef3d87650325385.jpeg"
                },
                {
                    "id": 2981830,
                    "image": "https://media.rawg.io/media/screenshots/146/1466a68c898f5c5362082cd454a575ee.jpg"
                },
                {
                    "id": 2981831,
                    "image": "https://media.rawg.io/media/screenshots/086/08655d93bb91cf360a46efd3c37df80a.jpg"
                },
                {
                    "id": 3854133,
                    "image": "https://media.rawg.io/media/screenshots/205/2058733ebce90d305ae9618898290e51.jpg"
                },
                {
                    "id": 3854134,
                    "image": "https://media.rawg.io/media/screenshots/e57/e575b12ae2fb7484ebf92e9d7f59e815.jpg"
                },
                {
                    "id": 3854135,
                    "image": "https://media.rawg.io/media/screenshots/a82/a82e7650e47ec11f1368d3ddd31b021a.jpg"
                },
                {
                    "id": 3854136,
                    "image": "https://media.rawg.io/media/screenshots/7ae/7ae7467bd09b01db4aa9d786a69a0262.jpg"
                }
            ],
            "parent_platforms": [
                {
                    "platform": {
                        "id": 1,
                        "name": "PC",
                        "slug": "pc"
                    }
                },
                {
                    "platform": {
                        "id": 2,
                        "name": "PlayStation",
                        "slug": "playstation"
                    }
                },
                {
                    "platform": {
                        "id": 3,
                        "name": "Xbox",
                        "slug": "xbox"
                    }
                }
            ],
            "genres": [
                {
                    "id": 40,
                    "name": "Casual",
                    "slug": "casual"
                },
                {
                    "id": 10,
                    "name": "Strategy",
                    "slug": "strategy"
                },
                {
                    "id": 14,
                    "name": "Simulation",
                    "slug": "simulation"
                }
            ]
        },
        {
            "slug": "sacked",
            "name": "Sacked",
            "playtime": 0,
            "platforms": [
                {
                    "platform": {
                        "id": 4,
                        "name": "PC",
                        "slug": "pc"
                    }
                }
            ],
            "stores": null,
            "released": "2003-02-12",
            "tba": false,
            "background_image": "https://media.rawg.io/media/screenshots/1bc/1bc9e852d2c12af36fb2bc42b00d1e4b.jpg",
            "rating": 0.0,
            "rating_top": 0,
            "ratings": [
                {
                    "id": 4,
                    "title": "recommended",
                    "count": 1,
                    "percent": 100.0
                }
            ],
            "ratings_count": 1,
            "reviews_text_count": 0,
            "added": 6,
            "added_by_status": {
                "yet": 1,
                "owned": 2,
                "beaten": 1,
                "toplay": 1,
                "dropped": 1
            },
            "metacritic": null,
            "suggestions_count": 189,
            "updated": "2025-02-12T11:49:16",
            "id": 35109,
            "score": null,
            "clip": null,
            "tags": [],
            "esrb_rating": null,
            "user_game": null,
            "reviews_count": 1,
            "community_rating": 0,
            "saturated_color": "0f0f0f",
            "dominant_color": "0f0f0f",
            "short_screenshots": [
                {
                    "id": -1,
                    "image": "https://media.rawg.io/media/screenshots/1bc/1bc9e852d2c12af36fb2bc42b00d1e4b.jpg"
                },
                {
                    "id": 367507,
                    "image": "https://media.rawg.io/media/screenshots/aa3/aa3326cf5ee6332d72405d28a2a4dfe5.jpg"
                },
                {
                    "id": 367508,
                    "image": "https://media.rawg.io/media/screenshots/bdb/bdb11c686f5282e7508d494708f638ef.jpg"
                },
                {
                    "id": 367509,
                    "image": "https://media.rawg.io/media/screenshots/664/664c3d6a1e1e2ad0595cbc32704eb741.jpg"
                },
                {
                    "id": 367510,
                    "image": "https://media.rawg.io/media/screenshots/7dc/7dce212d68322219b7e67338a0aafa51.jpg"
                },
                {
                    "id": 367511,
                    "image": "https://media.rawg.io/media/screenshots/ae2/ae254b4ed7083624937f79dc259cdaea.jpg"
                },
                {
                    "id": 367512,
                    "image": "https://media.rawg.io/media/screenshots/fdb/fdbff9a245191ae60cfa24ef06883111.jpg"
                }
            ],
            "parent_platforms": [
                {
                    "platform": {
                        "id": 1,
                        "name": "PC",
                        "slug": "pc"
                    }
                }
            ],
            "genres": [
                {
                    "id": 11,
                    "name": "Arcade",
                    "slug": "arcade"
                }
            ]
        },
        {
            "slug": "pferd-pony-mein-pferdehof",
            "name": "Pferd & Pony: Mein Pferdehof",
            "playtime": 0,
            "platforms": [
                {
                    "platform": {
                        "id": 4,
                        "name": "PC",
                        "slug": "pc"
                    }
                }
            ],
            "stores": null,
            "released": "2003-10-01",
            "tba": false,
            "background_image": "https://media.rawg.io/media/screenshots/c7e/c7eae34749aa0a389a7b8b6e503d91ee.jpg",
            "rating": 0.0,
            "rating_top": 0,
            "ratings": [
                {
                    "id": 4,
                    "title": "recommended",
                    "count": 1,
                    "percent": 100.0
                }
            ],
            "ratings_count": 1,
            "reviews_text_count": 0,
            "added": 6,
            "added_by_status": {
                "yet": 1,
                "owned": 3,
                "toplay": 1,
                "playing": 1
            },
            "metacritic": null,
            "suggestions_count": 258,
            "updated": "2024-01-21T23:40:34",
            "id": 39090,
            "score": null,
            "clip": null,
            "tags": [],
            "esrb_rating": null,
            "user_game": null,
            "reviews_count": 1,
            "community_rating": 0,
            "saturated_color": "0f0f0f",
            "dominant_color": "0f0f0f",
            "short_screenshots": [
                {
                    "id": -1,
                    "image": "https://media.rawg.io/media/screenshots/c7e/c7eae34749aa0a389a7b8b6e503d91ee.jpg"
                },
                {
                    "id": 511926,
                    "image": "https://media.rawg.io/media/screenshots/91f/91febfd12666f5e552c7f35953689bc2_jJK2wE9.jpg"
                },
                {
                    "id": 511927,
                    "image": "https://media.rawg.io/media/screenshots/0cc/0cc22a061f0b0260096640c1494a3540.jpg"
                },
                {
                    "id": 511928,
                    "image": "https://media.rawg.io/media/screenshots/0c0/0c0ea6e54a9e433ed5850814ceab4295_Z1CHlTf.jpg"
                },
                {
                    "id": 511929,
                    "image": "https://media.rawg.io/media/screenshots/c94/c94f4971372896288102c134326fedb2.jpg"
                },
                {
                    "id": 511930,
                    "image": "https://media.rawg.io/media/screenshots/cee/ceea5a54afc84af1722f9040b49c51f4.jpg"
                },
                {
                    "id": 511931,
                    "image": "https://media.rawg.io/media/screenshots/c7e/c7eae34749aa0a389a7b8b6e503d91ee.jpg"
                }
            ],
            "parent_platforms": [
                {
                    "platform": {
                        "id": 1,
                        "name": "PC",
                        "slug": "pc"
                    }
                }
            ],
            "genres": [
                {
                    "id": 1,
                    "name": "Racing",
                    "slug": "racing"
                },
                {
                    "id": 10,
                    "name": "Strategy",
                    "slug": "strategy"
                }
            ]
        },
        {
            "slug": "black-prophecy-tactics-nexus-conflict",
            "name": "Black Prophecy Tactics: Nexus Conflict",
            "playtime": 0,
            "platforms": [
                {
                    "platform": {
                        "id": 4,
                        "name": "PC",
                        "slug": "pc"
                    }
                }
            ],
            "stores": null,
            "released": null,
            "tba": false,
            "background_image": "https://media.rawg.io/media/screenshots/682/682f19b43a7913e1ce63a81bc003ff40.jpg",
            "rating": 0.0,
            "rating_top": 0,
            "ratings": [],
            "ratings_count": 0,
            "reviews_text_count": 0,
            "added": 0,
            "added_by_status": null,
            "metacritic": null,
            "suggestions_count": 297,
            "updated": "2019-01-09T12:41:06",
            "id": 41320,
            "score": null,
            "clip": null,
            "tags": [],
            "esrb_rating": null,
            "user_game": null,
            "reviews_count": 0,
            "community_rating": 0,
            "saturated_color": "0f0f0f",
            "dominant_color": "0f0f0f",
            "short_screenshots": [
                {
                    "id": -1,
                    "image": "https://media.rawg.io/media/screenshots/682/682f19b43a7913e1ce63a81bc003ff40.jpg"
                },
                {
                    "id": 589767,
                    "image": "https://media.rawg.io/media/screenshots/569/5693145c079e3660d17e5bab983ccbfc.jpg"
                },
                {
                    "id": 589768,
                    "image": "https://media.rawg.io/media/screenshots/6c2/6c2cb4c7b9ceef28b75a24629feb55e8.jpg"
                },
                {
                    "id": 589769,
                    "image": "https://media.rawg.io/media/screenshots/ca8/ca82e4c98c8f5ca3a3bf55321fab2f86.jpg"
                },
                {
                    "id": 589770,
                    "image": "https://media.rawg.io/media/screenshots/1bc/1bc43babe5005148b8e19fa9b416d586.jpg"
                },
                {
                    "id": 589771,
                    "image": "https://media.rawg.io/media/screenshots/42e/42e980a94daa3c7347cdec6ec5cc0df3.jpg"
                },
                {
                    "id": 589772,
                    "image": "https://media.rawg.io/media/screenshots/940/940c9c3f9fa2aa8658b911afb32c195a.jpg"
                }
            ],
            "parent_platforms": [
                {
                    "platform": {
                        "id": 1,
                        "name": "PC",
                        "slug": "pc"
                    }
                }
            ],
            "genres": [
                {
                    "id": 10,
                    "name": "Strategy",
                    "slug": "strategy"
                },
                {
                    "id": 59,
                    "name": "Massively Multiplayer",
                    "slug": "massively-multiplayer"
                }
            ]
        },
        {
            "slug": "tv-giant",
            "name": "TV Giant",
            "playtime": 0,
            "platforms": [
                {
                    "platform": {
                        "id": 4,
                        "name": "PC",
                        "slug": "pc"
                    }
                }
            ],
            "stores": null,
            "released": "2007-06-01",
            "tba": false,
            "background_image": "https://media.rawg.io/media/screenshots/fb6/fb6a5772a2fe41dad62a823122363c85.jpg",
            "rating": 0.0,
            "rating_top": 0,
            "ratings": [],
            "ratings_count": 0,
            "reviews_text_count": 0,
            "added": 1,
            "added_by_status": {
                "owned": 1
            },
            "metacritic": null,
            "suggestions_count": 418,
            "updated": "2019-01-09T12:41:06",
            "id": 37999,
            "score": null,
            "clip": null,
            "tags": [],
            "esrb_rating": null,
            "user_game": null,
            "reviews_count": 0,
            "community_rating": 0,
            "saturated_color": "0f0f0f",
            "dominant_color": "0f0f0f",
            "short_screenshots": [
                {
                    "id": -1,
                    "image": "https://media.rawg.io/media/screenshots/fb6/fb6a5772a2fe41dad62a823122363c85.jpg"
                },
                {
                    "id": 474668,
                    "image": "https://media.rawg.io/media/screenshots/a60/a60baec384e0cf25840e2473473e6649.jpg"
                },
                {
                    "id": 474669,
                    "image": "https://media.rawg.io/media/screenshots/dcd/dcd60da5fe77f9a5ce4e57f7a13b20bf.jpg"
                },
                {
                    "id": 474670,
                    "image": "https://media.rawg.io/media/screenshots/30a/30a5dfebc67d907358add33663ea26a1.jpg"
                },
                {
                    "id": 474671,
                    "image": "https://media.rawg.io/media/screenshots/310/310d19cc3ea3021e93db913151168039.jpg"
                },
                {
                    "id": 474672,
                    "image": "https://media.rawg.io/media/screenshots/bac/bac0c3cb8ee2cd1de4f0e4d43bc1b6a3.jpg"
                },
                {
                    "id": 474673,
                    "image": "https://media.rawg.io/media/screenshots/a57/a571b701555e12f8baf1894b3778ae03.jpg"
                }
            ],
            "parent_platforms": [
                {
                    "platform": {
                        "id": 1,
                        "name": "PC",
                        "slug": "pc"
                    }
                }
            ],
            "genres": [
                {
                    "id": 10,
                    "name": "Strategy",
                    "slug": "strategy"
                }
            ]
        }
    ],
    "user_platforms": false
}