{
    "count": 2,
    "next": null,
    "previous": null,
    "results": [
        {
            "slug": "minecraft-legends",
            "name": "Minecraft Legends",
            "playtime": 2,
            "platforms": [
                {
                    "platform": {
                        "id": 4,
                        "name": "PC",
                        "slug": "pc"
                    }
                },
                {
                    "platform": {
                        "id": 187,
                        "name": "PlayStation 5",
                        "slug": "playstation5"
                    }
                },
                {
                    "platform": {
                        "id": 1,
                        "name": "Xbox One",
                        "slug": "xbox-one"
                    }
                },
                {
                    "platform": {
                        "id": 18,
                        "name": "PlayStation 4",
                        "slug": "playstation4"
                    }
                },
                {
                    "platform": {
                        "id": 186,
                        "name": "Xbox Series S/X",
                        "slug": "xbox-series-x"
                    }
                },
                {
                    "platform": {
                        "id": 7,
                        "name": "Nintendo Switch",
                        "slug": "nintendo-switch"
                    }
                }
            ],
            "stores": [
                {
                    "store": {
                        "id": 1,
                        "name": "Steam",
                        "slug": "steam"
                    }
                },
                {
                    "store": {
                        "id": 6,
                        "name": "Nintendo Store",
                        "slug": "nintendo"
                    }
                }
            ],
            "released": "2023-04-18",
            "tba": false,
            "background_image": "https://media.rawg.io/media/games/a52/a52652c3f5e666bf0c16797ba175b034.jpg",
            "rating": 2.47,
            "rating_top": 3,
            "ratings": [
                {
                    "id": 3,
                    "title": "meh",
                    "count": 19,
                    "percent": 52.78
                },
                {
                    "id": 1,
                    "title": "skip",
                    "count": 12,
                    "percent": 33.33
                },
                {
                    "id": 4,
                    "title": "recommended",
                    "count": 5,
                    "percent": 13.89
                }
            ],
            "ratings_count": 36,
            "reviews_text_count": 0,
            "added": 197,
            "added_by_status": {
                "yet": 20,
                "owned": 91,
                "beaten": 11,
                "toplay": 31,
                "dropped": 38,
                "playing": 6
            },
            "metacritic": null,
            "suggestions_count": 212,
            "updated": "2025-02-25T08:30:39",
            "id": 801512,
            "score": null,
            "clip": null,
            "tags": [
                {
                    "id": 31,
                    "name": "Singleplayer",
                    "slug": "singleplayer",
                    "language": "eng",
                    "games_count": 236399,
                    "image_background": "https://media.rawg.io/media/games/20a/20aa03a10cda45239fe22d035c0ebe64.jpg"
                },
                {
                    "id": 42396,
                    "name": "Для одного игрока",
                    "slug": "dlia-odnogo-igroka",
                    "language": "rus",
                    "games_count": 59009,
                    "image_background": "https://media.rawg.io/media/games/b7b/b7b8381707152afc7d91f5d95de70e39.jpg"
                },
                {
                    "id": 42417,
                    "name": "Экшен",
                    "slug": "ekshen",
                    "language": "rus",
                    "games_count": 44970,
                    "image_background": "https://media.rawg.io/media/games/4a0/4a0a1316102366260e6f38fd2a9cfdce.jpg"
                },
                {
                    "id": 42392,
                    "name": "Приключение",
                    "slug": "prikliuchenie",
                    "language": "rus",
                    "games_count": 43223,
                    "image_background": "https://media.rawg.io/media/games/d1a/d1a2e99ade53494c6330a0ed945fe823.jpg"
                },
                {
                    "id": 7,
                    "name": "Multiplayer",
                    "slug": "multiplayer",
                    "language": "eng",
                    "games_count": 40195,
                    "image_background": "https://media.rawg.io/media/games/6c5/6c55e22185876626881b76c11922b073.jpg"
                },
                {
                    "id": 42425,
                    "name": "Для нескольких игроков",
                    "slug": "dlia-neskolkikh-igrokov",
                    "language": "rus",
                    "games_count": 11306,
                    "image_background": "https://media.rawg.io/media/games/6fc/6fcf4cd3b17c288821388e6085bb0fc9.jpg"
                },
                {
                    "id": 18,
                    "name": "Co-op",
                    "slug": "co-op",
                    "language": "eng",
                    "games_count": 12942,
                    "image_background": "https://media.rawg.io/media/games/713/713269608dc8f2f40f5a670a14b2de94.jpg"
                },
                {
                    "id": 42442,
                    "name": "Открытый мир",
                    "slug": "otkrytyi-mir",
                    "language": "rus",
                    "games_count": 6555,
                    "image_background": "https://media.rawg.io/media/games/e6d/e6de699bd788497f4b52e2f41f9698f2.jpg"
                },
                {
                    "id": 36,
                    "name": "Open World",
                    "slug": "open-world",
                    "language": "eng",
                    "games_count": 8369,
                    "image_background": "https://media.rawg.io/media/games/4a0/4a0a1316102366260e6f38fd2a9cfdce.jpg"
                },
                {
                    "id": 42421,
                    "name": "Стратегия",
                    "slug": "strategiia",
                    "language": "rus",
                    "games_count": 21532,
                    "image_background": "https://media.rawg.io/media/games/1bd/1bd2657b81eb0c99338120ad444b24ff.jpg"
                },
                {
                    "id": 411,
                    "name": "cooperative",
                    "slug": "cooperative",
                    "language": "eng",
                    "games_count": 5738,
                    "image_background": "https://media.rawg.io/media/games/f87/f87457e8347484033cb34cde6101d08d.jpg"
                },
                {
                    "id": 16,
                    "name": "Horror",
                    "slug": "horror",
                    "language": "eng",
                    "games_count": 46678,
                    "image_background": "https://media.rawg.io/media/games/587/587588c64afbff80e6f444eb2e46f9da.jpg"
                },
                {
                    "id": 9,
                    "name": "Online Co-Op",
                    "slug": "online-co-op",
                    "language": "eng",
                    "games_count": 6584,
                    "image_background": "https://media.rawg.io/media/games/0bd/0bd5646a3d8ee0ac3314bced91ea306d.jpg"
                },
                {
                    "id": 42480,
                    "name": "Фэнтези",
                    "slug": "fentezi",
                    "language": "rus",
                    "games_count": 14019,
                    "image_background": "https://media.rawg.io/media/screenshots/c97/c97b943741f5fbc936fe054d9d58851d.jpg"
                },
                {
                    "id": 64,
                    "name": "Fantasy",
                    "slug": "fantasy",
                    "language": "eng",
                    "games_count": 30264,
                    "image_background": "https://media.rawg.io/media/games/6cd/6cd653e0aaef5ff8bbd295bf4bcb12eb.jpg"
                },
                {
                    "id": 42416,
                    "name": "Контроллер",
                    "slug": "kontroller",
                    "language": "rus",
                    "games_count": 7628,
                    "image_background": "https://media.rawg.io/media/games/85c/85c8ae70e7cdf0105f06ef6bdce63b8b.jpg"
                },
                {
                    "id": 42436,
                    "name": "Тактика",
                    "slug": "taktika",
                    "language": "rus",
                    "games_count": 4411,
                    "image_background": "https://media.rawg.io/media/games/16b/16b1b7b36e2042d1128d5a3e852b3b2f.jpg"
                },
                {
                    "id": 115,
                    "name": "Controller",
                    "slug": "controller",
                    "language": "eng",
                    "games_count": 13182,
                    "image_background": "https://media.rawg.io/media/games/27b/27b02ffaab6b250cc31bf43baca1fc34.jpg"
                },
                {
                    "id": 80,
                    "name": "Tactical",
                    "slug": "tactical",
                    "language": "eng",
                    "games_count": 5784,
                    "image_background": "https://media.rawg.io/media/games/9af/9af24c1886e2c7b52a4a2c65aa874638.jpg"
                },
                {
                    "id": 157,
                    "name": "PvP",
                    "slug": "pvp",
                    "language": "eng",
                    "games_count": 10614,
                    "image_background": "https://media.rawg.io/media/games/1a1/1a17e9b6286edb7e1f1e510110ccb0c0.jpg"
                },
                {
                    "id": 42562,
                    "name": "Для всей семьи",
                    "slug": "dlia-vsei-semi",
                    "language": "rus",
                    "games_count": 9137,
                    "image_background": "https://media.rawg.io/media/games/37a/37a9536e92cf8fe3b60045aa75dbd41f.jpg"
                },
                {
                    "id": 42434,
                    "name": "Игрок против игрока",
                    "slug": "igrok-protiv-igroka",
                    "language": "rus",
                    "games_count": 6091,
                    "image_background": "https://media.rawg.io/media/games/179/179245a3693049a11a25b900ab18f8f7.jpg"
                },
                {
                    "id": 42530,
                    "name": "Кастомизация персонажа",
                    "slug": "kastomizatsiia-personazha",
                    "language": "rus",
                    "games_count": 4861,
                    "image_background": "https://media.rawg.io/media/games/424/424facd40f4eb1f2794fe4b4bb28a277.jpg"
                },
                {
                    "id": 121,
                    "name": "Character Customization",
                    "slug": "character-customization",
                    "language": "eng",
                    "games_count": 5633,
                    "image_background": "https://media.rawg.io/media/games/f54/f54e9fb2f4aac37810ea1a69a3e4480a.jpg"
                },
                {
                    "id": 107,
                    "name": "Family Friendly",
                    "slug": "family-friendly",
                    "language": "eng",
                    "games_count": 8947,
                    "image_background": "https://media.rawg.io/media/games/37a/37a9536e92cf8fe3b60045aa75dbd41f.jpg"
                },
                {
                    "id": 1465,
                    "name": "combat",
                    "slug": "combat",
                    "language": "eng",
                    "games_count": 14130,
                    "image_background": "https://media.rawg.io/media/games/de6/de66bc4c72b45c3bb906c85d0628112d.jpg"
                },
                {
                    "id": 42576,
                    "name": "Изометрия",
                    "slug": "izometriia",
                    "language": "rus",
                    "games_count": 2391,
                    "image_background": "https://media.rawg.io/media/games/b17/b175178f8842276b8b18b339fe3146a1.jpg"
                },
                {
                    "id": 99,
                    "name": "Isometric",
                    "slug": "isometric",
                    "language": "eng",
                    "games_count": 4855,
                    "image_background": "https://media.rawg.io/media/games/920/92039cd19460532b76f6244b2bb3e4ac.jpg"
                },
                {
                    "id": 42503,
                    "name": "Стратегия в реальном времени",
                    "slug": "strategiia-v-realnom-vremeni",
                    "language": "rus",
                    "games_count": 2171,
                    "image_background": "https://media.rawg.io/media/games/fcf/fcf81e19683092d40d519a6d6a9bcf6e.jpg"
                },
                {
                    "id": 168,
                    "name": "RTS",
                    "slug": "rts",
                    "language": "eng",
                    "games_count": 2625,
                    "image_background": "https://media.rawg.io/media/games/fcf/fcf81e19683092d40d519a6d6a9bcf6e.jpg"
                },
                {
                    "id": 58127,
                    "name": "Бой",
                    "slug": "boi-2",
                    "language": "rus",
                    "games_count": 8978,
                    "image_background": "https://media.rawg.io/media/screenshots/120/120d930368bc171c42f9caab94e33c65.jpg"
                },
                {
                    "id": 70351,
                    "name": "Сетевой кооператив",
                    "slug": "setevoi-kooperativ",
                    "language": "rus",
                    "games_count": 2250,
                    "image_background": "https://media.rawg.io/media/games/bde/bdef96f7782fba0ff62dabc37ff4b1f0.jpg"
                },
                {
                    "id": 42659,
                    "name": "Совместная кампания",
                    "slug": "sovmestnaia-kampaniia",
                    "language": "rus",
                    "games_count": 473,
                    "image_background": "https://media.rawg.io/media/games/9b7/9b7cef5245bdfe624dd222051ff58121.jpg"
                },
                {
                    "id": 163,
                    "name": "Co-op Campaign",
                    "slug": "co-op-campaign",
                    "language": "eng",
                    "games_count": 451,
                    "image_background": "https://media.rawg.io/media/games/70a/70a009eae06ac608b9d8274125e68bb4.jpg"
                },
                {
                    "id": 282,
                    "name": "Tutorial",
                    "slug": "tutorial",
                    "language": "eng",
                    "games_count": 2522,
                    "image_background": "https://media.rawg.io/media/screenshots/076/0762e88a4eac9a554ede9d722bfb5522.jpg"
                },
                {
                    "id": 42583,
                    "name": "Обучение",
                    "slug": "obuchenie",
                    "language": "rus",
                    "games_count": 1737,
                    "image_background": "https://media.rawg.io/media/screenshots/94c/94cae6d3851bf90083914ba3ada3ca28.jpg"
                },
                {
                    "id": 91149,
                    "name": "單人",
                    "slug": "dan-ren-2",
                    "language": "eng",
                    "games_count": 3,
                    "image_background": "https://media.rawg.io/media/screenshots/8ef/8ef88550703774ed3935ba67b6caa5e6.jpg"
                },
                {
                    "id": 91154,
                    "name": "完全支援控制器",
                    "slug": "wan-quan-zhi-yuan-kong-zhi-qi",
                    "language": "eng",
                    "games_count": 2,
                    "image_background": "https://media.rawg.io/media/games/a52/a52652c3f5e666bf0c16797ba175b034.jpg"
                },
                {
                    "id": 79966,
                    "name": "合作",
                    "slug": "he-zuo",
                    "language": "eng",
                    "games_count": 3,
                    "image_background": "https://media.rawg.io/media/games/a52/a52652c3f5e666bf0c16797ba175b034.jpg"
                },
                {
                    "id": 79963,
                    "name": "多人",
                    "slug": "duo-ren",
                    "language": "eng",
                    "games_count": 3,
                    "image_background": "https://media.rawg.io/media/games/4a1/4a1fb1b4485cefc6de42eb6dd0559577.jpg"
                },
                {
                    "id": 91150,
                    "name": "玩家對戰",
                    "slug": "wan-jia-dui-zhan-2",
                    "language": "eng",
                    "games_count": 1,
                    "image_background": "https://media.rawg.io/media/games/a52/a52652c3f5e666bf0c16797ba175b034.jpg"
                },
                {
                    "id": 91151,
                    "name": "線上玩家對戰",
                    "slug": "xian-shang-wan-jia-dui-zhan-2",
                    "language": "eng",
                    "games_count": 1,
                    "image_background": "https://media.rawg.io/media/games/a52/a52652c3f5e666bf0c16797ba175b034.jpg"
                },
                {
                    "id": 91152,
                    "name": "線上合作",
                    "slug": "xian-shang-he-zuo",
                    "language": "eng",
                    "games_count": 1,
                    "image_background": "https://media.rawg.io/media/games/a52/a52652c3f5e666bf0c16797ba175b034.jpg"
                },
                {
                    "id": 91153,
                    "name": "跨平台多人連線",
                    "slug": "kua-ping-tai-duo-ren-lian-xian",
                    "language": "eng",
                    "games_count": 1,
                    "image_background": "https://media.rawg.io/media/games/a52/a52652c3f5e666bf0c16797ba175b034.jpg"
                }
            ],
            "esrb_rating": null,
            "user_game": null,
            "reviews_count": 36,
            "saturated_color": "0f0f0f",
            "dominant_color": "0f0f0f",
            "short_screenshots": [
                {
                    "id": -1,
                    "image": "https://media.rawg.io/media/games/a52/a52652c3f5e666bf0c16797ba175b034.jpg"
                },
                {
                    "id": 3419535,
                    "image": "https://media.rawg.io/media/screenshots/bad/bad8d84ad6fb87d7abf4401bf6bbe984.jpg"
                },
                {
                    "id": 3419538,
                    "image": "https://media.rawg.io/media/screenshots/dcd/dcd0d11ed55d561a5838146dc7ac8d34.jpg"
                },
                {
                    "id": 3419542,
                    "image": "https://media.rawg.io/media/screenshots/615/61579edb6ab9993ce42035a5fedfb6c6.jpg"
                },
                {
                    "id": 3419546,
                    "image": "https://media.rawg.io/media/screenshots/6c2/6c2b4eac131a9edf0257969657ec0d17.jpg"
                },
                {
                    "id": 3419548,
                    "image": "https://media.rawg.io/media/screenshots/fb7/fb759c0afcd7de87c72e14a59cb2a330.jpg"
                }
            ],
            "parent_platforms": [
                {
                    "platform": {
                        "id": 1,
                        "name": "PC",
                        "slug": "pc"
                    }
                },
                {
                    "platform": {
                        "id": 2,
                        "name": "PlayStation",
                        "slug": "playstation"
                    }
                },
                {
                    "platform": {
                        "id": 3,
                        "name": "Xbox",
                        "slug": "xbox"
                    }
                },
                {
                    "platform": {
                        "id": 7,
                        "name": "Nintendo",
                        "slug": "nintendo"
                    }
                }
            ],
            "genres": [
                {
                    "id": 3,
                    "name": "Adventure",
                    "slug": "adventure"
                }
            ]
        },
        {
            "slug": "minecraft-apk-2024-mediafire-descargar-mejor-versi",
            "name": "Minecraft APK 2024 mediafire Descargar Mejor Versión gratis",
            "playtime": 0,
            "platforms": null,
            "stores": null,
            "released": "2024-06-25",
            "tba": false,
            "background_image": null,
            "rating": 0.0,
            "rating_top": 0,
            "ratings": [],
            "ratings_count": 0,
            "reviews_text_count": 0,
            "added": 0,
            "added_by_status": null,
            "metacritic": null,
            "suggestions_count": 0,
            "updated": "2024-06-25T07:14:50",
            "id": 984209,
            "score": null,
            "clip": null,
            "tags": null,
            "esrb_rating": null,
            "user_game": null,
            "reviews_count": 0,
            "community_rating": 0,
            "saturated_color": "0f0f0f",
            "dominant_color": "0f0f0f",
            "short_screenshots": null,
            "genres": [
                {
                    "id": 11,
                    "name": "Arcade",
                    "slug": "arcade"
                },
                {
                    "id": 3,
                    "name": "Adventure",
                    "slug": "adventure"
                },
                {
                    "id": 4,
                    "name": "Action",
                    "slug": "action"
                }
            ]
        }
    ],
    "user_platforms": false
}