{
    "count": 28,
    "next": "https://api.rawg.io/api/games?developers=13071&key=6144c1f5ae184e6a89a3e2b34caf541c&ordering=-rating&page=2&page_size=10",
    "previous": null,
    "results": [
        {
            "slug": "the-last-of-us-remastered",
            "name": "The Last Of Us Remastered",
            "playtime": 16,
            "platforms": [
                {
                    "platform": {
                        "id": 18,
                        "name": "PlayStation 4",
                        "slug": "playstation4"
                    }
                }
            ],
            "stores": [
                {
                    "store": {
                        "id": 3,
                        "name": "PlayStation Store",
                        "slug": "playstation-store"
                    }
                }
            ],
            "released": "2014-07-29",
            "tba": false,
            "background_image": "https://media.rawg.io/media/games/364/3642d850efb217c58feab80b8affaa89.jpg",
            "rating": 4.69,
            "rating_top": 5,
            "ratings": [
                {
                    "id": 5,
                    "title": "exceptional",
                    "count": 2200,
                    "percent": 77.03
                },
                {
                    "id": 4,
                    "title": "recommended",
                    "count": 509,
                    "percent": 17.82
                },
                {
                    "id": 3,
                    "title": "meh",
                    "count": 108,
                    "percent": 3.78
                },
                {
                    "id": 1,
                    "title": "skip",
                    "count": 39,
                    "percent": 1.37
                }
            ],
            "ratings_count": 2827,
            "reviews_text_count": 20,
            "added": 8914,
            "added_by_status": {
                "yet": 261,
                "owned": 5466,
                "beaten": 2577,
                "toplay": 230,
                "dropped": 214,
                "playing": 166
            },
            "metacritic": 95,
            "suggestions_count": 483,
            "updated": "2025-03-10T20:09:47",
            "id": 3636,
            "score": null,
            "clip": null,
            "tags": [
                {
                    "id": 7,
                    "name": "Multiplayer",
                    "slug": "multiplayer",
                    "language": "eng",
                    "games_count": 40265,
                    "image_background": "https://media.rawg.io/media/games/021/021c4e21a1824d2526f925eff6324653.jpg"
                },
                {
                    "id": 13,
                    "name": "Atmospheric",
                    "slug": "atmospheric",
                    "language": "eng",
                    "games_count": 36334,
                    "image_background": "https://media.rawg.io/media/games/b45/b45575f34285f2c4479c9a5f719d972e.jpg"
                },
                {
                    "id": 1,
                    "name": "Survival",
                    "slug": "survival",
                    "language": "eng",
                    "games_count": 9760,
                    "image_background": "https://media.rawg.io/media/games/d82/d82990b9c67ba0d2d09d4e6fa88885a7.jpg"
                },
                {
                    "id": 15,
                    "name": "Stealth",
                    "slug": "stealth",
                    "language": "eng",
                    "games_count": 6675,
                    "image_background": "https://media.rawg.io/media/games/364/3642d850efb217c58feab80b8affaa89.jpg"
                },
                {
                    "id": 69,
                    "name": "Action-Adventure",
                    "slug": "action-adventure",
                    "language": "eng",
                    "games_count": 18751,
                    "image_background": "https://media.rawg.io/media/games/c50/c5085506fe4b5e20fc7aa5ace842c20b.jpg"
                },
                {
                    "id": 97,
                    "name": "Action RPG",
                    "slug": "action-rpg",
                    "language": "eng",
                    "games_count": 7860,
                    "image_background": "https://media.rawg.io/media/games/7cf/7cfc9220b401b7a300e409e539c9afd5.jpg"
                },
                {
                    "id": 63,
                    "name": "Zombies",
                    "slug": "zombies",
                    "language": "eng",
                    "games_count": 10762,
                    "image_background": "https://media.rawg.io/media/games/56e/56ed40948bebaf1968234aa6e3c74771.jpg"
                },
                {
                    "id": 37796,
                    "name": "exclusive",
                    "slug": "exclusive",
                    "language": "eng",
                    "games_count": 4491,
                    "image_background": "https://media.rawg.io/media/games/f24/f2493ea338fe7bd3c7d73750a85a0959.jpeg"
                },
                {
                    "id": 478,
                    "name": "3rd-Person Perspective",
                    "slug": "3rd-person-perspective",
                    "language": "eng",
                    "games_count": 87,
                    "image_background": "https://media.rawg.io/media/games/21c/21cc15d233117c6809ec86870559e105.jpg"
                }
            ],
            "esrb_rating": {
                "id": 4,
                "name": "Mature",
                "slug": "mature",
                "name_en": "Mature",
                "name_ru": "С 17 лет"
            },
            "user_game": null,
            "reviews_count": 2856,
            "saturated_color": "0f0f0f",
            "dominant_color": "0f0f0f",
            "short_screenshots": [
                {
                    "id": -1,
                    "image": "https://media.rawg.io/media/games/364/3642d850efb217c58feab80b8affaa89.jpg"
                },
                {
                    "id": 208251,
                    "image": "https://media.rawg.io/media/screenshots/5a7/5a74e852355169e1767f3b59d5488829.jpeg"
                },
                {
                    "id": 208252,
                    "image": "https://media.rawg.io/media/screenshots/a4b/a4b8e8d4d56d1889f76872da7364e406.jpeg"
                },
                {
                    "id": 208253,
                    "image": "https://media.rawg.io/media/screenshots/1ba/1babd5640e3eed7646b6f2834daab303.jpeg"
                },
                {
                    "id": 208254,
                    "image": "https://media.rawg.io/media/screenshots/9ce/9ce9018611e2931782b87ef8b4bcd012.jpeg"
                },
                {
                    "id": 208255,
                    "image": "https://media.rawg.io/media/screenshots/5c9/5c9c1f58a945bb06f5467587a9d6d0e4.jpeg"
                },
                {
                    "id": 208256,
                    "image": "https://media.rawg.io/media/screenshots/6ea/6ea8e1f3d812f7218f9205c1dd658147.jpeg"
                }
            ],
            "parent_platforms": [
                {
                    "platform": {
                        "id": 2,
                        "name": "PlayStation",
                        "slug": "playstation"
                    }
                }
            ],
            "genres": [
                {
                    "id": 3,
                    "name": "Adventure",
                    "slug": "adventure"
                },
                {
                    "id": 4,
                    "name": "Action",
                    "slug": "action"
                }
            ]
        },
        {
            "slug": "the-last-of-us-part-i",
            "name": "The Last of Us Part I",
            "playtime": 14,
            "platforms": [
                {
                    "platform": {
                        "id": 4,
                        "name": "PC",
                        "slug": "pc"
                    }
                },
                {
                    "platform": {
                        "id": 187,
                        "name": "PlayStation 5",
                        "slug": "playstation5"
                    }
                }
            ],
            "stores": [
                {
                    "store": {
                        "id": 1,
                        "name": "Steam",
                        "slug": "steam"
                    }
                },
                {
                    "store": {
                        "id": 3,
                        "name": "PlayStation Store",
                        "slug": "playstation-store"
                    }
                },
                {
                    "store": {
                        "id": 11,
                        "name": "Epic Games",
                        "slug": "epic-games"
                    }
                }
            ],
            "released": "2022-09-02",
            "tba": false,
            "background_image": "https://media.rawg.io/media/games/71d/71df9e759b2246f9769126c98ac997fc.jpg",
            "rating": 4.66,
            "rating_top": 5,
            "ratings": [
                {
                    "id": 5,
                    "title": "exceptional",
                    "count": 315,
                    "percent": 75.36
                },
                {
                    "id": 4,
                    "title": "recommended",
                    "count": 79,
                    "percent": 18.9
                },
                {
                    "id": 3,
                    "title": "meh",
                    "count": 17,
                    "percent": 4.07
                },
                {
                    "id": 1,
                    "title": "skip",
                    "count": 7,
                    "percent": 1.67
                }
            ],
            "ratings_count": 404,
            "reviews_text_count": 9,
            "added": 1578,
            "added_by_status": {
                "yet": 142,
                "owned": 466,
                "beaten": 506,
                "toplay": 379,
                "dropped": 46,
                "playing": 39
            },
            "metacritic": null,
            "suggestions_count": 574,
            "updated": "2025-03-20T02:42:50",
            "id": 799265,
            "score": null,
            "clip": null,
            "tags": [
                {
                    "id": 31,
                    "name": "Singleplayer",
                    "slug": "singleplayer",
                    "language": "eng",
                    "games_count": 236808,
                    "image_background": "https://media.rawg.io/media/games/4be/4be6a6ad0364751a96229c56bf69be59.jpg"
                },
                {
                    "id": 42396,
                    "name": "Для одного игрока",
                    "slug": "dlia-odnogo-igroka",
                    "language": "rus",
                    "games_count": 59339,
                    "image_background": "https://media.rawg.io/media/games/49c/49c3dfa4ce2f6f140cc4825868e858cb.jpg"
                },
                {
                    "id": 42417,
                    "name": "Экшен",
                    "slug": "ekshen",
                    "language": "rus",
                    "games_count": 45143,
                    "image_background": "https://media.rawg.io/media/games/b45/b45575f34285f2c4479c9a5f719d972e.jpg"
                },
                {
                    "id": 42392,
                    "name": "Приключение",
                    "slug": "prikliuchenie",
                    "language": "rus",
                    "games_count": 43383,
                    "image_background": "https://media.rawg.io/media/games/d82/d82990b9c67ba0d2d09d4e6fa88885a7.jpg"
                },
                {
                    "id": 40847,
                    "name": "Steam Achievements",
                    "slug": "steam-achievements",
                    "language": "eng",
                    "games_count": 44261,
                    "image_background": "https://media.rawg.io/media/games/b8c/b8c243eaa0fbac8115e0cdccac3f91dc.jpg"
                },
                {
                    "id": 7,
                    "name": "Multiplayer",
                    "slug": "multiplayer",
                    "language": "eng",
                    "games_count": 40265,
                    "image_background": "https://media.rawg.io/media/games/021/021c4e21a1824d2526f925eff6324653.jpg"
                },
                {
                    "id": 40836,
                    "name": "Full controller support",
                    "slug": "full-controller-support",
                    "language": "eng",
                    "games_count": 20885,
                    "image_background": "https://media.rawg.io/media/games/562/562553814dd54e001a541e4ee83a591c.jpg"
                },
                {
                    "id": 40849,
                    "name": "Steam Cloud",
                    "slug": "steam-cloud",
                    "language": "eng",
                    "games_count": 21355,
                    "image_background": "https://media.rawg.io/media/games/be0/be01c3d7d8795a45615da139322ca080.jpg"
                },
                {
                    "id": 13,
                    "name": "Atmospheric",
                    "slug": "atmospheric",
                    "language": "eng",
                    "games_count": 36334,
                    "image_background": "https://media.rawg.io/media/games/b45/b45575f34285f2c4479c9a5f719d972e.jpg"
                },
                {
                    "id": 42425,
                    "name": "Для нескольких игроков",
                    "slug": "dlia-neskolkikh-igrokov",
                    "language": "rus",
                    "games_count": 11352,
                    "image_background": "https://media.rawg.io/media/games/157/15742f2f67eacff546738e1ab5c19d20.jpg"
                },
                {
                    "id": 42401,
                    "name": "Отличный саундтрек",
                    "slug": "otlichnyi-saundtrek",
                    "language": "rus",
                    "games_count": 4645,
                    "image_background": "https://media.rawg.io/media/games/7cf/7cfc9220b401b7a300e409e539c9afd5.jpg"
                },
                {
                    "id": 42,
                    "name": "Great Soundtrack",
                    "slug": "great-soundtrack",
                    "language": "eng",
                    "games_count": 3421,
                    "image_background": "https://media.rawg.io/media/games/26d/26d4437715bee60138dab4a7c8c59c92.jpg"
                },
                {
                    "id": 42394,
                    "name": "Глубокий сюжет",
                    "slug": "glubokii-siuzhet",
                    "language": "rus",
                    "games_count": 15181,
                    "image_background": "https://media.rawg.io/media/games/b8c/b8c243eaa0fbac8115e0cdccac3f91dc.jpg"
                },
                {
                    "id": 118,
                    "name": "Story Rich",
                    "slug": "story-rich",
                    "language": "eng",
                    "games_count": 24317,
                    "image_background": "https://media.rawg.io/media/games/be0/be01c3d7d8795a45615da139322ca080.jpg"
                },
                {
                    "id": 42441,
                    "name": "От третьего лица",
                    "slug": "ot-tretego-litsa",
                    "language": "rus",
                    "games_count": 8583,
                    "image_background": "https://media.rawg.io/media/games/8a0/8a02f84a5916ede2f923b88d5f8217ba.jpg"
                },
                {
                    "id": 149,
                    "name": "Third Person",
                    "slug": "third-person",
                    "language": "eng",
                    "games_count": 13058,
                    "image_background": "https://media.rawg.io/media/games/6cd/6cd653e0aaef5ff8bbd295bf4bcb12eb.jpg"
                },
                {
                    "id": 16,
                    "name": "Horror",
                    "slug": "horror",
                    "language": "eng",
                    "games_count": 46748,
                    "image_background": "https://media.rawg.io/media/games/4fb/4fb548e4816c84d1d70f1a228fb167cc.jpg"
                },
                {
                    "id": 42491,
                    "name": "Мясо",
                    "slug": "miaso",
                    "language": "rus",
                    "games_count": 4962,
                    "image_background": "https://media.rawg.io/media/games/9dd/9ddabb34840ea9227556670606cf8ea3.jpg"
                },
                {
                    "id": 26,
                    "name": "Gore",
                    "slug": "gore",
                    "language": "eng",
                    "games_count": 6148,
                    "image_background": "https://media.rawg.io/media/games/c6b/c6bfece1daf8d06bc0a60632ac78e5bf.jpg"
                },
                {
                    "id": 42402,
                    "name": "Насилие",
                    "slug": "nasilie",
                    "language": "rus",
                    "games_count": 6168,
                    "image_background": "https://media.rawg.io/media/games/0af/0af85e8edddfa55368e47c539914a220.jpg"
                },
                {
                    "id": 34,
                    "name": "Violent",
                    "slug": "violent",
                    "language": "eng",
                    "games_count": 7206,
                    "image_background": "https://media.rawg.io/media/games/a0e/a0ef08621301a1eab5e04fa5c96978fa.jpeg"
                },
                {
                    "id": 69,
                    "name": "Action-Adventure",
                    "slug": "action-adventure",
                    "language": "eng",
                    "games_count": 18751,
                    "image_background": "https://media.rawg.io/media/games/c50/c5085506fe4b5e20fc7aa5ace842c20b.jpg"
                },
                {
                    "id": 42446,
                    "name": "Шутер от третьего лица",
                    "slug": "shuter-ot-tretego-litsa",
                    "language": "rus",
                    "games_count": 2413,
                    "image_background": "https://media.rawg.io/media/games/7ac/7aca7ccf0e70cd0974cb899ab9e5158e.jpg"
                },
                {
                    "id": 150,
                    "name": "Third-Person Shooter",
                    "slug": "third-person-shooter",
                    "language": "eng",
                    "games_count": 3804,
                    "image_background": "https://media.rawg.io/media/games/d46/d46373f39458670305704ef089387520.jpg"
                },
                {
                    "id": 63,
                    "name": "Zombies",
                    "slug": "zombies",
                    "language": "eng",
                    "games_count": 10762,
                    "image_background": "https://media.rawg.io/media/games/56e/56ed40948bebaf1968234aa6e3c74771.jpg"
                },
                {
                    "id": 42544,
                    "name": "Зомби",
                    "slug": "zombi-2",
                    "language": "rus",
                    "games_count": 3118,
                    "image_background": "https://media.rawg.io/media/games/476/476178ef18ab0534771d099f51cdc694.jpg"
                },
                {
                    "id": 42490,
                    "name": "Приключенческий экшен",
                    "slug": "prikliuchencheskii-ekshen",
                    "language": "rus",
                    "games_count": 11144,
                    "image_background": "https://media.rawg.io/media/games/d1c/d1cd8a226cb224357c1f59605577cbf2.jpg"
                },
                {
                    "id": 42471,
                    "name": "Хоррор на выживание",
                    "slug": "khorror-na-vyzhivanie",
                    "language": "rus",
                    "games_count": 3813,
                    "image_background": "https://media.rawg.io/media/games/739/73990e3ec9f43a9e8ecafe207fa4f368.jpg"
                },
                {
                    "id": 17,
                    "name": "Survival Horror",
                    "slug": "survival-horror",
                    "language": "eng",
                    "games_count": 9174,
                    "image_background": "https://media.rawg.io/media/games/1be/1be575aa6de86de328433a63fb534d9a.jpg"
                },
                {
                    "id": 43,
                    "name": "Post-apocalyptic",
                    "slug": "post-apocalyptic",
                    "language": "eng",
                    "games_count": 4445,
                    "image_background": "https://media.rawg.io/media/games/8d6/8d69eb6c32ed6acfd75f82d532144993.jpg"
                },
                {
                    "id": 77,
                    "name": "Realistic",
                    "slug": "realistic",
                    "language": "eng",
                    "games_count": 7455,
                    "image_background": "https://media.rawg.io/media/games/e44/e445335e611b4ccf03af71fffcbd30a4.jpg"
                },
                {
                    "id": 110,
                    "name": "Cinematic",
                    "slug": "cinematic",
                    "language": "eng",
                    "games_count": 2758,
                    "image_background": "https://media.rawg.io/media/games/0af/0af85e8edddfa55368e47c539914a220.jpg"
                },
                {
                    "id": 42623,
                    "name": "Кинематографичная",
                    "slug": "kinematografichnaia",
                    "language": "rus",
                    "games_count": 2665,
                    "image_background": "https://media.rawg.io/media/games/de6/de66bc4c72b45c3bb906c85d0628112d.jpg"
                },
                {
                    "id": 271,
                    "name": "Remake",
                    "slug": "remake",
                    "language": "eng",
                    "games_count": 1723,
                    "image_background": "https://media.rawg.io/media/games/bd7/bd7cfccfececba1ec2b97a120a40373f.jpg"
                },
                {
                    "id": 58132,
                    "name": "Атмосферная",
                    "slug": "atmosfernaia",
                    "language": "rus",
                    "games_count": 12034,
                    "image_background": "https://media.rawg.io/media/games/044/044b2ee023930ca138deda151f40c18c.jpg"
                },
                {
                    "id": 209,
                    "name": "Drama",
                    "slug": "drama",
                    "language": "eng",
                    "games_count": 4981,
                    "image_background": "https://media.rawg.io/media/games/efd/efd6b2cb621c41a2b6580d8ac260b8ba.jpg"
                },
                {
                    "id": 42691,
                    "name": "Эмоциональная",
                    "slug": "emotsionalnaia",
                    "language": "rus",
                    "games_count": 3510,
                    "image_background": "https://media.rawg.io/media/games/473/473bd9a5e9522629d6cb28b701fb836a.jpg"
                },
                {
                    "id": 42650,
                    "name": "Драма",
                    "slug": "drama-2",
                    "language": "rus",
                    "games_count": 4370,
                    "image_background": "https://media.rawg.io/media/screenshots/e97/e97020b39abc864e3cdf4e7e564c402c.jpg"
                },
                {
                    "id": 572,
                    "name": "Emotional",
                    "slug": "emotional",
                    "language": "eng",
                    "games_count": 3624,
                    "image_background": "https://media.rawg.io/media/games/4be/4be6a6ad0364751a96229c56bf69be59.jpg"
                },
                {
                    "id": 43374,
                    "name": "Remote Play on TV",
                    "slug": "remote-play-on-tv",
                    "language": "eng",
                    "games_count": 536,
                    "image_background": "https://media.rawg.io/media/games/473/473bd9a5e9522629d6cb28b701fb836a.jpg"
                },
                {
                    "id": 64326,
                    "name": "Постапокалипсис",
                    "slug": "postapokalipsis",
                    "language": "eng",
                    "games_count": 2071,
                    "image_background": "https://media.rawg.io/media/screenshots/ed8/ed8a780ca2d64dcd38f8ff3bcecf050a.jpg"
                },
                {
                    "id": 78619,
                    "name": "Ремейк",
                    "slug": "remeik",
                    "language": "eng",
                    "games_count": 75,
                    "image_background": "https://media.rawg.io/media/screenshots/f44/f44531f80535f19525007941748f1981.jpg"
                }
            ],
            "esrb_rating": {
                "id": 4,
                "name": "Mature",
                "slug": "mature",
                "name_en": "Mature",
                "name_ru": "С 17 лет"
            },
            "user_game": null,
            "reviews_count": 418,
            "saturated_color": "0f0f0f",
            "dominant_color": "0f0f0f",
            "short_screenshots": [
                {
                    "id": -1,
                    "image": "https://media.rawg.io/media/games/71d/71df9e759b2246f9769126c98ac997fc.jpg"
                },
                {
                    "id": 3412523,
                    "image": "https://media.rawg.io/media/screenshots/723/7232dfba2a746be21a0e8548b5333dd7.jpg"
                },
                {
                    "id": 3412531,
                    "image": "https://media.rawg.io/media/screenshots/eb5/eb5a0522dbb56b8f698ac3fa8b884341.jpg"
                },
                {
                    "id": 3412532,
                    "image": "https://media.rawg.io/media/screenshots/b0f/b0f8ff8c24bc46ca70a20ee4b83d9569.jpg"
                },
                {
                    "id": 3412533,
                    "image": "https://media.rawg.io/media/screenshots/276/276688cddf9531e6cbcccc3368dfa25f.jpg"
                },
                {
                    "id": 3412534,
                    "image": "https://media.rawg.io/media/screenshots/585/585fd40ad660779a79e2853f3cd7a833.jpg"
                },
                {
                    "id": 3412535,
                    "image": "https://media.rawg.io/media/screenshots/7cb/7cb256eecd9dd0bb54d4524dc2a9b7ee.jpg"
                }
            ],
            "parent_platforms": [
                {
                    "platform": {
                        "id": 1,
                        "name": "PC",
                        "slug": "pc"
                    }
                },
                {
                    "platform": {
                        "id": 2,
                        "name": "PlayStation",
                        "slug": "playstation"
                    }
                }
            ],
            "genres": [
                {
                    "id": 2,
                    "name": "Shooter",
                    "slug": "shooter"
                },
                {
                    "id": 3,
                    "name": "Adventure",
                    "slug": "adventure"
                },
                {
                    "id": 4,
                    "name": "Action",
                    "slug": "action"
                }
            ]
        },
        {
            "slug": "the-last-of-us-part-ii-remastered",
            "name": "The Last of Us Part II Remastered",
            "playtime": 0,
            "platforms": [
                {
                    "platform": {
                        "id": 4,
                        "name": "PC",
                        "slug": "pc"
                    }
                },
                {
                    "platform": {
                        "id": 187,
                        "name": "PlayStation 5",
                        "slug": "playstation5"
                    }
                }
            ],
            "stores": [
                {
                    "store": {
                        "id": 1,
                        "name": "Steam",
                        "slug": "steam"
                    }
                }
            ],
            "released": "2024-01-19",
            "tba": false,
            "background_image": "https://media.rawg.io/media/games/d09/d099b508a1cfb5bd2f2928b50e0784a5.jpg",
            "rating": 4.6,
            "rating_top": 5,
            "ratings": [
                {
                    "id": 5,
                    "title": "exceptional",
                    "count": 18,
                    "percent": 72.0
                },
                {
                    "id": 4,
                    "title": "recommended",
                    "count": 4,
                    "percent": 16.0
                },
                {
                    "id": 3,
                    "title": "meh",
                    "count": 3,
                    "percent": 12.0
                }
            ],
            "ratings_count": 25,
            "reviews_text_count": 0,
            "added": 136,
            "added_by_status": {
                "yet": 23,
                "owned": 17,
                "beaten": 23,
                "toplay": 66,
                "dropped": 3,
                "playing": 4
            },
            "metacritic": null,
            "suggestions_count": 346,
            "updated": "2025-03-13T09:13:13",
            "id": 972403,
            "score": null,
            "clip": null,
            "tags": [
                {
                    "id": 31,
                    "name": "Singleplayer",
                    "slug": "singleplayer",
                    "language": "eng",
                    "games_count": 236808,
                    "image_background": "https://media.rawg.io/media/games/4be/4be6a6ad0364751a96229c56bf69be59.jpg"
                },
                {
                    "id": 13,
                    "name": "Atmospheric",
                    "slug": "atmospheric",
                    "language": "eng",
                    "games_count": 36334,
                    "image_background": "https://media.rawg.io/media/games/b45/b45575f34285f2c4479c9a5f719d972e.jpg"
                },
                {
                    "id": 118,
                    "name": "Story Rich",
                    "slug": "story-rich",
                    "language": "eng",
                    "games_count": 24317,
                    "image_background": "https://media.rawg.io/media/games/be0/be01c3d7d8795a45615da139322ca080.jpg"
                },
                {
                    "id": 26,
                    "name": "Gore",
                    "slug": "gore",
                    "language": "eng",
                    "games_count": 6148,
                    "image_background": "https://media.rawg.io/media/games/c6b/c6bfece1daf8d06bc0a60632ac78e5bf.jpg"
                },
                {
                    "id": 189,
                    "name": "Female Protagonist",
                    "slug": "female-protagonist",
                    "language": "eng",
                    "games_count": 13922,
                    "image_background": "https://media.rawg.io/media/games/bce/bce62fbc7cf74bf6a1a37340993ec148.jpg"
                },
                {
                    "id": 1,
                    "name": "Survival",
                    "slug": "survival",
                    "language": "eng",
                    "games_count": 9760,
                    "image_background": "https://media.rawg.io/media/games/d82/d82990b9c67ba0d2d09d4e6fa88885a7.jpg"
                },
                {
                    "id": 34,
                    "name": "Violent",
                    "slug": "violent",
                    "language": "eng",
                    "games_count": 7206,
                    "image_background": "https://media.rawg.io/media/games/a0e/a0ef08621301a1eab5e04fa5c96978fa.jpeg"
                },
                {
                    "id": 15,
                    "name": "Stealth",
                    "slug": "stealth",
                    "language": "eng",
                    "games_count": 6675,
                    "image_background": "https://media.rawg.io/media/games/364/3642d850efb217c58feab80b8affaa89.jpg"
                },
                {
                    "id": 478,
                    "name": "3rd-Person Perspective",
                    "slug": "3rd-person-perspective",
                    "language": "eng",
                    "games_count": 87,
                    "image_background": "https://media.rawg.io/media/games/21c/21cc15d233117c6809ec86870559e105.jpg"
                },
                {
                    "id": 270,
                    "name": "Blood",
                    "slug": "blood",
                    "language": "eng",
                    "games_count": 2102,
                    "image_background": "https://media.rawg.io/media/games/a79/a79d2fc90c4dbf07a8580b19600fd61d.jpg"
                },
                {
                    "id": 78,
                    "name": "America",
                    "slug": "america",
                    "language": "eng",
                    "games_count": 824,
                    "image_background": "https://media.rawg.io/media/games/511/5118aff5091cb3efec399c808f8c598f.jpg"
                },
                {
                    "id": 42410,
                    "name": "LGBTQ+",
                    "slug": "lgbtq-2",
                    "language": "eng",
                    "games_count": 2276,
                    "image_background": "https://media.rawg.io/media/games/b28/b28a135fa6133e17b228f46902a4fda4.jpg"
                }
            ],
            "esrb_rating": {
                "id": 4,
                "name": "Mature",
                "slug": "mature",
                "name_en": "Mature",
                "name_ru": "С 17 лет"
            },
            "user_game": null,
            "reviews_count": 25,
            "saturated_color": "0f0f0f",
            "dominant_color": "0f0f0f",
            "short_screenshots": [
                {
                    "id": -1,
                    "image": "https://media.rawg.io/media/games/d09/d099b508a1cfb5bd2f2928b50e0784a5.jpg"
                },
                {
                    "id": 3974083,
                    "image": "https://media.rawg.io/media/screenshots/6dc/6dc21b83139e586dd56755b352b921c5.jpg"
                },
                {
                    "id": 3974084,
                    "image": "https://media.rawg.io/media/screenshots/2c7/2c7cd6b1257f8a07b01c8889a2b14a9d.jpg"
                },
                {
                    "id": 3974085,
                    "image": "https://media.rawg.io/media/screenshots/51d/51d6d1591c47886b09c12544b6b1dc82.jpg"
                },
                {
                    "id": 3974086,
                    "image": "https://media.rawg.io/media/screenshots/4f6/4f6921b263dcbe0a6ad58d4e2f5f15e8.jpg"
                },
                {
                    "id": 3974087,
                    "image": "https://media.rawg.io/media/screenshots/5b6/5b6ca3d7560717089b6a52b5b5ce83ac.jpg"
                },
                {
                    "id": 3974088,
                    "image": "https://media.rawg.io/media/screenshots/e2b/e2bf9482bb198af39cd6ac7431e7e1a7.jpg"
                }
            ],
            "parent_platforms": [
                {
                    "platform": {
                        "id": 1,
                        "name": "PC",
                        "slug": "pc"
                    }
                },
                {
                    "platform": {
                        "id": 2,
                        "name": "PlayStation",
                        "slug": "playstation"
                    }
                }
            ],
            "genres": [
                {
                    "id": 3,
                    "name": "Adventure",
                    "slug": "adventure"
                },
                {
                    "id": 4,
                    "name": "Action",
                    "slug": "action"
                }
            ]
        },
        {
            "slug": "the-last-of-us",
            "name": "The Last Of Us",
            "playtime": 15,
            "platforms": [
                {
                    "platform": {
                        "id": 18,
                        "name": "PlayStation 4",
                        "slug": "playstation4"
                    }
                },
                {
                    "platform": {
                        "id": 16,
                        "name": "PlayStation 3",
                        "slug": "playstation3"
                    }
                }
            ],
            "stores": [
                {
                    "store": {
                        "id": 3,
                        "name": "PlayStation Store",
                        "slug": "playstation-store"
                    }
                }
            ],
            "released": "2013-06-14",
            "tba": false,
            "background_image": "https://media.rawg.io/media/games/a5a/a5a7fb8d9cb8063a8b42ee002b410db6.jpg",
            "rating": 4.55,
            "rating_top": 5,
            "ratings": [
                {
                    "id": 5,
                    "title": "exceptional",
                    "count": 2333,
                    "percent": 72.41
                },
                {
                    "id": 4,
                    "title": "recommended",
                    "count": 585,
                    "percent": 18.16
                },
                {
                    "id": 3,
                    "title": "meh",
                    "count": 176,
                    "percent": 5.46
                },
                {
                    "id": 1,
                    "title": "skip",
                    "count": 128,
                    "percent": 3.97
                }
            ],
            "ratings_count": 3185,
            "reviews_text_count": 27,
            "added": 6948,
            "added_by_status": {
                "yet": 275,
                "owned": 3109,
                "beaten": 2781,
                "toplay": 500,
                "dropped": 207,
                "playing": 76
            },
            "metacritic": 95,
            "suggestions_count": 638,
            "updated": "2025-03-18T20:51:02",
            "id": 3990,
            "score": null,
            "clip": null,
            "tags": [
                {
                    "id": 37796,
                    "name": "exclusive",
                    "slug": "exclusive",
                    "language": "eng",
                    "games_count": 4491,
                    "image_background": "https://media.rawg.io/media/games/f24/f2493ea338fe7bd3c7d73750a85a0959.jpeg"
                }
            ],
            "esrb_rating": {
                "id": 4,
                "name": "Mature",
                "slug": "mature",
                "name_en": "Mature",
                "name_ru": "С 17 лет"
            },
            "user_game": null,
            "reviews_count": 3222,
            "saturated_color": "0f0f0f",
            "dominant_color": "0f0f0f",
            "short_screenshots": [
                {
                    "id": -1,
                    "image": "https://media.rawg.io/media/games/a5a/a5a7fb8d9cb8063a8b42ee002b410db6.jpg"
                },
                {
                    "id": 585189,
                    "image": "https://media.rawg.io/media/screenshots/e58/e5851e0c9b08172369dc1a1814b1c275.jpg"
                },
                {
                    "id": 585190,
                    "image": "https://media.rawg.io/media/screenshots/4a8/4a8bc73ffc37e6794fd962736d0a5436.jpg"
                },
                {
                    "id": 585191,
                    "image": "https://media.rawg.io/media/screenshots/fd5/fd5e75708c5d123519f5329344d0a376.jpg"
                },
                {
                    "id": 585192,
                    "image": "https://media.rawg.io/media/screenshots/bf4/bf4453d613de19b737fbd5e6f5e1a069.jpg"
                },
                {
                    "id": 585193,
                    "image": "https://media.rawg.io/media/screenshots/e2e/e2e3d4facc46efbded4898106db91cc6.jpg"
                },
                {
                    "id": 585194,
                    "image": "https://media.rawg.io/media/screenshots/d07/d077fc6929186334ef47716abd5fd119.jpg"
                }
            ],
            "parent_platforms": [
                {
                    "platform": {
                        "id": 2,
                        "name": "PlayStation",
                        "slug": "playstation"
                    }
                }
            ],
            "genres": [
                {
                    "id": 3,
                    "name": "Adventure",
                    "slug": "adventure"
                },
                {
                    "id": 4,
                    "name": "Action",
                    "slug": "action"
                }
            ]
        },
        {
            "slug": "uncharted-4-a-thiefs-end",
            "name": "Uncharted 4: A Thief’s End",
            "playtime": 0,
            "platforms": [
                {
                    "platform": {
                        "id": 187,
                        "name": "PlayStation 5",
                        "slug": "playstation5"
                    }
                },
                {
                    "platform": {
                        "id": 18,
                        "name": "PlayStation 4",
                        "slug": "playstation4"
                    }
                }
            ],
            "stores": [
                {
                    "store": {
                        "id": 3,
                        "name": "PlayStation Store",
                        "slug": "playstation-store"
                    }
                }
            ],
            "released": "2016-05-10",
            "tba": false,
            "background_image": "https://media.rawg.io/media/games/709/709bf81f874ce5d25d625b37b014cb63.jpg",
            "rating": 4.49,
            "rating_top": 5,
            "ratings": [
                {
                    "id": 5,
                    "title": "exceptional",
                    "count": 2341,
                    "percent": 64.42
                },
                {
                    "id": 4,
                    "title": "recommended",
                    "count": 980,
                    "percent": 26.97
                },
                {
                    "id": 3,
                    "title": "meh",
                    "count": 195,
                    "percent": 5.37
                },
                {
                    "id": 1,
                    "title": "skip",
                    "count": 118,
                    "percent": 3.25
                }
            ],
            "ratings_count": 3599,
            "reviews_text_count": 25,
            "added": 9320,
            "added_by_status": {
                "yet": 407,
                "owned": 4784,
                "beaten": 3292,
                "toplay": 566,
                "dropped": 168,
                "playing": 103
            },
            "metacritic": 93,
            "suggestions_count": 679,
            "updated": "2025-03-15T07:57:41",
            "id": 2462,
            "score": null,
            "clip": null,
            "tags": [
                {
                    "id": 13,
                    "name": "Atmospheric",
                    "slug": "atmospheric",
                    "language": "eng",
                    "games_count": 36334,
                    "image_background": "https://media.rawg.io/media/games/b45/b45575f34285f2c4479c9a5f719d972e.jpg"
                },
                {
                    "id": 69,
                    "name": "Action-Adventure",
                    "slug": "action-adventure",
                    "language": "eng",
                    "games_count": 18751,
                    "image_background": "https://media.rawg.io/media/games/c50/c5085506fe4b5e20fc7aa5ace842c20b.jpg"
                },
                {
                    "id": 478,
                    "name": "3rd-Person Perspective",
                    "slug": "3rd-person-perspective",
                    "language": "eng",
                    "games_count": 87,
                    "image_background": "https://media.rawg.io/media/games/21c/21cc15d233117c6809ec86870559e105.jpg"
                }
            ],
            "esrb_rating": {
                "id": 3,
                "name": "Teen",
                "slug": "teen",
                "name_en": "Teen",
                "name_ru": "С 13 лет"
            },
            "user_game": null,
            "reviews_count": 3634,
            "saturated_color": "0f0f0f",
            "dominant_color": "0f0f0f",
            "short_screenshots": [
                {
                    "id": -1,
                    "image": "https://media.rawg.io/media/games/709/709bf81f874ce5d25d625b37b014cb63.jpg"
                },
                {
                    "id": 22453,
                    "image": "https://media.rawg.io/media/screenshots/fd5/fd5451e27048c3e416de1737047e4684.jpg"
                },
                {
                    "id": 22455,
                    "image": "https://media.rawg.io/media/screenshots/63f/63f551c55bb44ec41dbcab6898cdd264.jpg"
                },
                {
                    "id": 22457,
                    "image": "https://media.rawg.io/media/screenshots/30b/30bfd42d8bfe46301dbef56ba526b3ed.jpg"
                },
                {
                    "id": 22458,
                    "image": "https://media.rawg.io/media/screenshots/fd2/fd2ae2bc22f4fefeeb6f4b6f1587e128.jpg"
                },
                {
                    "id": 22460,
                    "image": "https://media.rawg.io/media/screenshots/66c/66c2aecdd80e940ea7a2d64c17cff843.jpg"
                },
                {
                    "id": 22462,
                    "image": "https://media.rawg.io/media/screenshots/89c/89c96f28e032d3434bab7b9247e01fe3.jpg"
                }
            ],
            "parent_platforms": [
                {
                    "platform": {
                        "id": 2,
                        "name": "PlayStation",
                        "slug": "playstation"
                    }
                }
            ],
            "genres": [
                {
                    "id": 2,
                    "name": "Shooter",
                    "slug": "shooter"
                },
                {
                    "id": 4,
                    "name": "Action",
                    "slug": "action"
                }
            ]
        },
        {
            "slug": "the-last-of-us-left-behind",
            "name": "The Last of Us: Left Behind",
            "playtime": 0,
            "platforms": [
                {
                    "platform": {
                        "id": 18,
                        "name": "PlayStation 4",
                        "slug": "playstation4"
                    }
                },
                {
                    "platform": {
                        "id": 16,
                        "name": "PlayStation 3",
                        "slug": "playstation3"
                    }
                }
            ],
            "stores": [
                {
                    "store": {
                        "id": 3,
                        "name": "PlayStation Store",
                        "slug": "playstation-store"
                    }
                }
            ],
            "released": "2014-02-14",
            "tba": false,
            "background_image": "https://media.rawg.io/media/games/e0d/e0da9a0e997d062fbfce98a4a59fc86e.jpg",
            "rating": 4.46,
            "rating_top": 5,
            "ratings": [
                {
                    "id": 5,
                    "title": "exceptional",
                    "count": 299,
                    "percent": 53.78
                },
                {
                    "id": 4,
                    "title": "recommended",
                    "count": 228,
                    "percent": 41.01
                },
                {
                    "id": 3,
                    "title": "meh",
                    "count": 23,
                    "percent": 4.14
                },
                {
                    "id": 1,
                    "title": "skip",
                    "count": 6,
                    "percent": 1.08
                }
            ],
            "ratings_count": 552,
            "reviews_text_count": 2,
            "added": 937,
            "added_by_status": {
                "yet": 47,
                "owned": 93,
                "beaten": 709,
                "toplay": 63,
                "dropped": 16,
                "playing": 9
            },
            "metacritic": 88,
            "suggestions_count": 647,
            "updated": "2025-03-19T09:30:18",
            "id": 42393,
            "score": null,
            "clip": null,
            "tags": [],
            "esrb_rating": null,
            "user_game": null,
            "reviews_count": 556,
            "saturated_color": "0f0f0f",
            "dominant_color": "0f0f0f",
            "short_screenshots": [
                {
                    "id": -1,
                    "image": "https://media.rawg.io/media/games/e0d/e0da9a0e997d062fbfce98a4a59fc86e.jpg"
                },
                {
                    "id": 615127,
                    "image": "https://media.rawg.io/media/screenshots/8a1/8a1335c2add9838b762ad1c75ee23191.jpg"
                },
                {
                    "id": 615128,
                    "image": "https://media.rawg.io/media/screenshots/2e1/2e1358b04e6b2b2df7c54a0cdff58671.jpg"
                },
                {
                    "id": 615129,
                    "image": "https://media.rawg.io/media/screenshots/d94/d9468991c98dfeb8cd8362f112842fda.jpg"
                },
                {
                    "id": 615130,
                    "image": "https://media.rawg.io/media/screenshots/a9d/a9d26976254052df3c85b6dfc4a8772d.jpg"
                },
                {
                    "id": 615131,
                    "image": "https://media.rawg.io/media/screenshots/da6/da6a4f0fa31408f7a4d3cf9c1ad42dbf.jpg"
                },
                {
                    "id": 615132,
                    "image": "https://media.rawg.io/media/screenshots/f3c/f3cc559e8aec36f4360c128985344eb7.jpg"
                }
            ],
            "parent_platforms": [
                {
                    "platform": {
                        "id": 2,
                        "name": "PlayStation",
                        "slug": "playstation"
                    }
                }
            ],
            "genres": [
                {
                    "id": 2,
                    "name": "Shooter",
                    "slug": "shooter"
                },
                {
                    "id": 3,
                    "name": "Adventure",
                    "slug": "adventure"
                },
                {
                    "id": 4,
                    "name": "Action",
                    "slug": "action"
                }
            ]
        },
        {
            "slug": "uncharted-legacy-of-thieves-collection",
            "name": "Uncharted: Legacy of Thieves Collection",
            "playtime": 7,
            "platforms": [
                {
                    "platform": {
                        "id": 4,
                        "name": "PC",
                        "slug": "pc"
                    }
                },
                {
                    "platform": {
                        "id": 187,
                        "name": "PlayStation 5",
                        "slug": "playstation5"
                    }
                }
            ],
            "stores": [
                {
                    "store": {
                        "id": 1,
                        "name": "Steam",
                        "slug": "steam"
                    }
                },
                {
                    "store": {
                        "id": 3,
                        "name": "PlayStation Store",
                        "slug": "playstation-store"
                    }
                },
                {
                    "store": {
                        "id": 5,
                        "name": "GOG",
                        "slug": "gog"
                    }
                },
                {
                    "store": {
                        "id": 11,
                        "name": "Epic Games",
                        "slug": "epic-games"
                    }
                }
            ],
            "released": "2022-01-28",
            "tba": false,
            "background_image": "https://media.rawg.io/media/games/de6/de66bc4c72b45c3bb906c85d0628112d.jpg",
            "rating": 4.46,
            "rating_top": 5,
            "ratings": [
                {
                    "id": 5,
                    "title": "exceptional",
                    "count": 283,
                    "percent": 57.87
                },
                {
                    "id": 4,
                    "title": "recommended",
                    "count": 170,
                    "percent": 34.76
                },
                {
                    "id": 3,
                    "title": "meh",
                    "count": 24,
                    "percent": 4.91
                },
                {
                    "id": 1,
                    "title": "skip",
                    "count": 12,
                    "percent": 2.45
                }
            ],
            "ratings_count": 482,
            "reviews_text_count": 5,
            "added": 4852,
            "added_by_status": {
                "yet": 245,
                "owned": 3681,
                "beaten": 486,
                "toplay": 339,
                "dropped": 56,
                "playing": 45
            },
            "metacritic": null,
            "suggestions_count": 504,
            "updated": "2025-03-14T18:30:57",
            "id": 704634,
            "score": null,
            "clip": null,
            "tags": [
                {
                    "id": 31,
                    "name": "Singleplayer",
                    "slug": "singleplayer",
                    "language": "eng",
                    "games_count": 236808,
                    "image_background": "https://media.rawg.io/media/games/4be/4be6a6ad0364751a96229c56bf69be59.jpg"
                },
                {
                    "id": 42396,
                    "name": "Для одного игрока",
                    "slug": "dlia-odnogo-igroka",
                    "language": "rus",
                    "games_count": 59339,
                    "image_background": "https://media.rawg.io/media/games/49c/49c3dfa4ce2f6f140cc4825868e858cb.jpg"
                },
                {
                    "id": 42417,
                    "name": "Экшен",
                    "slug": "ekshen",
                    "language": "rus",
                    "games_count": 45143,
                    "image_background": "https://media.rawg.io/media/games/b45/b45575f34285f2c4479c9a5f719d972e.jpg"
                },
                {
                    "id": 42392,
                    "name": "Приключение",
                    "slug": "prikliuchenie",
                    "language": "rus",
                    "games_count": 43383,
                    "image_background": "https://media.rawg.io/media/games/d82/d82990b9c67ba0d2d09d4e6fa88885a7.jpg"
                },
                {
                    "id": 40847,
                    "name": "Steam Achievements",
                    "slug": "steam-achievements",
                    "language": "eng",
                    "games_count": 44261,
                    "image_background": "https://media.rawg.io/media/games/b8c/b8c243eaa0fbac8115e0cdccac3f91dc.jpg"
                },
                {
                    "id": 40836,
                    "name": "Full controller support",
                    "slug": "full-controller-support",
                    "language": "eng",
                    "games_count": 20885,
                    "image_background": "https://media.rawg.io/media/games/562/562553814dd54e001a541e4ee83a591c.jpg"
                },
                {
                    "id": 40849,
                    "name": "Steam Cloud",
                    "slug": "steam-cloud",
                    "language": "eng",
                    "games_count": 21355,
                    "image_background": "https://media.rawg.io/media/games/be0/be01c3d7d8795a45615da139322ca080.jpg"
                },
                {
                    "id": 13,
                    "name": "Atmospheric",
                    "slug": "atmospheric",
                    "language": "eng",
                    "games_count": 36334,
                    "image_background": "https://media.rawg.io/media/games/b45/b45575f34285f2c4479c9a5f719d972e.jpg"
                },
                {
                    "id": 42,
                    "name": "Great Soundtrack",
                    "slug": "great-soundtrack",
                    "language": "eng",
                    "games_count": 3421,
                    "image_background": "https://media.rawg.io/media/games/26d/26d4437715bee60138dab4a7c8c59c92.jpg"
                },
                {
                    "id": 42394,
                    "name": "Глубокий сюжет",
                    "slug": "glubokii-siuzhet",
                    "language": "rus",
                    "games_count": 15181,
                    "image_background": "https://media.rawg.io/media/games/b8c/b8c243eaa0fbac8115e0cdccac3f91dc.jpg"
                },
                {
                    "id": 118,
                    "name": "Story Rich",
                    "slug": "story-rich",
                    "language": "eng",
                    "games_count": 24317,
                    "image_background": "https://media.rawg.io/media/games/be0/be01c3d7d8795a45615da139322ca080.jpg"
                },
                {
                    "id": 42428,
                    "name": "Шутер",
                    "slug": "shuter",
                    "language": "rus",
                    "games_count": 10481,
                    "image_background": "https://media.rawg.io/media/games/4a0/4a0a1316102366260e6f38fd2a9cfdce.jpg"
                },
                {
                    "id": 42441,
                    "name": "От третьего лица",
                    "slug": "ot-tretego-litsa",
                    "language": "rus",
                    "games_count": 8583,
                    "image_background": "https://media.rawg.io/media/games/8a0/8a02f84a5916ede2f923b88d5f8217ba.jpg"
                },
                {
                    "id": 149,
                    "name": "Third Person",
                    "slug": "third-person",
                    "language": "eng",
                    "games_count": 13058,
                    "image_background": "https://media.rawg.io/media/games/6cd/6cd653e0aaef5ff8bbd295bf4bcb12eb.jpg"
                },
                {
                    "id": 42482,
                    "name": "Смешная",
                    "slug": "smeshnaia",
                    "language": "rus",
                    "games_count": 10790,
                    "image_background": "https://media.rawg.io/media/games/960/960b601d9541cec776c5fa42a00bf6c4.jpg"
                },
                {
                    "id": 42465,
                    "name": "Головоломка",
                    "slug": "golovolomka",
                    "language": "rus",
                    "games_count": 18415,
                    "image_background": "https://media.rawg.io/media/games/149/149bbed9d90dc09328ba79bbacfda3c8.jpg"
                },
                {
                    "id": 4,
                    "name": "Funny",
                    "slug": "funny",
                    "language": "eng",
                    "games_count": 26779,
                    "image_background": "https://media.rawg.io/media/games/af7/af7a831001c5c32c46e950cc883b8cb7.jpg"
                },
                {
                    "id": 6,
                    "name": "Exploration",
                    "slug": "exploration",
                    "language": "eng",
                    "games_count": 26004,
                    "image_background": "https://media.rawg.io/media/games/737/737ea5662211d2e0bbd6f5989189e4f1.jpg"
                },
                {
                    "id": 189,
                    "name": "Female Protagonist",
                    "slug": "female-protagonist",
                    "language": "eng",
                    "games_count": 13922,
                    "image_background": "https://media.rawg.io/media/games/bce/bce62fbc7cf74bf6a1a37340993ec148.jpg"
                },
                {
                    "id": 42463,
                    "name": "Платформер",
                    "slug": "platformer-2",
                    "language": "rus",
                    "games_count": 9925,
                    "image_background": "https://media.rawg.io/media/games/594/59487800889ebac294c7c2c070d02356.jpg"
                },
                {
                    "id": 34,
                    "name": "Violent",
                    "slug": "violent",
                    "language": "eng",
                    "games_count": 7206,
                    "image_background": "https://media.rawg.io/media/games/a0e/a0ef08621301a1eab5e04fa5c96978fa.jpeg"
                },
                {
                    "id": 15,
                    "name": "Stealth",
                    "slug": "stealth",
                    "language": "eng",
                    "games_count": 6675,
                    "image_background": "https://media.rawg.io/media/games/364/3642d850efb217c58feab80b8affaa89.jpg"
                },
                {
                    "id": 42439,
                    "name": "Стелс",
                    "slug": "stels",
                    "language": "rus",
                    "games_count": 2535,
                    "image_background": "https://media.rawg.io/media/games/8a0/8a02f84a5916ede2f923b88d5f8217ba.jpg"
                },
                {
                    "id": 42416,
                    "name": "Контроллер",
                    "slug": "kontroller",
                    "language": "rus",
                    "games_count": 7681,
                    "image_background": "https://media.rawg.io/media/games/89a/89a700d3c6a76bd0610ca89ccd20da54.jpg"
                },
                {
                    "id": 69,
                    "name": "Action-Adventure",
                    "slug": "action-adventure",
                    "language": "eng",
                    "games_count": 18751,
                    "image_background": "https://media.rawg.io/media/games/c50/c5085506fe4b5e20fc7aa5ace842c20b.jpg"
                },
                {
                    "id": 115,
                    "name": "Controller",
                    "slug": "controller",
                    "language": "eng",
                    "games_count": 13235,
                    "image_background": "https://media.rawg.io/media/games/e4a/e4ab7f784bdc38c76ce6e4cef9715d18.jpg"
                },
                {
                    "id": 42446,
                    "name": "Шутер от третьего лица",
                    "slug": "shuter-ot-tretego-litsa",
                    "language": "rus",
                    "games_count": 2413,
                    "image_background": "https://media.rawg.io/media/games/7ac/7aca7ccf0e70cd0974cb899ab9e5158e.jpg"
                },
                {
                    "id": 150,
                    "name": "Third-Person Shooter",
                    "slug": "third-person-shooter",
                    "language": "eng",
                    "games_count": 3804,
                    "image_background": "https://media.rawg.io/media/games/d46/d46373f39458670305704ef089387520.jpg"
                },
                {
                    "id": 42490,
                    "name": "Приключенческий экшен",
                    "slug": "prikliuchencheskii-ekshen",
                    "language": "rus",
                    "games_count": 11144,
                    "image_background": "https://media.rawg.io/media/games/d1c/d1cd8a226cb224357c1f59605577cbf2.jpg"
                },
                {
                    "id": 110,
                    "name": "Cinematic",
                    "slug": "cinematic",
                    "language": "eng",
                    "games_count": 2758,
                    "image_background": "https://media.rawg.io/media/games/0af/0af85e8edddfa55368e47c539914a220.jpg"
                },
                {
                    "id": 1465,
                    "name": "combat",
                    "slug": "combat",
                    "language": "eng",
                    "games_count": 14182,
                    "image_background": "https://media.rawg.io/media/games/737/737ea5662211d2e0bbd6f5989189e4f1.jpg"
                },
                {
                    "id": 42643,
                    "name": "Паркур",
                    "slug": "parkur-2",
                    "language": "rus",
                    "games_count": 1467,
                    "image_background": "https://media.rawg.io/media/games/336/336c6bd63d83cf8e59937ab8895d1240.jpg"
                },
                {
                    "id": 188,
                    "name": "Parkour",
                    "slug": "parkour",
                    "language": "eng",
                    "games_count": 3787,
                    "image_background": "https://media.rawg.io/media/games/37a/37a9536e92cf8fe3b60045aa75dbd41f.jpg"
                },
                {
                    "id": 42623,
                    "name": "Кинематографичная",
                    "slug": "kinematografichnaia",
                    "language": "rus",
                    "games_count": 2665,
                    "image_background": "https://media.rawg.io/media/games/de6/de66bc4c72b45c3bb906c85d0628112d.jpg"
                },
                {
                    "id": 58132,
                    "name": "Атмосферная",
                    "slug": "atmosfernaia",
                    "language": "rus",
                    "games_count": 12034,
                    "image_background": "https://media.rawg.io/media/games/044/044b2ee023930ca138deda151f40c18c.jpg"
                },
                {
                    "id": 478,
                    "name": "3rd-Person Perspective",
                    "slug": "3rd-person-perspective",
                    "language": "eng",
                    "games_count": 87,
                    "image_background": "https://media.rawg.io/media/games/21c/21cc15d233117c6809ec86870559e105.jpg"
                },
                {
                    "id": 66533,
                    "name": "Исследования",
                    "slug": "issledovaniia",
                    "language": "rus",
                    "games_count": 11324,
                    "image_background": "https://media.rawg.io/media/games/b6f/b6fa0cde8a1204c7d6edc2ec3c753df9.jpg"
                },
                {
                    "id": 1867,
                    "name": "puzzles",
                    "slug": "puzzles",
                    "language": "eng",
                    "games_count": 8856,
                    "image_background": "https://media.rawg.io/media/screenshots/0cf/0cfe4ec4dcffb8fcac999d7176c69176.jpg"
                },
                {
                    "id": 58127,
                    "name": "Бой",
                    "slug": "boi-2",
                    "language": "rus",
                    "games_count": 9029,
                    "image_background": "https://media.rawg.io/media/games/af2/af2b640fa820e8a8135948a4cd399539.jpg"
                },
                {
                    "id": 59643,
                    "name": "Протагонистка",
                    "slug": "protagonistka",
                    "language": "eng",
                    "games_count": 6404,
                    "image_background": "https://media.rawg.io/media/games/0ea/0ea86d90ac2e5591b31c516c2dc72e07.jpg"
                },
                {
                    "id": 43374,
                    "name": "Remote Play on TV",
                    "slug": "remote-play-on-tv",
                    "language": "eng",
                    "games_count": 536,
                    "image_background": "https://media.rawg.io/media/games/473/473bd9a5e9522629d6cb28b701fb836a.jpg"
                },
                {
                    "id": 5468,
                    "name": "qte",
                    "slug": "qte",
                    "language": "eng",
                    "games_count": 730,
                    "image_background": "https://media.rawg.io/media/screenshots/797/797fc5d525fd1ec461268f43aad06dfd.jpg"
                },
                {
                    "id": 1234,
                    "name": "ambient",
                    "slug": "ambient",
                    "language": "eng",
                    "games_count": 540,
                    "image_background": "https://media.rawg.io/media/screenshots/e19/e198683e143d659ec125b5e348204df4.jpg"
                },
                {
                    "id": 66538,
                    "name": "Эмбиент",
                    "slug": "embient",
                    "language": "rus",
                    "games_count": 82,
                    "image_background": "https://media.rawg.io/media/screenshots/fad/fadf8f2aec59b68132a63f242caf5c1c.jpg"
                }
            ],
            "esrb_rating": {
                "id": 3,
                "name": "Teen",
                "slug": "teen",
                "name_en": "Teen",
                "name_ru": "С 13 лет"
            },
            "user_game": null,
            "reviews_count": 489,
            "saturated_color": "0f0f0f",
            "dominant_color": "0f0f0f",
            "short_screenshots": [
                {
                    "id": -1,
                    "image": "https://media.rawg.io/media/games/de6/de66bc4c72b45c3bb906c85d0628112d.jpg"
                },
                {
                    "id": 3139441,
                    "image": "https://media.rawg.io/media/screenshots/587/5875f080a704a56dd4183a8e4c6a9dd5.jpg"
                },
                {
                    "id": 3139442,
                    "image": "https://media.rawg.io/media/screenshots/1d7/1d78e225fcda1198e4342537c5bfe68f.jpg"
                },
                {
                    "id": 3139443,
                    "image": "https://media.rawg.io/media/screenshots/15f/15f91df39355f11771fb11078d4c4418.jpg"
                },
                {
                    "id": 3139444,
                    "image": "https://media.rawg.io/media/screenshots/bbd/bbd31c27feac5d9f8380728adda9db03.jpg"
                },
                {
                    "id": 3139445,
                    "image": "https://media.rawg.io/media/screenshots/c96/c96b9b3a6a8155a5835f99c5a391cd31.jpg"
                },
                {
                    "id": 3139446,
                    "image": "https://media.rawg.io/media/screenshots/399/399c968a06e9d1fe42aa9a23d69f0d7f.jpg"
                }
            ],
            "parent_platforms": [
                {
                    "platform": {
                        "id": 1,
                        "name": "PC",
                        "slug": "pc"
                    }
                },
                {
                    "platform": {
                        "id": 2,
                        "name": "PlayStation",
                        "slug": "playstation"
                    }
                }
            ],
            "genres": [
                {
                    "id": 3,
                    "name": "Adventure",
                    "slug": "adventure"
                },
                {
                    "id": 4,
                    "name": "Action",
                    "slug": "action"
                }
            ]
        },
        {
            "slug": "the-last-of-us-part-2",
            "name": "The Last of Us Part II",
            "playtime": 0,
            "platforms": [
                {
                    "platform": {
                        "id": 187,
                        "name": "PlayStation 5",
                        "slug": "playstation5"
                    }
                },
                {
                    "platform": {
                        "id": 18,
                        "name": "PlayStation 4",
                        "slug": "playstation4"
                    }
                }
            ],
            "stores": [
                {
                    "store": {
                        "id": 3,
                        "name": "PlayStation Store",
                        "slug": "playstation-store"
                    }
                }
            ],
            "released": "2020-06-19",
            "tba": false,
            "background_image": "https://media.rawg.io/media/games/909/909974d1c7863c2027241e265fe7011f.jpg",
            "rating": 4.42,
            "rating_top": 5,
            "ratings": [
                {
                    "id": 5,
                    "title": "exceptional",
                    "count": 1352,
                    "percent": 70.16
                },
                {
                    "id": 4,
                    "title": "recommended",
                    "count": 310,
                    "percent": 16.09
                },
                {
                    "id": 1,
                    "title": "skip",
                    "count": 141,
                    "percent": 7.32
                },
                {
                    "id": 3,
                    "title": "meh",
                    "count": 124,
                    "percent": 6.43
                }
            ],
            "ratings_count": 1840,
            "reviews_text_count": 63,
            "added": 7104,
            "added_by_status": {
                "yet": 401,
                "owned": 3277,
                "beaten": 1793,
                "toplay": 1411,
                "dropped": 85,
                "playing": 137
            },
            "metacritic": 93,
            "suggestions_count": 623,
            "updated": "2025-03-19T20:22:14",
            "id": 51325,
            "score": null,
            "clip": null,
            "tags": [
                {
                    "id": 31,
                    "name": "Singleplayer",
                    "slug": "singleplayer",
                    "language": "eng",
                    "games_count": 236808,
                    "image_background": "https://media.rawg.io/media/games/4be/4be6a6ad0364751a96229c56bf69be59.jpg"
                },
                {
                    "id": 13,
                    "name": "Atmospheric",
                    "slug": "atmospheric",
                    "language": "eng",
                    "games_count": 36334,
                    "image_background": "https://media.rawg.io/media/games/b45/b45575f34285f2c4479c9a5f719d972e.jpg"
                },
                {
                    "id": 1,
                    "name": "Survival",
                    "slug": "survival",
                    "language": "eng",
                    "games_count": 9760,
                    "image_background": "https://media.rawg.io/media/games/d82/d82990b9c67ba0d2d09d4e6fa88885a7.jpg"
                },
                {
                    "id": 34,
                    "name": "Violent",
                    "slug": "violent",
                    "language": "eng",
                    "games_count": 7206,
                    "image_background": "https://media.rawg.io/media/games/a0e/a0ef08621301a1eab5e04fa5c96978fa.jpeg"
                },
                {
                    "id": 15,
                    "name": "Stealth",
                    "slug": "stealth",
                    "language": "eng",
                    "games_count": 6675,
                    "image_background": "https://media.rawg.io/media/games/364/3642d850efb217c58feab80b8affaa89.jpg"
                },
                {
                    "id": 69,
                    "name": "Action-Adventure",
                    "slug": "action-adventure",
                    "language": "eng",
                    "games_count": 18751,
                    "image_background": "https://media.rawg.io/media/games/c50/c5085506fe4b5e20fc7aa5ace842c20b.jpg"
                },
                {
                    "id": 37796,
                    "name": "exclusive",
                    "slug": "exclusive",
                    "language": "eng",
                    "games_count": 4491,
                    "image_background": "https://media.rawg.io/media/games/f24/f2493ea338fe7bd3c7d73750a85a0959.jpeg"
                },
                {
                    "id": 478,
                    "name": "3rd-Person Perspective",
                    "slug": "3rd-person-perspective",
                    "language": "eng",
                    "games_count": 87,
                    "image_background": "https://media.rawg.io/media/games/21c/21cc15d233117c6809ec86870559e105.jpg"
                },
                {
                    "id": 270,
                    "name": "Blood",
                    "slug": "blood",
                    "language": "eng",
                    "games_count": 2102,
                    "image_background": "https://media.rawg.io/media/games/a79/a79d2fc90c4dbf07a8580b19600fd61d.jpg"
                },
                {
                    "id": 78,
                    "name": "America",
                    "slug": "america",
                    "language": "eng",
                    "games_count": 824,
                    "image_background": "https://media.rawg.io/media/games/511/5118aff5091cb3efec399c808f8c598f.jpg"
                },
                {
                    "id": 42410,
                    "name": "LGBTQ+",
                    "slug": "lgbtq-2",
                    "language": "eng",
                    "games_count": 2276,
                    "image_background": "https://media.rawg.io/media/games/b28/b28a135fa6133e17b228f46902a4fda4.jpg"
                },
                {
                    "id": 467,
                    "name": "Role Playing Game",
                    "slug": "role-playing-game",
                    "language": "eng",
                    "games_count": 19,
                    "image_background": "https://media.rawg.io/media/games/8ea/8ea1e2850d7568bc9733d546c0ac6ce1.jpg"
                }
            ],
            "esrb_rating": {
                "id": 4,
                "name": "Mature",
                "slug": "mature",
                "name_en": "Mature",
                "name_ru": "С 17 лет"
            },
            "user_game": null,
            "reviews_count": 1927,
            "saturated_color": "0f0f0f",
            "dominant_color": "0f0f0f",
            "short_screenshots": [
                {
                    "id": -1,
                    "image": "https://media.rawg.io/media/games/909/909974d1c7863c2027241e265fe7011f.jpg"
                },
                {
                    "id": 802461,
                    "image": "https://media.rawg.io/media/screenshots/5a8/5a8f06949b0264aa27374d3f005a2842.jpg"
                },
                {
                    "id": 802463,
                    "image": "https://media.rawg.io/media/screenshots/160/1603055e1fc4fbbea395809242d23c67_CDpXDx3.jpg"
                },
                {
                    "id": 802464,
                    "image": "https://media.rawg.io/media/screenshots/e9c/e9cfbbc7821827e04c890ecf087c246c.jpg"
                },
                {
                    "id": 802466,
                    "image": "https://media.rawg.io/media/screenshots/e58/e58f17219570ca451356f6eec746e697.jpg"
                },
                {
                    "id": 802467,
                    "image": "https://media.rawg.io/media/screenshots/02a/02aede3e5e6738e37ff1240c1c2fcee8.jpg"
                },
                {
                    "id": 802468,
                    "image": "https://media.rawg.io/media/screenshots/5ea/5ea913f25ebb5454571e8d92deddebcc.jpg"
                }
            ],
            "parent_platforms": [
                {
                    "platform": {
                        "id": 2,
                        "name": "PlayStation",
                        "slug": "playstation"
                    }
                }
            ],
            "genres": [
                {
                    "id": 2,
                    "name": "Shooter",
                    "slug": "shooter"
                },
                {
                    "id": 3,
                    "name": "Adventure",
                    "slug": "adventure"
                },
                {
                    "id": 4,
                    "name": "Action",
                    "slug": "action"
                }
            ]
        },
        {
            "slug": "uncharted-2-among-thieves",
            "name": "Uncharted 2: Among Thieves",
            "playtime": 13,
            "platforms": [
                {
                    "platform": {
                        "id": 18,
                        "name": "PlayStation 4",
                        "slug": "playstation4"
                    }
                },
                {
                    "platform": {
                        "id": 16,
                        "name": "PlayStation 3",
                        "slug": "playstation3"
                    }
                }
            ],
            "stores": [
                {
                    "store": {
                        "id": 3,
                        "name": "PlayStation Store",
                        "slug": "playstation-store"
                    }
                }
            ],
            "released": "2009-10-13",
            "tba": false,
            "background_image": "https://media.rawg.io/media/games/74b/74b239f6ef0216a2f66e652d54abb2e6.jpg",
            "rating": 4.39,
            "rating_top": 5,
            "ratings": [
                {
                    "id": 5,
                    "title": "exceptional",
                    "count": 991,
                    "percent": 56.08
                },
                {
                    "id": 4,
                    "title": "recommended",
                    "count": 604,
                    "percent": 34.18
                },
                {
                    "id": 3,
                    "title": "meh",
                    "count": 107,
                    "percent": 6.06
                },
                {
                    "id": 1,
                    "title": "skip",
                    "count": 65,
                    "percent": 3.68
                }
            ],
            "ratings_count": 1748,
            "reviews_text_count": 11,
            "added": 3967,
            "added_by_status": {
                "yet": 129,
                "owned": 1430,
                "beaten": 2123,
                "toplay": 174,
                "dropped": 73,
                "playing": 38
            },
            "metacritic": 96,
            "suggestions_count": 655,
            "updated": "2025-03-12T07:14:52",
            "id": 22513,
            "score": null,
            "clip": null,
            "tags": [
                {
                    "id": 406,
                    "name": "Story",
                    "slug": "story",
                    "language": "eng",
                    "games_count": 11490,
                    "image_background": "https://media.rawg.io/media/games/257/257c497aa4060f4a697ccbf5e99ec230.jpg"
                }
            ],
            "esrb_rating": {
                "id": 3,
                "name": "Teen",
                "slug": "teen",
                "name_en": "Teen",
                "name_ru": "С 13 лет"
            },
            "user_game": null,
            "reviews_count": 1767,
            "saturated_color": "0f0f0f",
            "dominant_color": "0f0f0f",
            "short_screenshots": [
                {
                    "id": -1,
                    "image": "https://media.rawg.io/media/games/74b/74b239f6ef0216a2f66e652d54abb2e6.jpg"
                },
                {
                    "id": 510193,
                    "image": "https://media.rawg.io/media/screenshots/c2a/c2a483758a22707799fec207a78d552f.jpg"
                },
                {
                    "id": 510194,
                    "image": "https://media.rawg.io/media/screenshots/a93/a93fcf9216cd814573dc4aa5ea3a80c8.jpg"
                },
                {
                    "id": 510195,
                    "image": "https://media.rawg.io/media/screenshots/51d/51d4bb10e5a9ff7111e6e40a9687aee5.jpg"
                },
                {
                    "id": 510196,
                    "image": "https://media.rawg.io/media/screenshots/503/5030d91eac59ab5b28eb6bdb7e41313c.jpg"
                },
                {
                    "id": 510197,
                    "image": "https://media.rawg.io/media/screenshots/442/4429d068cd37c213e40bb83fe9b7c65c.jpg"
                },
                {
                    "id": 510198,
                    "image": "https://media.rawg.io/media/screenshots/366/366cb6c21d945376b185d4b2d94a59c2.jpg"
                }
            ],
            "parent_platforms": [
                {
                    "platform": {
                        "id": 2,
                        "name": "PlayStation",
                        "slug": "playstation"
                    }
                }
            ],
            "genres": [
                {
                    "id": 2,
                    "name": "Shooter",
                    "slug": "shooter"
                },
                {
                    "id": 4,
                    "name": "Action",
                    "slug": "action"
                }
            ]
        },
        {
            "slug": "uncharted-3-drakes-deception",
            "name": "Uncharted 3: Drake's Deception",
            "playtime": 12,
            "platforms": [
                {
                    "platform": {
                        "id": 18,
                        "name": "PlayStation 4",
                        "slug": "playstation4"
                    }
                },
                {
                    "platform": {
                        "id": 16,
                        "name": "PlayStation 3",
                        "slug": "playstation3"
                    }
                }
            ],
            "stores": [
                {
                    "store": {
                        "id": 3,
                        "name": "PlayStation Store",
                        "slug": "playstation-store"
                    }
                }
            ],
            "released": "2011-11-01",
            "tba": false,
            "background_image": "https://media.rawg.io/media/games/589/589fc47c5ae34160d65c4682e21fed66.jpg",
            "rating": 4.37,
            "rating_top": 5,
            "ratings": [
                {
                    "id": 5,
                    "title": "exceptional",
                    "count": 939,
                    "percent": 48.68
                },
                {
                    "id": 4,
                    "title": "recommended",
                    "count": 833,
                    "percent": 43.18
                },
                {
                    "id": 3,
                    "title": "meh",
                    "count": 125,
                    "percent": 6.48
                },
                {
                    "id": 1,
                    "title": "skip",
                    "count": 32,
                    "percent": 1.66
                }
            ],
            "ratings_count": 1912,
            "reviews_text_count": 11,
            "added": 6417,
            "added_by_status": {
                "yet": 180,
                "owned": 3658,
                "beaten": 2244,
                "toplay": 168,
                "dropped": 120,
                "playing": 47
            },
            "metacritic": 92,
            "suggestions_count": 670,
            "updated": "2025-03-13T15:26:17",
            "id": 5703,
            "score": null,
            "clip": null,
            "tags": [
                {
                    "id": 13,
                    "name": "Atmospheric",
                    "slug": "atmospheric",
                    "language": "eng",
                    "games_count": 36334,
                    "image_background": "https://media.rawg.io/media/games/b45/b45575f34285f2c4479c9a5f719d972e.jpg"
                },
                {
                    "id": 149,
                    "name": "Third Person",
                    "slug": "third-person",
                    "language": "eng",
                    "games_count": 13058,
                    "image_background": "https://media.rawg.io/media/games/6cd/6cd653e0aaef5ff8bbd295bf4bcb12eb.jpg"
                },
                {
                    "id": 11702,
                    "name": "cover-shooter",
                    "slug": "cover-shooter",
                    "language": "eng",
                    "games_count": 2,
                    "image_background": "https://media.rawg.io/media/games/589/589fc47c5ae34160d65c4682e21fed66.jpg"
                }
            ],
            "esrb_rating": {
                "id": 3,
                "name": "Teen",
                "slug": "teen",
                "name_en": "Teen",
                "name_ru": "С 13 лет"
            },
            "user_game": null,
            "reviews_count": 1929,
            "saturated_color": "0f0f0f",
            "dominant_color": "0f0f0f",
            "short_screenshots": [
                {
                    "id": -1,
                    "image": "https://media.rawg.io/media/games/589/589fc47c5ae34160d65c4682e21fed66.jpg"
                },
                {
                    "id": 568245,
                    "image": "https://media.rawg.io/media/screenshots/29e/29eedbd39d332cb3bef58a8baf8e9256.jpg"
                },
                {
                    "id": 568246,
                    "image": "https://media.rawg.io/media/screenshots/718/718c165032556a44f43c783ae75c24f2.jpg"
                },
                {
                    "id": 568247,
                    "image": "https://media.rawg.io/media/screenshots/dbd/dbd8771df486145d8d53d2777b38b3f4.jpg"
                },
                {
                    "id": 568248,
                    "image": "https://media.rawg.io/media/screenshots/696/696cc2e1a7fa9ca55ac9138a02df2ee6.jpg"
                },
                {
                    "id": 568249,
                    "image": "https://media.rawg.io/media/screenshots/b42/b4278e2afed8ba4d0f2e81a65ff48bc5.jpg"
                },
                {
                    "id": 568250,
                    "image": "https://media.rawg.io/media/screenshots/ae3/ae36d7dd7adf015d687491fa40b0b735.jpg"
                }
            ],
            "parent_platforms": [
                {
                    "platform": {
                        "id": 2,
                        "name": "PlayStation",
                        "slug": "playstation"
                    }
                }
            ],
            "genres": [
                {
                    "id": 4,
                    "name": "Action",
                    "slug": "action"
                }
            ]
        }
    ],
    "user_platforms": false
}