{
    "count": 13,
    "next": "https://api.rawg.io/api/games?developers=11197&key=6144c1f5ae184e6a89a3e2b34caf541c&ordering=-rating&page=2&page_size=10",
    "previous": null,
    "results": [
        {
            "slug": "tony-hawks-pro-skater",
            "name": "Tony Hawk's Pro Skater",
            "playtime": 0,
            "platforms": [
                {
                    "platform": {
                        "id": 27,
                        "name": "PlayStation",
                        "slug": "playstation1"
                    }
                },
                {
                    "platform": {
                        "id": 83,
                        "name": "Nintendo 64",
                        "slug": "nintendo-64"
                    }
                },
                {
                    "platform": {
                        "id": 43,
                        "name": "Game Boy Color",
                        "slug": "game-boy-color"
                    }
                },
                {
                    "platform": {
                        "id": 106,
                        "name": "Dreamcast",
                        "slug": "dreamcast"
                    }
                }
            ],
            "stores": null,
            "released": "1999-08-31",
            "tba": false,
            "background_image": "https://media.rawg.io/media/screenshots/fd2/fd22fcd8470c96a6cf30051c3d249a6b.jpg",
            "rating": 4.42,
            "rating_top": 5,
            "ratings": [
                {
                    "id": 5,
                    "title": "exceptional",
                    "count": 65,
                    "percent": 51.18
                },
                {
                    "id": 4,
                    "title": "recommended",
                    "count": 54,
                    "percent": 42.52
                },
                {
                    "id": 3,
                    "title": "meh",
                    "count": 6,
                    "percent": 4.72
                },
                {
                    "id": 1,
                    "title": "skip",
                    "count": 2,
                    "percent": 1.57
                }
            ],
            "ratings_count": 125,
            "reviews_text_count": 2,
            "added": 267,
            "added_by_status": {
                "yet": 4,
                "owned": 65,
                "beaten": 121,
                "toplay": 19,
                "dropped": 55,
                "playing": 3
            },
            "metacritic": 92,
            "suggestions_count": 315,
            "updated": "2024-12-06T00:53:53",
            "id": 57944,
            "score": null,
            "clip": null,
            "tags": [
                {
                    "id": 31,
                    "name": "Singleplayer",
                    "slug": "singleplayer",
                    "language": "eng",
                    "games_count": 234389,
                    "image_background": "https://media.rawg.io/media/games/7fa/7fa0b586293c5861ee32490e953a4996.jpg"
                },
                {
                    "id": 7,
                    "name": "Multiplayer",
                    "slug": "multiplayer",
                    "language": "eng",
                    "games_count": 39845,
                    "image_background": "https://media.rawg.io/media/games/960/960b601d9541cec776c5fa42a00bf6c4.jpg"
                },
                {
                    "id": 1510,
                    "name": "skateboarding",
                    "slug": "skateboarding",
                    "language": "eng",
                    "games_count": 133,
                    "image_background": "https://media.rawg.io/media/screenshots/126/1269ac94d6e190ab7bdb91491c4116e8.jpg"
                }
            ],
            "esrb_rating": {
                "id": 3,
                "name": "Teen",
                "slug": "teen",
                "name_en": "Teen",
                "name_ru": "С 13 лет"
            },
            "user_game": null,
            "reviews_count": 127,
            "saturated_color": "0f0f0f",
            "dominant_color": "0f0f0f",
            "short_screenshots": [
                {
                    "id": -1,
                    "image": "https://media.rawg.io/media/screenshots/fd2/fd22fcd8470c96a6cf30051c3d249a6b.jpg"
                },
                {
                    "id": 2509616,
                    "image": "https://media.rawg.io/media/screenshots/900/900c34f7b882437a4867ff3c7e7608e0.jpg"
                },
                {
                    "id": 2509617,
                    "image": "https://media.rawg.io/media/screenshots/23e/23e7b013adfc9e643b954b6e0c15d740.jpg"
                },
                {
                    "id": 2509618,
                    "image": "https://media.rawg.io/media/screenshots/f38/f3856cd7bc20407a25203af944ba2ce3.jpg"
                },
                {
                    "id": 2509619,
                    "image": "https://media.rawg.io/media/screenshots/5f0/5f0f81b8745e43ee9e8e21d824202263.jpg"
                },
                {
                    "id": 2509620,
                    "image": "https://media.rawg.io/media/screenshots/12e/12ebbd752820a54f85dc2b000da822bf.jpg"
                },
                {
                    "id": 2509621,
                    "image": "https://media.rawg.io/media/screenshots/9ed/9ed2f90a151a9f835dac06831bac7c64.jpg"
                }
            ],
            "parent_platforms": [
                {
                    "platform": {
                        "id": 2,
                        "name": "PlayStation",
                        "slug": "playstation"
                    }
                },
                {
                    "platform": {
                        "id": 7,
                        "name": "Nintendo",
                        "slug": "nintendo"
                    }
                },
                {
                    "platform": {
                        "id": 11,
                        "name": "SEGA",
                        "slug": "sega"
                    }
                }
            ],
            "genres": [
                {
                    "id": 15,
                    "name": "Sports",
                    "slug": "sports"
                }
            ]
        },
        {
            "slug": "tony-hawks-pro-skater-2",
            "name": "Tony Hawk's Pro Skater 2",
            "playtime": 0,
            "platforms": [
                {
                    "platform": {
                        "id": 4,
                        "name": "PC",
                        "slug": "pc"
                    }
                },
                {
                    "platform": {
                        "id": 3,
                        "name": "iOS",
                        "slug": "ios"
                    }
                },
                {
                    "platform": {
                        "id": 27,
                        "name": "PlayStation",
                        "slug": "playstation1"
                    }
                },
                {
                    "platform": {
                        "id": 83,
                        "name": "Nintendo 64",
                        "slug": "nintendo-64"
                    }
                },
                {
                    "platform": {
                        "id": 24,
                        "name": "Game Boy Advance",
                        "slug": "game-boy-advance"
                    }
                },
                {
                    "platform": {
                        "id": 43,
                        "name": "Game Boy Color",
                        "slug": "game-boy-color"
                    }
                },
                {
                    "platform": {
                        "id": 55,
                        "name": "Classic Macintosh",
                        "slug": "macintosh"
                    }
                },
                {
                    "platform": {
                        "id": 106,
                        "name": "Dreamcast",
                        "slug": "dreamcast"
                    }
                }
            ],
            "stores": null,
            "released": "2000-09-19",
            "tba": false,
            "background_image": "https://media.rawg.io/media/screenshots/c21/c2123c3dea40946f705a54772ed6238b.jpg",
            "rating": 4.35,
            "rating_top": 5,
            "ratings": [
                {
                    "id": 5,
                    "title": "exceptional",
                    "count": 183,
                    "percent": 52.74
                },
                {
                    "id": 4,
                    "title": "recommended",
                    "count": 130,
                    "percent": 37.46
                },
                {
                    "id": 3,
                    "title": "meh",
                    "count": 20,
                    "percent": 5.76
                },
                {
                    "id": 1,
                    "title": "skip",
                    "count": 14,
                    "percent": 4.03
                }
            ],
            "ratings_count": 345,
            "reviews_text_count": 0,
            "added": 643,
            "added_by_status": {
                "yet": 16,
                "owned": 162,
                "beaten": 281,
                "toplay": 30,
                "dropped": 149,
                "playing": 5
            },
            "metacritic": 91,
            "suggestions_count": 369,
            "updated": "2025-02-20T23:56:05",
            "id": 32575,
            "score": null,
            "clip": null,
            "tags": [
                {
                    "id": 31,
                    "name": "Singleplayer",
                    "slug": "singleplayer",
                    "language": "eng",
                    "games_count": 235265,
                    "image_background": "https://media.rawg.io/media/games/f87/f87457e8347484033cb34cde6101d08d.jpg"
                },
                {
                    "id": 7,
                    "name": "Multiplayer",
                    "slug": "multiplayer",
                    "language": "eng",
                    "games_count": 39999,
                    "image_background": "https://media.rawg.io/media/games/713/713269608dc8f2f40f5a670a14b2de94.jpg"
                }
            ],
            "esrb_rating": {
                "id": 3,
                "name": "Teen",
                "slug": "teen",
                "name_en": "Teen",
                "name_ru": "С 13 лет"
            },
            "user_game": null,
            "reviews_count": 347,
            "saturated_color": "0f0f0f",
            "dominant_color": "0f0f0f",
            "short_screenshots": [
                {
                    "id": -1,
                    "image": "https://media.rawg.io/media/screenshots/c21/c2123c3dea40946f705a54772ed6238b.jpg"
                },
                {
                    "id": 330290,
                    "image": "https://media.rawg.io/media/screenshots/139/1391bee24fef5ea27c66c2fcb009f4f5.jpg"
                },
                {
                    "id": 330291,
                    "image": "https://media.rawg.io/media/screenshots/408/40876bfb40bf0d6378656c077d2bad73.jpg"
                },
                {
                    "id": 330292,
                    "image": "https://media.rawg.io/media/screenshots/2fc/2fc8cd60e47768fedcba7e98c034050d.jpg"
                },
                {
                    "id": 330293,
                    "image": "https://media.rawg.io/media/screenshots/31b/31bd194d35bd77f3a27066ece827b8c3.jpg"
                },
                {
                    "id": 330294,
                    "image": "https://media.rawg.io/media/screenshots/f45/f451dfed52b98224d77b9bb7c0dc3241.jpg"
                },
                {
                    "id": 330295,
                    "image": "https://media.rawg.io/media/screenshots/b93/b93bf803e83cf453620a27193f87bdf6.jpg"
                }
            ],
            "parent_platforms": [
                {
                    "platform": {
                        "id": 1,
                        "name": "PC",
                        "slug": "pc"
                    }
                },
                {
                    "platform": {
                        "id": 2,
                        "name": "PlayStation",
                        "slug": "playstation"
                    }
                },
                {
                    "platform": {
                        "id": 4,
                        "name": "iOS",
                        "slug": "ios"
                    }
                },
                {
                    "platform": {
                        "id": 5,
                        "name": "Apple Macintosh",
                        "slug": "mac"
                    }
                },
                {
                    "platform": {
                        "id": 7,
                        "name": "Nintendo",
                        "slug": "nintendo"
                    }
                },
                {
                    "platform": {
                        "id": 11,
                        "name": "SEGA",
                        "slug": "sega"
                    }
                }
            ],
            "genres": [
                {
                    "id": 11,
                    "name": "Arcade",
                    "slug": "arcade"
                },
                {
                    "id": 15,
                    "name": "Sports",
                    "slug": "sports"
                }
            ]
        },
        {
            "slug": "tony-hawks-underground-2",
            "name": "Tony Hawk's Underground 2",
            "playtime": 0,
            "platforms": [
                {
                    "platform": {
                        "id": 4,
                        "name": "PC",
                        "slug": "pc"
                    }
                },
                {
                    "platform": {
                        "id": 80,
                        "name": "Xbox",
                        "slug": "xbox-old"
                    }
                },
                {
                    "platform": {
                        "id": 15,
                        "name": "PlayStation 2",
                        "slug": "playstation2"
                    }
                },
                {
                    "platform": {
                        "id": 17,
                        "name": "PSP",
                        "slug": "psp"
                    }
                },
                {
                    "platform": {
                        "id": 105,
                        "name": "GameCube",
                        "slug": "gamecube"
                    }
                },
                {
                    "platform": {
                        "id": 24,
                        "name": "Game Boy Advance",
                        "slug": "game-boy-advance"
                    }
                }
            ],
            "stores": null,
            "released": "2004-10-04",
            "tba": false,
            "background_image": "https://media.rawg.io/media/games/e98/e98add56fb5fd36ba45ec668082fef8c.jpg",
            "rating": 4.35,
            "rating_top": 4,
            "ratings": [
                {
                    "id": 4,
                    "title": "recommended",
                    "count": 80,
                    "percent": 51.28
                },
                {
                    "id": 5,
                    "title": "exceptional",
                    "count": 67,
                    "percent": 42.95
                },
                {
                    "id": 3,
                    "title": "meh",
                    "count": 7,
                    "percent": 4.49
                },
                {
                    "id": 1,
                    "title": "skip",
                    "count": 2,
                    "percent": 1.28
                }
            ],
            "ratings_count": 155,
            "reviews_text_count": 1,
            "added": 328,
            "added_by_status": {
                "yet": 9,
                "owned": 55,
                "beaten": 186,
                "toplay": 18,
                "dropped": 57,
                "playing": 3
            },
            "metacritic": 84,
            "suggestions_count": 456,
            "updated": "2025-01-03T19:08:31",
            "id": 36013,
            "score": null,
            "clip": null,
            "tags": [
                {
                    "id": 31,
                    "name": "Singleplayer",
                    "slug": "singleplayer",
                    "language": "eng",
                    "games_count": 236808,
                    "image_background": "https://media.rawg.io/media/games/4be/4be6a6ad0364751a96229c56bf69be59.jpg"
                },
                {
                    "id": 7,
                    "name": "Multiplayer",
                    "slug": "multiplayer",
                    "language": "eng",
                    "games_count": 40265,
                    "image_background": "https://media.rawg.io/media/games/021/021c4e21a1824d2526f925eff6324653.jpg"
                }
            ],
            "esrb_rating": {
                "id": 3,
                "name": "Teen",
                "slug": "teen",
                "name_en": "Teen",
                "name_ru": "С 13 лет"
            },
            "user_game": null,
            "reviews_count": 156,
            "saturated_color": "0f0f0f",
            "dominant_color": "0f0f0f",
            "short_screenshots": [
                {
                    "id": -1,
                    "image": "https://media.rawg.io/media/games/e98/e98add56fb5fd36ba45ec668082fef8c.jpg"
                },
                {
                    "id": 402811,
                    "image": "https://media.rawg.io/media/screenshots/d6a/d6a33614d7c83a473ff48fba67b74a29.jpg"
                },
                {
                    "id": 402812,
                    "image": "https://media.rawg.io/media/screenshots/71e/71e30a2e44e8d5ae9f49c9496bd95353.jpg"
                },
                {
                    "id": 402813,
                    "image": "https://media.rawg.io/media/screenshots/311/31193c1b4cd45c113c618561bf3e057b.jpg"
                },
                {
                    "id": 402814,
                    "image": "https://media.rawg.io/media/screenshots/945/94508fbc32ef96c786877c43ba919289.jpg"
                },
                {
                    "id": 402815,
                    "image": "https://media.rawg.io/media/screenshots/f51/f51f5e47b839479ac1804cb1b971fd65.jpg"
                },
                {
                    "id": 402816,
                    "image": "https://media.rawg.io/media/screenshots/8ed/8ed0a1d08dea331c542907eb8281c7a6.jpg"
                }
            ],
            "parent_platforms": [
                {
                    "platform": {
                        "id": 1,
                        "name": "PC",
                        "slug": "pc"
                    }
                },
                {
                    "platform": {
                        "id": 2,
                        "name": "PlayStation",
                        "slug": "playstation"
                    }
                },
                {
                    "platform": {
                        "id": 3,
                        "name": "Xbox",
                        "slug": "xbox"
                    }
                },
                {
                    "platform": {
                        "id": 7,
                        "name": "Nintendo",
                        "slug": "nintendo"
                    }
                }
            ],
            "genres": [
                {
                    "id": 11,
                    "name": "Arcade",
                    "slug": "arcade"
                },
                {
                    "id": 15,
                    "name": "Sports",
                    "slug": "sports"
                }
            ]
        },
        {
            "slug": "tony-hawks-pro-skater-3",
            "name": "Tony Hawk's Pro Skater 3",
            "playtime": 5,
            "platforms": [
                {
                    "platform": {
                        "id": 4,
                        "name": "PC",
                        "slug": "pc"
                    }
                },
                {
                    "platform": {
                        "id": 80,
                        "name": "Xbox",
                        "slug": "xbox-old"
                    }
                },
                {
                    "platform": {
                        "id": 15,
                        "name": "PlayStation 2",
                        "slug": "playstation2"
                    }
                },
                {
                    "platform": {
                        "id": 27,
                        "name": "PlayStation",
                        "slug": "playstation1"
                    }
                },
                {
                    "platform": {
                        "id": 105,
                        "name": "GameCube",
                        "slug": "gamecube"
                    }
                },
                {
                    "platform": {
                        "id": 83,
                        "name": "Nintendo 64",
                        "slug": "nintendo-64"
                    }
                },
                {
                    "platform": {
                        "id": 24,
                        "name": "Game Boy Advance",
                        "slug": "game-boy-advance"
                    }
                },
                {
                    "platform": {
                        "id": 43,
                        "name": "Game Boy Color",
                        "slug": "game-boy-color"
                    }
                },
                {
                    "platform": {
                        "id": 55,
                        "name": "Classic Macintosh",
                        "slug": "macintosh"
                    }
                }
            ],
            "stores": null,
            "released": "2001-10-28",
            "tba": false,
            "background_image": "https://media.rawg.io/media/screenshots/a2b/a2baa14bf592e3973650faacbf60fe74.jpg",
            "rating": 4.3,
            "rating_top": 4,
            "ratings": [
                {
                    "id": 4,
                    "title": "recommended",
                    "count": 81,
                    "percent": 54.73
                },
                {
                    "id": 5,
                    "title": "exceptional",
                    "count": 58,
                    "percent": 39.19
                },
                {
                    "id": 3,
                    "title": "meh",
                    "count": 7,
                    "percent": 4.73
                },
                {
                    "id": 1,
                    "title": "skip",
                    "count": 2,
                    "percent": 1.35
                }
            ],
            "ratings_count": 146,
            "reviews_text_count": 2,
            "added": 330,
            "added_by_status": {
                "yet": 8,
                "owned": 74,
                "beaten": 148,
                "toplay": 21,
                "dropped": 74,
                "playing": 5
            },
            "metacritic": 94,
            "suggestions_count": 421,
            "updated": "2025-01-10T01:02:24",
            "id": 32577,
            "score": null,
            "clip": null,
            "tags": [
                {
                    "id": 31,
                    "name": "Singleplayer",
                    "slug": "singleplayer",
                    "language": "eng",
                    "games_count": 236399,
                    "image_background": "https://media.rawg.io/media/games/20a/20aa03a10cda45239fe22d035c0ebe64.jpg"
                },
                {
                    "id": 7,
                    "name": "Multiplayer",
                    "slug": "multiplayer",
                    "language": "eng",
                    "games_count": 40195,
                    "image_background": "https://media.rawg.io/media/games/6c5/6c55e22185876626881b76c11922b073.jpg"
                }
            ],
            "esrb_rating": null,
            "user_game": null,
            "reviews_count": 148,
            "saturated_color": "0f0f0f",
            "dominant_color": "0f0f0f",
            "short_screenshots": [
                {
                    "id": -1,
                    "image": "https://media.rawg.io/media/screenshots/a2b/a2baa14bf592e3973650faacbf60fe74.jpg"
                },
                {
                    "id": 330317,
                    "image": "https://media.rawg.io/media/screenshots/946/946277d138f678eccdc4b4a63da02af3.jpg"
                },
                {
                    "id": 330318,
                    "image": "https://media.rawg.io/media/screenshots/f96/f96d80dc89fec4fc44778bfb50872f00.jpg"
                },
                {
                    "id": 330319,
                    "image": "https://media.rawg.io/media/screenshots/855/855c934838dc20bf88362321dd1e8d97.jpg"
                },
                {
                    "id": 330320,
                    "image": "https://media.rawg.io/media/screenshots/644/644811ecceed146d01936da838670fa2.jpg"
                },
                {
                    "id": 330321,
                    "image": "https://media.rawg.io/media/screenshots/5dc/5dcefe55a0d496c513e5eb782516eeb3.jpg"
                },
                {
                    "id": 330322,
                    "image": "https://media.rawg.io/media/screenshots/b66/b66f9a558957bd3bed26fd4e0f10bb18.jpg"
                }
            ],
            "parent_platforms": [
                {
                    "platform": {
                        "id": 1,
                        "name": "PC",
                        "slug": "pc"
                    }
                },
                {
                    "platform": {
                        "id": 2,
                        "name": "PlayStation",
                        "slug": "playstation"
                    }
                },
                {
                    "platform": {
                        "id": 3,
                        "name": "Xbox",
                        "slug": "xbox"
                    }
                },
                {
                    "platform": {
                        "id": 5,
                        "name": "Apple Macintosh",
                        "slug": "mac"
                    }
                },
                {
                    "platform": {
                        "id": 7,
                        "name": "Nintendo",
                        "slug": "nintendo"
                    }
                }
            ],
            "genres": [
                {
                    "id": 11,
                    "name": "Arcade",
                    "slug": "arcade"
                },
                {
                    "id": 15,
                    "name": "Sports",
                    "slug": "sports"
                }
            ]
        },
        {
            "slug": "spider-man-2000",
            "name": "Spider-Man (2000)",
            "playtime": 0,
            "platforms": [
                {
                    "platform": {
                        "id": 4,
                        "name": "PC",
                        "slug": "pc"
                    }
                },
                {
                    "platform": {
                        "id": 27,
                        "name": "PlayStation",
                        "slug": "playstation1"
                    }
                },
                {
                    "platform": {
                        "id": 83,
                        "name": "Nintendo 64",
                        "slug": "nintendo-64"
                    }
                },
                {
                    "platform": {
                        "id": 106,
                        "name": "Dreamcast",
                        "slug": "dreamcast"
                    }
                }
            ],
            "stores": null,
            "released": "2000-09-15",
            "tba": false,
            "background_image": "https://media.rawg.io/media/games/1cf/1cf9e301f1d27172546dcabc2f6cb597.jpg",
            "rating": 4.29,
            "rating_top": 4,
            "ratings": [
                {
                    "id": 4,
                    "title": "recommended",
                    "count": 189,
                    "percent": 47.85
                },
                {
                    "id": 5,
                    "title": "exceptional",
                    "count": 165,
                    "percent": 41.77
                },
                {
                    "id": 3,
                    "title": "meh",
                    "count": 37,
                    "percent": 9.37
                },
                {
                    "id": 1,
                    "title": "skip",
                    "count": 4,
                    "percent": 1.01
                }
            ],
            "ratings_count": 389,
            "reviews_text_count": 3,
            "added": 779,
            "added_by_status": {
                "yet": 24,
                "owned": 157,
                "beaten": 442,
                "toplay": 32,
                "dropped": 120,
                "playing": 4
            },
            "metacritic": 87,
            "suggestions_count": 401,
            "updated": "2025-03-01T01:23:15",
            "id": 249966,
            "score": null,
            "clip": null,
            "tags": [
                {
                    "id": 200,
                    "name": "Narration",
                    "slug": "narration",
                    "language": "eng",
                    "games_count": 2519,
                    "image_background": "https://media.rawg.io/media/games/686/686909717c3aa01518bc42ae2bf4259e.jpg"
                },
                {
                    "id": 234,
                    "name": "Superhero",
                    "slug": "superhero",
                    "language": "eng",
                    "games_count": 1408,
                    "image_background": "https://media.rawg.io/media/games/1eb/1ebef06e55f756974654c35b9aedb127.jpg"
                },
                {
                    "id": 3803,
                    "name": "boss",
                    "slug": "boss",
                    "language": "eng",
                    "games_count": 3108,
                    "image_background": "https://media.rawg.io/media/games/312/3121ba5c3d5fbe8b747475099f3e63b8.jpg"
                },
                {
                    "id": 3189,
                    "name": "color",
                    "slug": "color",
                    "language": "eng",
                    "games_count": 6503,
                    "image_background": "https://media.rawg.io/media/games/55a/55a685051caa3d478836fa7c1d074694.jpg"
                },
                {
                    "id": 2180,
                    "name": "spider",
                    "slug": "spider",
                    "language": "eng",
                    "games_count": 979,
                    "image_background": "https://media.rawg.io/media/games/e94/e94b92b8fb1795abf3ea54882a75c02c.jpg"
                }
            ],
            "esrb_rating": {
                "id": 2,
                "name": "Everyone 10+",
                "slug": "everyone-10-plus",
                "name_en": "Everyone 10+",
                "name_ru": "С 10 лет"
            },
            "user_game": null,
            "reviews_count": 395,
            "saturated_color": "0f0f0f",
            "dominant_color": "0f0f0f",
            "short_screenshots": [
                {
                    "id": -1,
                    "image": "https://media.rawg.io/media/games/1cf/1cf9e301f1d27172546dcabc2f6cb597.jpg"
                },
                {
                    "id": 1666671,
                    "image": "https://media.rawg.io/media/screenshots/772/7726b749fb283d2d22851ce48f615cff.jpg"
                },
                {
                    "id": 1666672,
                    "image": "https://media.rawg.io/media/screenshots/967/9672e65d8cb5122c4a0783d9ab2707fc.jpg"
                },
                {
                    "id": 1666673,
                    "image": "https://media.rawg.io/media/screenshots/547/5475ae9548b839ee0aaddc74186d1dd7.jpg"
                },
                {
                    "id": 1666674,
                    "image": "https://media.rawg.io/media/screenshots/7ad/7ad1300ff08d75a435339bf00667552d.jpg"
                },
                {
                    "id": 1666675,
                    "image": "https://media.rawg.io/media/screenshots/90f/90fea5088e05b074661c77d8f81c21c0.jpg"
                },
                {
                    "id": 1666676,
                    "image": "https://media.rawg.io/media/screenshots/d7a/d7ad457321463ad6084fd308f2f289c5.jpg"
                }
            ],
            "parent_platforms": [
                {
                    "platform": {
                        "id": 1,
                        "name": "PC",
                        "slug": "pc"
                    }
                },
                {
                    "platform": {
                        "id": 2,
                        "name": "PlayStation",
                        "slug": "playstation"
                    }
                },
                {
                    "platform": {
                        "id": 7,
                        "name": "Nintendo",
                        "slug": "nintendo"
                    }
                },
                {
                    "platform": {
                        "id": 11,
                        "name": "SEGA",
                        "slug": "sega"
                    }
                }
            ],
            "genres": [
                {
                    "id": 3,
                    "name": "Adventure",
                    "slug": "adventure"
                },
                {
                    "id": 4,
                    "name": "Action",
                    "slug": "action"
                }
            ]
        },
        {
            "slug": "tony-hawks-pro-skater-4",
            "name": "Tony Hawk's Pro Skater 4",
            "playtime": 40,
            "platforms": [
                {
                    "platform": {
                        "id": 4,
                        "name": "PC",
                        "slug": "pc"
                    }
                },
                {
                    "platform": {
                        "id": 80,
                        "name": "Xbox",
                        "slug": "xbox-old"
                    }
                },
                {
                    "platform": {
                        "id": 15,
                        "name": "PlayStation 2",
                        "slug": "playstation2"
                    }
                },
                {
                    "platform": {
                        "id": 27,
                        "name": "PlayStation",
                        "slug": "playstation1"
                    }
                },
                {
                    "platform": {
                        "id": 105,
                        "name": "GameCube",
                        "slug": "gamecube"
                    }
                },
                {
                    "platform": {
                        "id": 24,
                        "name": "Game Boy Advance",
                        "slug": "game-boy-advance"
                    }
                },
                {
                    "platform": {
                        "id": 55,
                        "name": "Classic Macintosh",
                        "slug": "macintosh"
                    }
                }
            ],
            "stores": null,
            "released": "2002-10-23",
            "tba": false,
            "background_image": "https://media.rawg.io/media/screenshots/c39/c391b587cffb4e013d7854e03a03647c.jpg",
            "rating": 4.23,
            "rating_top": 4,
            "ratings": [
                {
                    "id": 4,
                    "title": "recommended",
                    "count": 86,
                    "percent": 57.33
                },
                {
                    "id": 5,
                    "title": "exceptional",
                    "count": 51,
                    "percent": 34.0
                },
                {
                    "id": 3,
                    "title": "meh",
                    "count": 11,
                    "percent": 7.33
                },
                {
                    "id": 1,
                    "title": "skip",
                    "count": 2,
                    "percent": 1.33
                }
            ],
            "ratings_count": 149,
            "reviews_text_count": 1,
            "added": 329,
            "added_by_status": {
                "yet": 9,
                "owned": 67,
                "beaten": 146,
                "toplay": 18,
                "dropped": 85,
                "playing": 4
            },
            "metacritic": 91,
            "suggestions_count": 398,
            "updated": "2025-01-24T18:50:31",
            "id": 34734,
            "score": null,
            "clip": null,
            "tags": [
                {
                    "id": 31,
                    "name": "Singleplayer",
                    "slug": "singleplayer",
                    "language": "eng",
                    "games_count": 234962,
                    "image_background": "https://media.rawg.io/media/games/4a0/4a0a1316102366260e6f38fd2a9cfdce.jpg"
                },
                {
                    "id": 7,
                    "name": "Multiplayer",
                    "slug": "multiplayer",
                    "language": "eng",
                    "games_count": 39945,
                    "image_background": "https://media.rawg.io/media/games/8cc/8cce7c0e99dcc43d66c8efd42f9d03e3.jpg"
                }
            ],
            "esrb_rating": null,
            "user_game": null,
            "reviews_count": 150,
            "saturated_color": "0f0f0f",
            "dominant_color": "0f0f0f",
            "short_screenshots": [
                {
                    "id": -1,
                    "image": "https://media.rawg.io/media/screenshots/c39/c391b587cffb4e013d7854e03a03647c.jpg"
                },
                {
                    "id": 351204,
                    "image": "https://media.rawg.io/media/screenshots/430/430c3e3f879c1058b65a5b93dc37c898.jpg"
                },
                {
                    "id": 351205,
                    "image": "https://media.rawg.io/media/screenshots/393/393ca5da5bebf0184a8724a7b302e002.jpg"
                },
                {
                    "id": 351206,
                    "image": "https://media.rawg.io/media/screenshots/faa/faab368c07608c466ffd14ec684192ea.jpg"
                },
                {
                    "id": 351207,
                    "image": "https://media.rawg.io/media/screenshots/27c/27ccb1c3841d1d960154985f92de1cf9.jpg"
                },
                {
                    "id": 351208,
                    "image": "https://media.rawg.io/media/screenshots/531/531540d689277edd46a84a286cd4ffc5.jpg"
                },
                {
                    "id": 351209,
                    "image": "https://media.rawg.io/media/screenshots/0bd/0bda6ebbb23298511f4c56d37c3bb2e9.jpg"
                }
            ],
            "parent_platforms": [
                {
                    "platform": {
                        "id": 1,
                        "name": "PC",
                        "slug": "pc"
                    }
                },
                {
                    "platform": {
                        "id": 2,
                        "name": "PlayStation",
                        "slug": "playstation"
                    }
                },
                {
                    "platform": {
                        "id": 3,
                        "name": "Xbox",
                        "slug": "xbox"
                    }
                },
                {
                    "platform": {
                        "id": 5,
                        "name": "Apple Macintosh",
                        "slug": "mac"
                    }
                },
                {
                    "platform": {
                        "id": 7,
                        "name": "Nintendo",
                        "slug": "nintendo"
                    }
                }
            ],
            "genres": [
                {
                    "id": 11,
                    "name": "Arcade",
                    "slug": "arcade"
                },
                {
                    "id": 15,
                    "name": "Sports",
                    "slug": "sports"
                }
            ]
        },
        {
            "slug": "tony-hawks-underground",
            "name": "Tony Hawk's Underground",
            "playtime": 0,
            "platforms": [
                {
                    "platform": {
                        "id": 4,
                        "name": "PC",
                        "slug": "pc"
                    }
                },
                {
                    "platform": {
                        "id": 80,
                        "name": "Xbox",
                        "slug": "xbox-old"
                    }
                },
                {
                    "platform": {
                        "id": 15,
                        "name": "PlayStation 2",
                        "slug": "playstation2"
                    }
                },
                {
                    "platform": {
                        "id": 105,
                        "name": "GameCube",
                        "slug": "gamecube"
                    }
                },
                {
                    "platform": {
                        "id": 24,
                        "name": "Game Boy Advance",
                        "slug": "game-boy-advance"
                    }
                }
            ],
            "stores": null,
            "released": "2003-10-27",
            "tba": false,
            "background_image": "https://media.rawg.io/media/games/63e/63e1b309560fef546cdb7b8334226b2d.jpg",
            "rating": 4.21,
            "rating_top": 4,
            "ratings": [
                {
                    "id": 4,
                    "title": "recommended",
                    "count": 61,
                    "percent": 56.48
                },
                {
                    "id": 5,
                    "title": "exceptional",
                    "count": 36,
                    "percent": 33.33
                },
                {
                    "id": 3,
                    "title": "meh",
                    "count": 10,
                    "percent": 9.26
                },
                {
                    "id": 1,
                    "title": "skip",
                    "count": 1,
                    "percent": 0.93
                }
            ],
            "ratings_count": 105,
            "reviews_text_count": 2,
            "added": 232,
            "added_by_status": {
                "yet": 10,
                "owned": 46,
                "beaten": 116,
                "toplay": 18,
                "dropped": 39,
                "playing": 3
            },
            "metacritic": 90,
            "suggestions_count": 341,
            "updated": "2025-01-03T19:09:28",
            "id": 53108,
            "score": null,
            "clip": null,
            "tags": [
                {
                    "id": 31,
                    "name": "Singleplayer",
                    "slug": "singleplayer",
                    "language": "eng",
                    "games_count": 236808,
                    "image_background": "https://media.rawg.io/media/games/4be/4be6a6ad0364751a96229c56bf69be59.jpg"
                },
                {
                    "id": 7,
                    "name": "Multiplayer",
                    "slug": "multiplayer",
                    "language": "eng",
                    "games_count": 40265,
                    "image_background": "https://media.rawg.io/media/games/021/021c4e21a1824d2526f925eff6324653.jpg"
                }
            ],
            "esrb_rating": {
                "id": 3,
                "name": "Teen",
                "slug": "teen",
                "name_en": "Teen",
                "name_ru": "С 13 лет"
            },
            "user_game": null,
            "reviews_count": 108,
            "saturated_color": "0f0f0f",
            "dominant_color": "0f0f0f",
            "short_screenshots": [
                {
                    "id": -1,
                    "image": "https://media.rawg.io/media/games/63e/63e1b309560fef546cdb7b8334226b2d.jpg"
                },
                {
                    "id": 730651,
                    "image": "https://media.rawg.io/media/screenshots/b37/b37871975376d55856eb3e42f9b0f320.jpg"
                },
                {
                    "id": 730652,
                    "image": "https://media.rawg.io/media/screenshots/0d8/0d8dc94e681f3341d0a6bda3c6cc1024.jpg"
                },
                {
                    "id": 730653,
                    "image": "https://media.rawg.io/media/screenshots/257/25729981618f560f9212c9022bd92535.jpg"
                },
                {
                    "id": 730654,
                    "image": "https://media.rawg.io/media/screenshots/3ac/3ac51d4d0f75d4d128c3d9d068c5e58c.jpg"
                },
                {
                    "id": 730655,
                    "image": "https://media.rawg.io/media/screenshots/505/50509ecd64e7faf581ac7a0243e92c78.jpg"
                },
                {
                    "id": 730656,
                    "image": "https://media.rawg.io/media/screenshots/efe/efe23918fec918472cf3940bbd5fa9be.jpg"
                }
            ],
            "parent_platforms": [
                {
                    "platform": {
                        "id": 1,
                        "name": "PC",
                        "slug": "pc"
                    }
                },
                {
                    "platform": {
                        "id": 2,
                        "name": "PlayStation",
                        "slug": "playstation"
                    }
                },
                {
                    "platform": {
                        "id": 3,
                        "name": "Xbox",
                        "slug": "xbox"
                    }
                },
                {
                    "platform": {
                        "id": 7,
                        "name": "Nintendo",
                        "slug": "nintendo"
                    }
                }
            ],
            "genres": [
                {
                    "id": 15,
                    "name": "Sports",
                    "slug": "sports"
                }
            ]
        },
        {
            "slug": "tony-hawks-american-wasteland",
            "name": "Tony Hawk's American Wasteland",
            "playtime": 0,
            "platforms": [
                {
                    "platform": {
                        "id": 4,
                        "name": "PC",
                        "slug": "pc"
                    }
                },
                {
                    "platform": {
                        "id": 14,
                        "name": "Xbox 360",
                        "slug": "xbox360"
                    }
                },
                {
                    "platform": {
                        "id": 80,
                        "name": "Xbox",
                        "slug": "xbox-old"
                    }
                },
                {
                    "platform": {
                        "id": 15,
                        "name": "PlayStation 2",
                        "slug": "playstation2"
                    }
                },
                {
                    "platform": {
                        "id": 105,
                        "name": "GameCube",
                        "slug": "gamecube"
                    }
                }
            ],
            "stores": null,
            "released": "2005-10-18",
            "tba": false,
            "background_image": "https://media.rawg.io/media/games/433/433f36b268f6c746d6bfb6e216b6d4f7.jpg",
            "rating": 4.13,
            "rating_top": 4,
            "ratings": [
                {
                    "id": 4,
                    "title": "recommended",
                    "count": 58,
                    "percent": 54.72
                },
                {
                    "id": 5,
                    "title": "exceptional",
                    "count": 33,
                    "percent": 31.13
                },
                {
                    "id": 3,
                    "title": "meh",
                    "count": 13,
                    "percent": 12.26
                },
                {
                    "id": 1,
                    "title": "skip",
                    "count": 2,
                    "percent": 1.89
                }
            ],
            "ratings_count": 103,
            "reviews_text_count": 3,
            "added": 254,
            "added_by_status": {
                "yet": 7,
                "owned": 55,
                "beaten": 113,
                "toplay": 17,
                "dropped": 57,
                "playing": 5
            },
            "metacritic": 74,
            "suggestions_count": 439,
            "updated": "2024-03-27T14:02:00",
            "id": 36758,
            "score": null,
            "clip": null,
            "tags": [
                {
                    "id": 31,
                    "name": "Singleplayer",
                    "slug": "singleplayer",
                    "language": "eng",
                    "games_count": 236808,
                    "image_background": "https://media.rawg.io/media/games/4be/4be6a6ad0364751a96229c56bf69be59.jpg"
                },
                {
                    "id": 7,
                    "name": "Multiplayer",
                    "slug": "multiplayer",
                    "language": "eng",
                    "games_count": 40265,
                    "image_background": "https://media.rawg.io/media/games/021/021c4e21a1824d2526f925eff6324653.jpg"
                }
            ],
            "esrb_rating": {
                "id": 3,
                "name": "Teen",
                "slug": "teen",
                "name_en": "Teen",
                "name_ru": "С 13 лет"
            },
            "user_game": null,
            "reviews_count": 106,
            "saturated_color": "0f0f0f",
            "dominant_color": "0f0f0f",
            "short_screenshots": [
                {
                    "id": -1,
                    "image": "https://media.rawg.io/media/games/433/433f36b268f6c746d6bfb6e216b6d4f7.jpg"
                },
                {
                    "id": 427192,
                    "image": "https://media.rawg.io/media/screenshots/9e0/9e058ae4a8ddd3422adbaef2da568f83.jpg"
                },
                {
                    "id": 427193,
                    "image": "https://media.rawg.io/media/screenshots/4a1/4a1d16abbf382ebf9ad14627fce43de2.jpg"
                },
                {
                    "id": 427194,
                    "image": "https://media.rawg.io/media/screenshots/a83/a8322e9da6229c3ae37a1e20eeee1b9b.jpg"
                },
                {
                    "id": 427195,
                    "image": "https://media.rawg.io/media/screenshots/331/331b203dd96f9d3174d7ac64aa5ebc23.jpg"
                },
                {
                    "id": 427196,
                    "image": "https://media.rawg.io/media/screenshots/8f5/8f557d3cbac2713711df3e129ba679d0.jpg"
                },
                {
                    "id": 427197,
                    "image": "https://media.rawg.io/media/screenshots/9fc/9fc7c869c73087098eaf4148ba455ad0.jpg"
                }
            ],
            "parent_platforms": [
                {
                    "platform": {
                        "id": 1,
                        "name": "PC",
                        "slug": "pc"
                    }
                },
                {
                    "platform": {
                        "id": 2,
                        "name": "PlayStation",
                        "slug": "playstation"
                    }
                },
                {
                    "platform": {
                        "id": 3,
                        "name": "Xbox",
                        "slug": "xbox"
                    }
                },
                {
                    "platform": {
                        "id": 7,
                        "name": "Nintendo",
                        "slug": "nintendo"
                    }
                }
            ],
            "genres": [
                {
                    "id": 11,
                    "name": "Arcade",
                    "slug": "arcade"
                },
                {
                    "id": 15,
                    "name": "Sports",
                    "slug": "sports"
                }
            ]
        },
        {
            "slug": "gun",
            "name": "GUN",
            "playtime": 1,
            "platforms": [
                {
                    "platform": {
                        "id": 4,
                        "name": "PC",
                        "slug": "pc"
                    }
                },
                {
                    "platform": {
                        "id": 14,
                        "name": "Xbox 360",
                        "slug": "xbox360"
                    }
                },
                {
                    "platform": {
                        "id": 80,
                        "name": "Xbox",
                        "slug": "xbox-old"
                    }
                },
                {
                    "platform": {
                        "id": 15,
                        "name": "PlayStation 2",
                        "slug": "playstation2"
                    }
                },
                {
                    "platform": {
                        "id": 105,
                        "name": "GameCube",
                        "slug": "gamecube"
                    }
                }
            ],
            "stores": [
                {
                    "store": {
                        "id": 1,
                        "name": "Steam",
                        "slug": "steam"
                    }
                },
                {
                    "store": {
                        "id": 5,
                        "name": "GOG",
                        "slug": "gog"
                    }
                },
                {
                    "store": {
                        "id": 7,
                        "name": "Xbox 360 Store",
                        "slug": "xbox360"
                    }
                }
            ],
            "released": "2005-11-05",
            "tba": false,
            "background_image": "https://media.rawg.io/media/games/ec1/ec132c684b3d57dbf1a86641b5a69f6b.jpg",
            "rating": 4.03,
            "rating_top": 4,
            "ratings": [
                {
                    "id": 4,
                    "title": "recommended",
                    "count": 158,
                    "percent": 65.83
                },
                {
                    "id": 5,
                    "title": "exceptional",
                    "count": 52,
                    "percent": 21.67
                },
                {
                    "id": 3,
                    "title": "meh",
                    "count": 22,
                    "percent": 9.17
                },
                {
                    "id": 1,
                    "title": "skip",
                    "count": 8,
                    "percent": 3.33
                }
            ],
            "ratings_count": 240,
            "reviews_text_count": 0,
            "added": 945,
            "added_by_status": {
                "yet": 44,
                "owned": 516,
                "beaten": 269,
                "toplay": 32,
                "dropped": 75,
                "playing": 9
            },
            "metacritic": 76,
            "suggestions_count": 443,
            "updated": "2025-01-27T13:22:42",
            "id": 19382,
            "score": null,
            "clip": null,
            "tags": [
                {
                    "id": 31,
                    "name": "Singleplayer",
                    "slug": "singleplayer",
                    "language": "eng",
                    "games_count": 236399,
                    "image_background": "https://media.rawg.io/media/games/20a/20aa03a10cda45239fe22d035c0ebe64.jpg"
                },
                {
                    "id": 42396,
                    "name": "Для одного игрока",
                    "slug": "dlia-odnogo-igroka",
                    "language": "rus",
                    "games_count": 59009,
                    "image_background": "https://media.rawg.io/media/games/b7b/b7b8381707152afc7d91f5d95de70e39.jpg"
                },
                {
                    "id": 42417,
                    "name": "Экшен",
                    "slug": "ekshen",
                    "language": "rus",
                    "games_count": 44970,
                    "image_background": "https://media.rawg.io/media/games/4a0/4a0a1316102366260e6f38fd2a9cfdce.jpg"
                },
                {
                    "id": 42392,
                    "name": "Приключение",
                    "slug": "prikliuchenie",
                    "language": "rus",
                    "games_count": 43223,
                    "image_background": "https://media.rawg.io/media/games/d1a/d1a2e99ade53494c6330a0ed945fe823.jpg"
                },
                {
                    "id": 7,
                    "name": "Multiplayer",
                    "slug": "multiplayer",
                    "language": "eng",
                    "games_count": 40195,
                    "image_background": "https://media.rawg.io/media/games/6c5/6c55e22185876626881b76c11922b073.jpg"
                },
                {
                    "id": 13,
                    "name": "Atmospheric",
                    "slug": "atmospheric",
                    "language": "eng",
                    "games_count": 36246,
                    "image_background": "https://media.rawg.io/media/games/562/562553814dd54e001a541e4ee83a591c.jpg"
                },
                {
                    "id": 42400,
                    "name": "Атмосфера",
                    "slug": "atmosfera",
                    "language": "rus",
                    "games_count": 6083,
                    "image_background": "https://media.rawg.io/media/games/942/9424d6bb763dc38d9378b488603c87fa.jpg"
                },
                {
                    "id": 42401,
                    "name": "Отличный саундтрек",
                    "slug": "otlichnyi-saundtrek",
                    "language": "rus",
                    "games_count": 4645,
                    "image_background": "https://media.rawg.io/media/games/7cf/7cfc9220b401b7a300e409e539c9afd5.jpg"
                },
                {
                    "id": 42,
                    "name": "Great Soundtrack",
                    "slug": "great-soundtrack",
                    "language": "eng",
                    "games_count": 3421,
                    "image_background": "https://media.rawg.io/media/games/26d/26d4437715bee60138dab4a7c8c59c92.jpg"
                },
                {
                    "id": 42394,
                    "name": "Глубокий сюжет",
                    "slug": "glubokii-siuzhet",
                    "language": "rus",
                    "games_count": 15104,
                    "image_background": "https://media.rawg.io/media/games/da1/da1b267764d77221f07a4386b6548e5a.jpg"
                },
                {
                    "id": 42412,
                    "name": "Ролевая игра",
                    "slug": "rolevaia-igra",
                    "language": "rus",
                    "games_count": 20129,
                    "image_background": "https://media.rawg.io/media/games/d1a/d1a2e99ade53494c6330a0ed945fe823.jpg"
                },
                {
                    "id": 118,
                    "name": "Story Rich",
                    "slug": "story-rich",
                    "language": "eng",
                    "games_count": 24240,
                    "image_background": "https://media.rawg.io/media/games/7a2/7a2500ee8b2c0e1ff268bb4479463dea.jpg"
                },
                {
                    "id": 42442,
                    "name": "Открытый мир",
                    "slug": "otkrytyi-mir",
                    "language": "rus",
                    "games_count": 6555,
                    "image_background": "https://media.rawg.io/media/games/e6d/e6de699bd788497f4b52e2f41f9698f2.jpg"
                },
                {
                    "id": 36,
                    "name": "Open World",
                    "slug": "open-world",
                    "language": "eng",
                    "games_count": 8369,
                    "image_background": "https://media.rawg.io/media/games/4a0/4a0a1316102366260e6f38fd2a9cfdce.jpg"
                },
                {
                    "id": 42428,
                    "name": "Шутер",
                    "slug": "shuter",
                    "language": "rus",
                    "games_count": 10423,
                    "image_background": "https://media.rawg.io/media/games/7a2/7a2500ee8b2c0e1ff268bb4479463dea.jpg"
                },
                {
                    "id": 42435,
                    "name": "Шедевр",
                    "slug": "shedevr",
                    "language": "rus",
                    "games_count": 1059,
                    "image_background": "https://media.rawg.io/media/games/7fa/7fa0b586293c5861ee32490e953a4996.jpg"
                },
                {
                    "id": 42441,
                    "name": "От третьего лица",
                    "slug": "ot-tretego-litsa",
                    "language": "rus",
                    "games_count": 8538,
                    "image_background": "https://media.rawg.io/media/games/4e0/4e0e7b6d6906a131307c94266e5c9a1c.jpg"
                },
                {
                    "id": 149,
                    "name": "Third Person",
                    "slug": "third-person",
                    "language": "eng",
                    "games_count": 13013,
                    "image_background": "https://media.rawg.io/media/games/b49/b4912b5dbfc7ed8927b65f05b8507f6c.jpg"
                },
                {
                    "id": 42491,
                    "name": "Мясо",
                    "slug": "miaso",
                    "language": "rus",
                    "games_count": 4962,
                    "image_background": "https://media.rawg.io/media/games/4fb/4fb548e4816c84d1d70f1a228fb167cc.jpg"
                },
                {
                    "id": 42461,
                    "name": "Классика",
                    "slug": "klassika",
                    "language": "rus",
                    "games_count": 1475,
                    "image_background": "https://media.rawg.io/media/games/021/021c4e21a1824d2526f925eff6324653.jpg"
                },
                {
                    "id": 26,
                    "name": "Gore",
                    "slug": "gore",
                    "language": "eng",
                    "games_count": 6135,
                    "image_background": "https://media.rawg.io/media/games/4a0/4a0a1316102366260e6f38fd2a9cfdce.jpg"
                },
                {
                    "id": 193,
                    "name": "Classic",
                    "slug": "classic",
                    "language": "eng",
                    "games_count": 1811,
                    "image_background": "https://media.rawg.io/media/games/7a2/7a2500ee8b2c0e1ff268bb4479463dea.jpg"
                },
                {
                    "id": 37,
                    "name": "Sandbox",
                    "slug": "sandbox",
                    "language": "eng",
                    "games_count": 7630,
                    "image_background": "https://media.rawg.io/media/games/d1a/d1a2e99ade53494c6330a0ed945fe823.jpg"
                },
                {
                    "id": 42444,
                    "name": "Песочница",
                    "slug": "pesochnitsa",
                    "language": "rus",
                    "games_count": 4858,
                    "image_background": "https://media.rawg.io/media/games/d7d/d7d33daa1892e2468cd0263d5dfc957e.jpg"
                },
                {
                    "id": 42402,
                    "name": "Насилие",
                    "slug": "nasilie",
                    "language": "rus",
                    "games_count": 6151,
                    "image_background": "https://media.rawg.io/media/games/aa3/aa36ba4b486a03ddfaef274fb4f5afd4.jpg"
                },
                {
                    "id": 42446,
                    "name": "Шутер от третьего лица",
                    "slug": "shuter-ot-tretego-litsa",
                    "language": "rus",
                    "games_count": 2406,
                    "image_background": "https://media.rawg.io/media/games/5bb/5bb55ccb8205aadbb6a144cf6d8963f1.jpg"
                },
                {
                    "id": 150,
                    "name": "Third-Person Shooter",
                    "slug": "third-person-shooter",
                    "language": "eng",
                    "games_count": 3797,
                    "image_background": "https://media.rawg.io/media/games/490/49016e06ae2103881ff6373248843069.jpg"
                },
                {
                    "id": 42472,
                    "name": "Культовая классика",
                    "slug": "kultovaia-klassika",
                    "language": "rus",
                    "games_count": 264,
                    "image_background": "https://media.rawg.io/media/games/ab1/ab1b125c1bf4899c58fe90226b9a1f5b.jpg"
                },
                {
                    "id": 42510,
                    "name": "Замедление времени",
                    "slug": "zamedlenie-vremeni",
                    "language": "rus",
                    "games_count": 780,
                    "image_background": "https://media.rawg.io/media/screenshots/65e/65e41ec8f819b718adb4286b16df45e5.jpg"
                },
                {
                    "id": 152,
                    "name": "Western",
                    "slug": "western",
                    "language": "eng",
                    "games_count": 1356,
                    "image_background": "https://media.rawg.io/media/screenshots/98c/98c25faca7a3e594188e0ae5fa112eed.jpg"
                },
                {
                    "id": 42475,
                    "name": "Вестерн",
                    "slug": "vestern",
                    "language": "rus",
                    "games_count": 411,
                    "image_background": "https://media.rawg.io/media/games/3ca/3ca6130eabf2e05275859166eaf5c66b.jpg"
                }
            ],
            "esrb_rating": {
                "id": 5,
                "name": "Adults Only",
                "slug": "adults-only",
                "name_en": "Adults Only",
                "name_ru": "Только для взрослых"
            },
            "user_game": null,
            "reviews_count": 240,
            "saturated_color": "0f0f0f",
            "dominant_color": "0f0f0f",
            "short_screenshots": [
                {
                    "id": -1,
                    "image": "https://media.rawg.io/media/games/ec1/ec132c684b3d57dbf1a86641b5a69f6b.jpg"
                },
                {
                    "id": 180855,
                    "image": "https://media.rawg.io/media/screenshots/522/5222bce64aefe022b64fb02174dccee2.jpg"
                },
                {
                    "id": 180856,
                    "image": "https://media.rawg.io/media/screenshots/684/68473d5dc5cd527b1016a7ad74d23a4d.jpg"
                },
                {
                    "id": 180857,
                    "image": "https://media.rawg.io/media/screenshots/797/797ba1838ba2089e5664e0f26f2c7368.jpg"
                },
                {
                    "id": 180858,
                    "image": "https://media.rawg.io/media/screenshots/f7b/f7bc4a838db3ed092de3c82687ede034.jpg"
                },
                {
                    "id": 180859,
                    "image": "https://media.rawg.io/media/screenshots/9e5/9e521ec69d8a4bf49e565c6f5b721827.jpg"
                },
                {
                    "id": 231188,
                    "image": "https://media.rawg.io/media/screenshots/6ee/6ee5f72b4cc7065a494f6230f6a34037_fdPqUof.jpg"
                }
            ],
            "parent_platforms": [
                {
                    "platform": {
                        "id": 1,
                        "name": "PC",
                        "slug": "pc"
                    }
                },
                {
                    "platform": {
                        "id": 2,
                        "name": "PlayStation",
                        "slug": "playstation"
                    }
                },
                {
                    "platform": {
                        "id": 3,
                        "name": "Xbox",
                        "slug": "xbox"
                    }
                },
                {
                    "platform": {
                        "id": 7,
                        "name": "Nintendo",
                        "slug": "nintendo"
                    }
                }
            ],
            "genres": [
                {
                    "id": 3,
                    "name": "Adventure",
                    "slug": "adventure"
                },
                {
                    "id": 4,
                    "name": "Action",
                    "slug": "action"
                }
            ]
        },
        {
            "slug": "apocalypse",
            "name": "Apocalypse",
            "playtime": 0,
            "platforms": [
                {
                    "platform": {
                        "id": 27,
                        "name": "PlayStation",
                        "slug": "playstation1"
                    }
                }
            ],
            "stores": null,
            "released": "1998-10-31",
            "tba": false,
            "background_image": "https://media.rawg.io/media/games/80b/80bf4d006b5182b9473bccdf667400a5.jpg",
            "rating": 3.81,
            "rating_top": 4,
            "ratings": [
                {
                    "id": 4,
                    "title": "recommended",
                    "count": 7,
                    "percent": 43.75
                },
                {
                    "id": 5,
                    "title": "exceptional",
                    "count": 4,
                    "percent": 25.0
                },
                {
                    "id": 3,
                    "title": "meh",
                    "count": 4,
                    "percent": 25.0
                },
                {
                    "id": 1,
                    "title": "skip",
                    "count": 1,
                    "percent": 6.25
                }
            ],
            "ratings_count": 15,
            "reviews_text_count": 0,
            "added": 35,
            "added_by_status": {
                "owned": 11,
                "beaten": 13,
                "toplay": 3,
                "dropped": 8
            },
            "metacritic": null,
            "suggestions_count": 277,
            "updated": "2024-11-18T18:09:03",
            "id": 52669,
            "score": null,
            "clip": null,
            "tags": [
                {
                    "id": 31,
                    "name": "Singleplayer",
                    "slug": "singleplayer",
                    "language": "eng",
                    "games_count": 233799,
                    "image_background": "https://media.rawg.io/media/games/2ba/2bac0e87cf45e5b508f227d281c9252a.jpg"
                },
                {
                    "id": 32,
                    "name": "Sci-fi",
                    "slug": "sci-fi",
                    "language": "eng",
                    "games_count": 20269,
                    "image_background": "https://media.rawg.io/media/games/b7d/b7d3f1715fa8381a4e780173a197a615.jpg"
                },
                {
                    "id": 69,
                    "name": "Action-Adventure",
                    "slug": "action-adventure",
                    "language": "eng",
                    "games_count": 18243,
                    "image_background": "https://media.rawg.io/media/games/709/709bf81f874ce5d25d625b37b014cb63.jpg"
                },
                {
                    "id": 37796,
                    "name": "exclusive",
                    "slug": "exclusive",
                    "language": "eng",
                    "games_count": 4491,
                    "image_background": "https://media.rawg.io/media/games/f24/f2493ea338fe7bd3c7d73750a85a0959.jpeg"
                },
                {
                    "id": 167,
                    "name": "Futuristic",
                    "slug": "futuristic",
                    "language": "eng",
                    "games_count": 5965,
                    "image_background": "https://media.rawg.io/media/games/90f/90fd5e569bc4c4a666c588a732124908.jpg"
                },
                {
                    "id": 37797,
                    "name": "true exclusive",
                    "slug": "true-exclusive",
                    "language": "eng",
                    "games_count": 3980,
                    "image_background": "https://media.rawg.io/media/screenshots/0f5/0f585fa72f534f62f9e5da051179f5de.jpg"
                },
                {
                    "id": 478,
                    "name": "3rd-Person Perspective",
                    "slug": "3rd-person-perspective",
                    "language": "eng",
                    "games_count": 87,
                    "image_background": "https://media.rawg.io/media/games/21c/21cc15d233117c6809ec86870559e105.jpg"
                }
            ],
            "esrb_rating": null,
            "user_game": null,
            "reviews_count": 16,
            "saturated_color": "0f0f0f",
            "dominant_color": "0f0f0f",
            "short_screenshots": [
                {
                    "id": -1,
                    "image": "https://media.rawg.io/media/games/80b/80bf4d006b5182b9473bccdf667400a5.jpg"
                },
                {
                    "id": 822990,
                    "image": "https://media.rawg.io/media/screenshots/7dd/7dda8c88c4532d60e5725f9761fa3514.jpg"
                },
                {
                    "id": 822991,
                    "image": "https://media.rawg.io/media/screenshots/80a/80a27de42815a84b111e042bb3d249e8.jpg"
                },
                {
                    "id": 822992,
                    "image": "https://media.rawg.io/media/screenshots/479/4798d3e084b21faf11dc1c82605fbe82.jpg"
                },
                {
                    "id": 822993,
                    "image": "https://media.rawg.io/media/screenshots/2ba/2ba4f28abc92a64e1ff0296fb44b3cfa.jpg"
                },
                {
                    "id": 822994,
                    "image": "https://media.rawg.io/media/screenshots/281/281e82fcd52e1301d3159811dcef1074.jpg"
                },
                {
                    "id": 822995,
                    "image": "https://media.rawg.io/media/screenshots/200/200899a213881c2d0a696f6b678bc22d.jpg"
                }
            ],
            "parent_platforms": [
                {
                    "platform": {
                        "id": 2,
                        "name": "PlayStation",
                        "slug": "playstation"
                    }
                }
            ],
            "genres": [
                {
                    "id": 2,
                    "name": "Shooter",
                    "slug": "shooter"
                },
                {
                    "id": 3,
                    "name": "Adventure",
                    "slug": "adventure"
                },
                {
                    "id": 4,
                    "name": "Action",
                    "slug": "action"
                }
            ]
        }
    ],
    "user_platforms": false
}