{
    "count": 425,
    "next": "https://api.rawg.io/api/games?developers=16257&key=6144c1f5ae184e6a89a3e2b34caf541c&ordering=-rating&page=2&page_size=10",
    "previous": null,
    "results": [
        {
            "slug": "splatoon-2-octo-expansion",
            "name": "Splatoon 2: Octo Expansion",
            "playtime": 0,
            "platforms": [
                {
                    "platform": {
                        "id": 7,
                        "name": "Nintendo Switch",
                        "slug": "nintendo-switch"
                    }
                }
            ],
            "stores": [
                {
                    "store": {
                        "id": 6,
                        "name": "Nintendo Store",
                        "slug": "nintendo"
                    }
                }
            ],
            "released": "2018-06-12",
            "tba": false,
            "background_image": "https://media.rawg.io/media/games/8a7/8a7e9776a4f72be09eff57c821391b96.jpg",
            "rating": 4.62,
            "rating_top": 5,
            "ratings": [
                {
                    "id": 5,
                    "title": "exceptional",
                    "count": 50,
                    "percent": 69.44
                },
                {
                    "id": 4,
                    "title": "recommended",
                    "count": 19,
                    "percent": 26.39
                },
                {
                    "id": 3,
                    "title": "meh",
                    "count": 2,
                    "percent": 2.78
                },
                {
                    "id": 1,
                    "title": "skip",
                    "count": 1,
                    "percent": 1.39
                }
            ],
            "ratings_count": 72,
            "reviews_text_count": 0,
            "added": 179,
            "added_by_status": {
                "yet": 18,
                "owned": 38,
                "beaten": 87,
                "toplay": 24,
                "dropped": 5,
                "playing": 7
            },
            "metacritic": 82,
            "suggestions_count": 272,
            "updated": "2024-11-10T13:12:36",
            "id": 58823,
            "score": null,
            "clip": null,
            "tags": [
                {
                    "id": 7,
                    "name": "Multiplayer",
                    "slug": "multiplayer",
                    "language": "eng",
                    "games_count": 39229,
                    "image_background": "https://media.rawg.io/media/games/736/73619bd336c894d6941d926bfd563946.jpg"
                },
                {
                    "id": 981,
                    "name": "battle",
                    "slug": "battle",
                    "language": "eng",
                    "games_count": 10665,
                    "image_background": "https://media.rawg.io/media/games/4d3/4d36d90fd20f0c0e7e66a99fd624b03a.jpg"
                },
                {
                    "id": 808,
                    "name": "character",
                    "slug": "character",
                    "language": "eng",
                    "games_count": 8859,
                    "image_background": "https://media.rawg.io/media/games/43f/43ff0ac9538f82b00fb3b47d186bd46b.jpg"
                },
                {
                    "id": 822,
                    "name": "escape",
                    "slug": "escape",
                    "language": "eng",
                    "games_count": 7635,
                    "image_background": "https://media.rawg.io/media/games/b86/b86c1a368a97b1fb0b757429f7659c70.jpg"
                },
                {
                    "id": 2865,
                    "name": "girl",
                    "slug": "girl",
                    "language": "eng",
                    "games_count": 2064,
                    "image_background": "https://media.rawg.io/media/screenshots/3ae/3aee6b099a39035e986e01025fd5c0c6.jpg"
                }
            ],
            "esrb_rating": null,
            "user_game": null,
            "reviews_count": 72,
            "saturated_color": "0f0f0f",
            "dominant_color": "0f0f0f",
            "short_screenshots": [
                {
                    "id": -1,
                    "image": "https://media.rawg.io/media/games/8a7/8a7e9776a4f72be09eff57c821391b96.jpg"
                },
                {
                    "id": 779327,
                    "image": "https://media.rawg.io/media/screenshots/db9/db9989c431ccb4e7d04af45bb1b14807.jpeg"
                },
                {
                    "id": 779328,
                    "image": "https://media.rawg.io/media/screenshots/b48/b48d42763a2478be1946dd2ad4d97a54.jpg"
                },
                {
                    "id": 779329,
                    "image": "https://media.rawg.io/media/screenshots/46f/46f52378e4bd3b35a401c522f5909f45.jpg"
                },
                {
                    "id": 779330,
                    "image": "https://media.rawg.io/media/screenshots/614/6140838bcd57ef01428fe44756a2b8f0.jpg"
                }
            ],
            "parent_platforms": [
                {
                    "platform": {
                        "id": 7,
                        "name": "Nintendo",
                        "slug": "nintendo"
                    }
                }
            ],
            "genres": [
                {
                    "id": 2,
                    "name": "Shooter",
                    "slug": "shooter"
                },
                {
                    "id": 4,
                    "name": "Action",
                    "slug": "action"
                }
            ]
        },
        {
            "slug": "the-legend-of-zelda-twilight-princess-hd",
            "name": "The Legend of Zelda: Twilight Princess HD",
            "playtime": 34,
            "platforms": [
                {
                    "platform": {
                        "id": 10,
                        "name": "Wii U",
                        "slug": "wii-u"
                    }
                }
            ],
            "stores": [
                {
                    "store": {
                        "id": 6,
                        "name": "Nintendo Store",
                        "slug": "nintendo"
                    }
                }
            ],
            "released": "2016-03-04",
            "tba": false,
            "background_image": "https://media.rawg.io/media/screenshots/46e/46e49369d4a3d528db5216a5cadec38b.jpg",
            "rating": 4.58,
            "rating_top": 5,
            "ratings": [
                {
                    "id": 5,
                    "title": "exceptional",
                    "count": 79,
                    "percent": 68.7
                },
                {
                    "id": 4,
                    "title": "recommended",
                    "count": 28,
                    "percent": 24.35
                },
                {
                    "id": 3,
                    "title": "meh",
                    "count": 6,
                    "percent": 5.22
                },
                {
                    "id": 1,
                    "title": "skip",
                    "count": 2,
                    "percent": 1.74
                }
            ],
            "ratings_count": 114,
            "reviews_text_count": 1,
            "added": 361,
            "added_by_status": {
                "yet": 55,
                "owned": 68,
                "beaten": 131,
                "toplay": 67,
                "dropped": 26,
                "playing": 14
            },
            "metacritic": null,
            "suggestions_count": 527,
            "updated": "2025-03-05T13:24:34",
            "id": 24182,
            "score": null,
            "clip": null,
            "tags": [
                {
                    "id": 37796,
                    "name": "exclusive",
                    "slug": "exclusive",
                    "language": "eng",
                    "games_count": 4491,
                    "image_background": "https://media.rawg.io/media/games/f24/f2493ea338fe7bd3c7d73750a85a0959.jpeg"
                },
                {
                    "id": 37797,
                    "name": "true exclusive",
                    "slug": "true-exclusive",
                    "language": "eng",
                    "games_count": 3980,
                    "image_background": "https://media.rawg.io/media/games/4be/4be6a6ad0364751a96229c56bf69be59.jpg"
                }
            ],
            "esrb_rating": null,
            "user_game": null,
            "reviews_count": 115,
            "saturated_color": "0f0f0f",
            "dominant_color": "0f0f0f",
            "short_screenshots": [
                {
                    "id": -1,
                    "image": "https://media.rawg.io/media/screenshots/46e/46e49369d4a3d528db5216a5cadec38b.jpg"
                },
                {
                    "id": 244565,
                    "image": "https://media.rawg.io/media/screenshots/e3b/e3bacd1e7cb23a3d5ea85e1590697cfb.jpg"
                },
                {
                    "id": 244566,
                    "image": "https://media.rawg.io/media/screenshots/b09/b09f9cb83ae94761400b8234d2441f5b.jpg"
                },
                {
                    "id": 244567,
                    "image": "https://media.rawg.io/media/screenshots/93b/93bc899ae6733189a8012a68c08b7b8a.jpg"
                },
                {
                    "id": 244568,
                    "image": "https://media.rawg.io/media/screenshots/1af/1af81c645d2a1b70642155ebc9e426ad.jpg"
                },
                {
                    "id": 244569,
                    "image": "https://media.rawg.io/media/screenshots/627/627669b5cf8f45941bc8f9db15843d4b.jpg"
                },
                {
                    "id": 244570,
                    "image": "https://media.rawg.io/media/screenshots/380/380617c5af1d00f067336d29bbef0b15.jpg"
                }
            ],
            "parent_platforms": [
                {
                    "platform": {
                        "id": 7,
                        "name": "Nintendo",
                        "slug": "nintendo"
                    }
                }
            ],
            "genres": [
                {
                    "id": 4,
                    "name": "Action",
                    "slug": "action"
                },
                {
                    "id": 5,
                    "name": "RPG",
                    "slug": "role-playing-games-rpg"
                }
            ]
        },
        {
            "slug": "the-legend-of-zelda-breath-of-the-wild",
            "name": "The Legend of Zelda: Breath of the Wild",
            "playtime": 121,
            "platforms": [
                {
                    "platform": {
                        "id": 7,
                        "name": "Nintendo Switch",
                        "slug": "nintendo-switch"
                    }
                },
                {
                    "platform": {
                        "id": 10,
                        "name": "Wii U",
                        "slug": "wii-u"
                    }
                }
            ],
            "stores": [
                {
                    "store": {
                        "id": 6,
                        "name": "Nintendo Store",
                        "slug": "nintendo"
                    }
                }
            ],
            "released": "2017-03-03",
            "tba": false,
            "background_image": "https://media.rawg.io/media/games/cc1/cc196a5ad763955d6532cdba236f730c.jpg",
            "rating": 4.5,
            "rating_top": 5,
            "ratings": [
                {
                    "id": 5,
                    "title": "exceptional",
                    "count": 2246,
                    "percent": 72.22
                },
                {
                    "id": 4,
                    "title": "recommended",
                    "count": 507,
                    "percent": 16.3
                },
                {
                    "id": 3,
                    "title": "meh",
                    "count": 185,
                    "percent": 5.95
                },
                {
                    "id": 1,
                    "title": "skip",
                    "count": 172,
                    "percent": 5.53
                }
            ],
            "ratings_count": 3050,
            "reviews_text_count": 45,
            "added": 6069,
            "added_by_status": {
                "yet": 356,
                "owned": 1442,
                "beaten": 2296,
                "toplay": 784,
                "dropped": 482,
                "playing": 709
            },
            "metacritic": 97,
            "suggestions_count": 314,
            "updated": "2025-03-19T19:12:09",
            "id": 22511,
            "score": null,
            "clip": null,
            "tags": [
                {
                    "id": 24,
                    "name": "RPG",
                    "slug": "rpg",
                    "language": "eng",
                    "games_count": 23789,
                    "image_background": "https://media.rawg.io/media/games/618/618c2031a07bbff6b4f611f10b6bcdbc.jpg"
                },
                {
                    "id": 36,
                    "name": "Open World",
                    "slug": "open-world",
                    "language": "eng",
                    "games_count": 8394,
                    "image_background": "https://media.rawg.io/media/games/00d/00d374f12a3ab5f96c500a2cfa901e15.jpg"
                },
                {
                    "id": 37,
                    "name": "Sandbox",
                    "slug": "sandbox",
                    "language": "eng",
                    "games_count": 7655,
                    "image_background": "https://media.rawg.io/media/games/960/960b601d9541cec776c5fa42a00bf6c4.jpg"
                },
                {
                    "id": 69,
                    "name": "Action-Adventure",
                    "slug": "action-adventure",
                    "language": "eng",
                    "games_count": 18751,
                    "image_background": "https://media.rawg.io/media/games/c50/c5085506fe4b5e20fc7aa5ace842c20b.jpg"
                },
                {
                    "id": 37796,
                    "name": "exclusive",
                    "slug": "exclusive",
                    "language": "eng",
                    "games_count": 4491,
                    "image_background": "https://media.rawg.io/media/games/f24/f2493ea338fe7bd3c7d73750a85a0959.jpeg"
                }
            ],
            "esrb_rating": {
                "id": 2,
                "name": "Everyone 10+",
                "slug": "everyone-10-plus",
                "name_en": "Everyone 10+",
                "name_ru": "С 10 лет"
            },
            "user_game": null,
            "reviews_count": 3110,
            "saturated_color": "0f0f0f",
            "dominant_color": "0f0f0f",
            "short_screenshots": [
                {
                    "id": -1,
                    "image": "https://media.rawg.io/media/games/cc1/cc196a5ad763955d6532cdba236f730c.jpg"
                },
                {
                    "id": 806574,
                    "image": "https://media.rawg.io/media/screenshots/3c4/3c4a8f6b1994def75e73e1cb64624e7f.jpg"
                },
                {
                    "id": 806575,
                    "image": "https://media.rawg.io/media/screenshots/8f5/8f5d4264b12090bb7aa5626fcfb5be18.jpg"
                },
                {
                    "id": 806576,
                    "image": "https://media.rawg.io/media/screenshots/b77/b771adc0585c655f8a747d3160e5325a.jpg"
                },
                {
                    "id": 806577,
                    "image": "https://media.rawg.io/media/screenshots/ef7/ef7d89471e5c0dc5553c249b2c34d9cd.jpg"
                },
                {
                    "id": 806578,
                    "image": "https://media.rawg.io/media/screenshots/1e5/1e58e8a064da6906f09dba1edb3fdea6.jpg"
                },
                {
                    "id": 806579,
                    "image": "https://media.rawg.io/media/screenshots/bef/bef44f5547b97d44c5e14f8773f9876c.jpg"
                }
            ],
            "parent_platforms": [
                {
                    "platform": {
                        "id": 7,
                        "name": "Nintendo",
                        "slug": "nintendo"
                    }
                }
            ],
            "genres": [
                {
                    "id": 3,
                    "name": "Adventure",
                    "slug": "adventure"
                },
                {
                    "id": 4,
                    "name": "Action",
                    "slug": "action"
                },
                {
                    "id": 5,
                    "name": "RPG",
                    "slug": "role-playing-games-rpg"
                }
            ]
        },
        {
            "slug": "metroid-prime-remastered",
            "name": "Metroid Prime Remastered",
            "playtime": 0,
            "platforms": [
                {
                    "platform": {
                        "id": 7,
                        "name": "Nintendo Switch",
                        "slug": "nintendo-switch"
                    }
                }
            ],
            "stores": [
                {
                    "store": {
                        "id": 6,
                        "name": "Nintendo Store",
                        "slug": "nintendo"
                    }
                }
            ],
            "released": "2023-02-08",
            "tba": false,
            "background_image": "https://media.rawg.io/media/games/f2f/f2f9f11997ee841550ba2b8ccf3c51e9.jpg",
            "rating": 4.45,
            "rating_top": 5,
            "ratings": [
                {
                    "id": 5,
                    "title": "exceptional",
                    "count": 34,
                    "percent": 56.67
                },
                {
                    "id": 4,
                    "title": "recommended",
                    "count": 19,
                    "percent": 31.67
                },
                {
                    "id": 3,
                    "title": "meh",
                    "count": 7,
                    "percent": 11.67
                }
            ],
            "ratings_count": 58,
            "reviews_text_count": 2,
            "added": 275,
            "added_by_status": {
                "yet": 52,
                "owned": 37,
                "beaten": 49,
                "toplay": 93,
                "dropped": 23,
                "playing": 21
            },
            "metacritic": null,
            "suggestions_count": 606,
            "updated": "2025-03-14T20:28:19",
            "id": 923014,
            "score": null,
            "clip": null,
            "tags": [],
            "esrb_rating": {
                "id": 3,
                "name": "Teen",
                "slug": "teen",
                "name_en": "Teen",
                "name_ru": "С 13 лет"
            },
            "user_game": null,
            "reviews_count": 60,
            "saturated_color": "0f0f0f",
            "dominant_color": "0f0f0f",
            "short_screenshots": [
                {
                    "id": -1,
                    "image": "https://media.rawg.io/media/games/f2f/f2f9f11997ee841550ba2b8ccf3c51e9.jpg"
                },
                {
                    "id": 3771312,
                    "image": "https://media.rawg.io/media/screenshots/dd5/dd5a7731f6ebd4587b4d72dee859c19c.jpg"
                },
                {
                    "id": 3771313,
                    "image": "https://media.rawg.io/media/screenshots/314/31477e1cbaa10f6adda65eff7fed74da.jpg"
                },
                {
                    "id": 3771314,
                    "image": "https://media.rawg.io/media/screenshots/72e/72e119bc318e08e0b1bdbda4fbc6f801.jpg"
                },
                {
                    "id": 3771315,
                    "image": "https://media.rawg.io/media/screenshots/f5d/f5dcea6b39338a07549fda89deb49e47.jpg"
                },
                {
                    "id": 3771316,
                    "image": "https://media.rawg.io/media/screenshots/c11/c117dcc8231d31c4a11db8261a61aa18.jpg"
                },
                {
                    "id": 3771317,
                    "image": "https://media.rawg.io/media/screenshots/dc7/dc7c3ae2081cca749ad7b086c0ea9225.jpg"
                }
            ],
            "parent_platforms": [
                {
                    "platform": {
                        "id": 7,
                        "name": "Nintendo",
                        "slug": "nintendo"
                    }
                }
            ],
            "genres": [
                {
                    "id": 83,
                    "name": "Platformer",
                    "slug": "platformer"
                },
                {
                    "id": 2,
                    "name": "Shooter",
                    "slug": "shooter"
                },
                {
                    "id": 3,
                    "name": "Adventure",
                    "slug": "adventure"
                },
                {
                    "id": 4,
                    "name": "Action",
                    "slug": "action"
                }
            ]
        },
        {
            "slug": "mario-kart-8-deluxe",
            "name": "Mario Kart 8 Deluxe",
            "playtime": 0,
            "platforms": [
                {
                    "platform": {
                        "id": 7,
                        "name": "Nintendo Switch",
                        "slug": "nintendo-switch"
                    }
                }
            ],
            "stores": [
                {
                    "store": {
                        "id": 6,
                        "name": "Nintendo Store",
                        "slug": "nintendo"
                    }
                }
            ],
            "released": "2017-04-27",
            "tba": false,
            "background_image": "https://media.rawg.io/media/games/6f8/6f846e941c78cfbabe53cd67e55ced83.jpg",
            "rating": 4.44,
            "rating_top": 5,
            "ratings": [
                {
                    "id": 5,
                    "title": "exceptional",
                    "count": 515,
                    "percent": 57.22
                },
                {
                    "id": 4,
                    "title": "recommended",
                    "count": 308,
                    "percent": 34.22
                },
                {
                    "id": 3,
                    "title": "meh",
                    "count": 55,
                    "percent": 6.11
                },
                {
                    "id": 1,
                    "title": "skip",
                    "count": 22,
                    "percent": 2.44
                }
            ],
            "ratings_count": 885,
            "reviews_text_count": 12,
            "added": 1814,
            "added_by_status": {
                "yet": 53,
                "owned": 370,
                "beaten": 701,
                "toplay": 144,
                "dropped": 264,
                "playing": 282
            },
            "metacritic": 92,
            "suggestions_count": 399,
            "updated": "2025-03-03T05:53:37",
            "id": 23165,
            "score": null,
            "clip": null,
            "tags": [
                {
                    "id": 7,
                    "name": "Multiplayer",
                    "slug": "multiplayer",
                    "language": "eng",
                    "games_count": 40195,
                    "image_background": "https://media.rawg.io/media/games/6c5/6c55e22185876626881b76c11922b073.jpg"
                },
                {
                    "id": 4,
                    "name": "Funny",
                    "slug": "funny",
                    "language": "eng",
                    "games_count": 26718,
                    "image_background": "https://media.rawg.io/media/games/c6b/c6bfece1daf8d06bc0a60632ac78e5bf.jpg"
                },
                {
                    "id": 37796,
                    "name": "exclusive",
                    "slug": "exclusive",
                    "language": "eng",
                    "games_count": 4491,
                    "image_background": "https://media.rawg.io/media/games/f24/f2493ea338fe7bd3c7d73750a85a0959.jpeg"
                },
                {
                    "id": 107,
                    "name": "Family Friendly",
                    "slug": "family-friendly",
                    "language": "eng",
                    "games_count": 8947,
                    "image_background": "https://media.rawg.io/media/games/37a/37a9536e92cf8fe3b60045aa75dbd41f.jpg"
                },
                {
                    "id": 179,
                    "name": "Cartoon",
                    "slug": "cartoon",
                    "language": "eng",
                    "games_count": 6787,
                    "image_background": "https://media.rawg.io/media/games/075/0753492cda7ee3c9bd4a3ca673fd0c8c.jpg"
                }
            ],
            "esrb_rating": {
                "id": 1,
                "name": "Everyone",
                "slug": "everyone",
                "name_en": "Everyone",
                "name_ru": "Для всех"
            },
            "user_game": null,
            "reviews_count": 900,
            "saturated_color": "0f0f0f",
            "dominant_color": "0f0f0f",
            "short_screenshots": [
                {
                    "id": -1,
                    "image": "https://media.rawg.io/media/games/6f8/6f846e941c78cfbabe53cd67e55ced83.jpg"
                },
                {
                    "id": 233806,
                    "image": "https://media.rawg.io/media/screenshots/f94/f94b27140ac3b7af61ba844f4d54bb42.jpg"
                },
                {
                    "id": 233807,
                    "image": "https://media.rawg.io/media/screenshots/9a1/9a13007b3ea3d8e6a4e16cc3d8f41a93.jpg"
                },
                {
                    "id": 233808,
                    "image": "https://media.rawg.io/media/screenshots/dea/dea2a3fa3c99c73d7efe04a88bbc29d4.jpg"
                },
                {
                    "id": 233809,
                    "image": "https://media.rawg.io/media/screenshots/045/045475c1922e9b982b07cb11e31e3cd6.jpg"
                },
                {
                    "id": 241438,
                    "image": "https://media.rawg.io/media/screenshots/971/9710144e98d8f9b326b9badbf83ece02.jpg"
                },
                {
                    "id": 241439,
                    "image": "https://media.rawg.io/media/screenshots/2a0/2a0cb43c0f7dcc384b56c3a433a58ac2.jpg"
                }
            ],
            "parent_platforms": [
                {
                    "platform": {
                        "id": 7,
                        "name": "Nintendo",
                        "slug": "nintendo"
                    }
                }
            ],
            "genres": [
                {
                    "id": 1,
                    "name": "Racing",
                    "slug": "racing"
                }
            ]
        },
        {
            "slug": "donkey-kong-1994",
            "name": "Donkey Kong (1994)",
            "playtime": 0,
            "platforms": [
                {
                    "platform": {
                        "id": 26,
                        "name": "Game Boy",
                        "slug": "game-boy"
                    }
                }
            ],
            "stores": null,
            "released": "1994-06-14",
            "tba": false,
            "background_image": "https://media.rawg.io/media/screenshots/435/4355c4059c2ad9f3208dd34940ea63a9.jpg",
            "rating": 4.43,
            "rating_top": 4,
            "ratings": [
                {
                    "id": 4,
                    "title": "recommended",
                    "count": 4,
                    "percent": 57.14
                },
                {
                    "id": 5,
                    "title": "exceptional",
                    "count": 3,
                    "percent": 42.86
                }
            ],
            "ratings_count": 7,
            "reviews_text_count": 0,
            "added": 25,
            "added_by_status": {
                "yet": 1,
                "owned": 5,
                "beaten": 6,
                "toplay": 8,
                "dropped": 4,
                "playing": 1
            },
            "metacritic": null,
            "suggestions_count": 116,
            "updated": "2023-11-03T20:53:30",
            "id": 307153,
            "score": null,
            "clip": null,
            "tags": [
                {
                    "id": 808,
                    "name": "character",
                    "slug": "character",
                    "language": "eng",
                    "games_count": 8842,
                    "image_background": "https://media.rawg.io/media/games/260/26023c855f1769a93411d6a7ea084632.jpeg"
                },
                {
                    "id": 731,
                    "name": "NES",
                    "slug": "nes",
                    "language": "eng",
                    "games_count": 1336,
                    "image_background": "https://media.rawg.io/media/games/485/485c900507a167177e6ba94ba524e2a4.jpg"
                },
                {
                    "id": 1598,
                    "name": "mario",
                    "slug": "mario",
                    "language": "eng",
                    "games_count": 1299,
                    "image_background": "https://media.rawg.io/media/games/4e9/4e928ff4b4e3c3f5acfda38b98a4cf65.jpg"
                }
            ],
            "esrb_rating": null,
            "user_game": null,
            "reviews_count": 7,
            "saturated_color": "0f0f0f",
            "dominant_color": "0f0f0f",
            "short_screenshots": [
                {
                    "id": -1,
                    "image": "https://media.rawg.io/media/screenshots/435/4355c4059c2ad9f3208dd34940ea63a9.jpg"
                },
                {
                    "id": 3290763,
                    "image": "https://media.rawg.io/media/screenshots/5ca/5ca35a0610c6d72e229c9fc536e1eada.jpg"
                },
                {
                    "id": 3290764,
                    "image": "https://media.rawg.io/media/screenshots/f11/f1145fedb855e60bcc55455e77d7bea1.jpg"
                },
                {
                    "id": 3290765,
                    "image": "https://media.rawg.io/media/screenshots/0e7/0e75e93e71f010e737fab7b50147f8a4.jpg"
                },
                {
                    "id": 3290766,
                    "image": "https://media.rawg.io/media/screenshots/435/4355c4059c2ad9f3208dd34940ea63a9.jpg"
                }
            ],
            "parent_platforms": [
                {
                    "platform": {
                        "id": 7,
                        "name": "Nintendo",
                        "slug": "nintendo"
                    }
                }
            ],
            "genres": [
                {
                    "id": 83,
                    "name": "Platformer",
                    "slug": "platformer"
                },
                {
                    "id": 7,
                    "name": "Puzzle",
                    "slug": "puzzle"
                }
            ]
        },
        {
            "slug": "hamtaro-ham-ham-heartbreak",
            "name": "Hamtaro: Ham-Ham Heartbreak",
            "playtime": 0,
            "platforms": [
                {
                    "platform": {
                        "id": 24,
                        "name": "Game Boy Advance",
                        "slug": "game-boy-advance"
                    }
                }
            ],
            "stores": null,
            "released": "2002-05-03",
            "tba": false,
            "background_image": "https://media.rawg.io/media/screenshots/7fb/7fb2bc79afc81f576b2006475e86d5ab.jpg",
            "rating": 4.43,
            "rating_top": 4,
            "ratings": [
                {
                    "id": 4,
                    "title": "recommended",
                    "count": 4,
                    "percent": 57.14
                },
                {
                    "id": 5,
                    "title": "exceptional",
                    "count": 3,
                    "percent": 42.86
                }
            ],
            "ratings_count": 6,
            "reviews_text_count": 1,
            "added": 21,
            "added_by_status": {
                "yet": 2,
                "owned": 5,
                "beaten": 7,
                "toplay": 5,
                "dropped": 2
            },
            "metacritic": null,
            "suggestions_count": 202,
            "updated": "2023-12-08T06:49:31",
            "id": 53319,
            "score": null,
            "clip": null,
            "tags": [
                {
                    "id": 31,
                    "name": "Singleplayer",
                    "slug": "singleplayer",
                    "language": "eng",
                    "games_count": 234962,
                    "image_background": "https://media.rawg.io/media/games/4a0/4a0a1316102366260e6f38fd2a9cfdce.jpg"
                },
                {
                    "id": 37796,
                    "name": "exclusive",
                    "slug": "exclusive",
                    "language": "eng",
                    "games_count": 4491,
                    "image_background": "https://media.rawg.io/media/games/f24/f2493ea338fe7bd3c7d73750a85a0959.jpeg"
                },
                {
                    "id": 37797,
                    "name": "true exclusive",
                    "slug": "true-exclusive",
                    "language": "eng",
                    "games_count": 3980,
                    "image_background": "https://media.rawg.io/media/games/4be/4be6a6ad0364751a96229c56bf69be59.jpg"
                }
            ],
            "esrb_rating": null,
            "user_game": null,
            "reviews_count": 7,
            "saturated_color": "0f0f0f",
            "dominant_color": "0f0f0f",
            "short_screenshots": [
                {
                    "id": -1,
                    "image": "https://media.rawg.io/media/screenshots/7fb/7fb2bc79afc81f576b2006475e86d5ab.jpg"
                },
                {
                    "id": 732046,
                    "image": "https://media.rawg.io/media/screenshots/6ce/6ce8f494871980ac65f542ff429327e5.jpg"
                },
                {
                    "id": 732047,
                    "image": "https://media.rawg.io/media/screenshots/225/2251236ade807d3c34aaa8f51b82aebf.jpg"
                },
                {
                    "id": 732048,
                    "image": "https://media.rawg.io/media/screenshots/b1c/b1c3b920e186e73563d4d4ecaeefc7f7.jpg"
                },
                {
                    "id": 732049,
                    "image": "https://media.rawg.io/media/screenshots/61b/61b41168e16550060d7ca0ad5b794db2.jpg"
                },
                {
                    "id": 732050,
                    "image": "https://media.rawg.io/media/screenshots/c06/c063c983348d30525ec21e97040ba735.jpg"
                },
                {
                    "id": 732051,
                    "image": "https://media.rawg.io/media/screenshots/365/36526a8cd388c8b63b89cdf788f9d7e3.jpg"
                }
            ],
            "parent_platforms": [
                {
                    "platform": {
                        "id": 7,
                        "name": "Nintendo",
                        "slug": "nintendo"
                    }
                }
            ],
            "genres": [
                {
                    "id": 3,
                    "name": "Adventure",
                    "slug": "adventure"
                }
            ]
        },
        {
            "slug": "super-mario-odyssey",
            "name": "Super Mario Odyssey",
            "playtime": 0,
            "platforms": [
                {
                    "platform": {
                        "id": 7,
                        "name": "Nintendo Switch",
                        "slug": "nintendo-switch"
                    }
                }
            ],
            "stores": [
                {
                    "store": {
                        "id": 6,
                        "name": "Nintendo Store",
                        "slug": "nintendo"
                    }
                }
            ],
            "released": "2017-10-27",
            "tba": false,
            "background_image": "https://media.rawg.io/media/games/267/267bd0dbc496f52692487d07d014c061.jpg",
            "rating": 4.43,
            "rating_top": 5,
            "ratings": [
                {
                    "id": 5,
                    "title": "exceptional",
                    "count": 1227,
                    "percent": 64.44
                },
                {
                    "id": 4,
                    "title": "recommended",
                    "count": 471,
                    "percent": 24.74
                },
                {
                    "id": 3,
                    "title": "meh",
                    "count": 108,
                    "percent": 5.67
                },
                {
                    "id": 1,
                    "title": "skip",
                    "count": 98,
                    "percent": 5.15
                }
            ],
            "ratings_count": 1873,
            "reviews_text_count": 18,
            "added": 3741,
            "added_by_status": {
                "yet": 196,
                "owned": 752,
                "beaten": 1849,
                "toplay": 469,
                "dropped": 208,
                "playing": 267
            },
            "metacritic": 97,
            "suggestions_count": 471,
            "updated": "2025-03-12T07:12:14",
            "id": 28026,
            "score": null,
            "clip": null,
            "tags": [
                {
                    "id": 31,
                    "name": "Singleplayer",
                    "slug": "singleplayer",
                    "language": "eng",
                    "games_count": 236808,
                    "image_background": "https://media.rawg.io/media/games/4be/4be6a6ad0364751a96229c56bf69be59.jpg"
                },
                {
                    "id": 72,
                    "name": "Local Multiplayer",
                    "slug": "local-multiplayer",
                    "language": "eng",
                    "games_count": 13574,
                    "image_background": "https://media.rawg.io/media/screenshots/4f4/4f4722571e32954af43a4508607c1748.jpg"
                },
                {
                    "id": 37796,
                    "name": "exclusive",
                    "slug": "exclusive",
                    "language": "eng",
                    "games_count": 4491,
                    "image_background": "https://media.rawg.io/media/games/f24/f2493ea338fe7bd3c7d73750a85a0959.jpeg"
                },
                {
                    "id": 107,
                    "name": "Family Friendly",
                    "slug": "family-friendly",
                    "language": "eng",
                    "games_count": 8995,
                    "image_background": "https://media.rawg.io/media/games/1e5/1e5e33b88be978f451196a751424a72e.jpg"
                },
                {
                    "id": 88,
                    "name": "Cute",
                    "slug": "cute",
                    "language": "eng",
                    "games_count": 36419,
                    "image_background": "https://media.rawg.io/media/games/51c/51c430f1795c79b78f863a9f22dc422d.jpg"
                },
                {
                    "id": 37797,
                    "name": "true exclusive",
                    "slug": "true-exclusive",
                    "language": "eng",
                    "games_count": 3980,
                    "image_background": "https://media.rawg.io/media/games/4be/4be6a6ad0364751a96229c56bf69be59.jpg"
                },
                {
                    "id": 229,
                    "name": "3D Platformer",
                    "slug": "3d-platformer",
                    "language": "eng",
                    "games_count": 11176,
                    "image_background": "https://media.rawg.io/media/games/8d4/8d46786ca86b1d95f3dc7e700e2dc4dd.jpg"
                },
                {
                    "id": 284,
                    "name": "Cult Classic",
                    "slug": "cult-classic",
                    "language": "eng",
                    "games_count": 984,
                    "image_background": "https://media.rawg.io/media/games/ba0/ba006ef12175ad4773e5964c320099c4.jpg"
                },
                {
                    "id": 1325,
                    "name": "kids",
                    "slug": "kids",
                    "language": "eng",
                    "games_count": 5194,
                    "image_background": "https://media.rawg.io/media/screenshots/bf5/bf5ecc8bdd7dc05c67f91f5321067804.jpg"
                }
            ],
            "esrb_rating": {
                "id": 2,
                "name": "Everyone 10+",
                "slug": "everyone-10-plus",
                "name_en": "Everyone 10+",
                "name_ru": "С 10 лет"
            },
            "user_game": null,
            "reviews_count": 1904,
            "saturated_color": "0f0f0f",
            "dominant_color": "0f0f0f",
            "short_screenshots": [
                {
                    "id": -1,
                    "image": "https://media.rawg.io/media/games/267/267bd0dbc496f52692487d07d014c061.jpg"
                },
                {
                    "id": 1865433,
                    "image": "https://media.rawg.io/media/screenshots/a38/a38e8c2161eb6c3c233b0488a3c2d5f1.jpg"
                },
                {
                    "id": 268122,
                    "image": "https://media.rawg.io/media/screenshots/ff8/ff80f35e3301fa9c0027d9f021c24340.jpg"
                },
                {
                    "id": 268123,
                    "image": "https://media.rawg.io/media/screenshots/82c/82ce6aa4915756bd39cd1e6a02e17a77.jpg"
                },
                {
                    "id": 268124,
                    "image": "https://media.rawg.io/media/screenshots/28b/28bb29070fce9fc1e45900aaebe83b2a.jpg"
                },
                {
                    "id": 268125,
                    "image": "https://media.rawg.io/media/screenshots/014/014e53bf0f33afc3a0d0fcfaa2715f73.jpg"
                },
                {
                    "id": 268126,
                    "image": "https://media.rawg.io/media/screenshots/02d/02d7425ce977a7a556beadbac4a2ae63.jpg"
                }
            ],
            "parent_platforms": [
                {
                    "platform": {
                        "id": 7,
                        "name": "Nintendo",
                        "slug": "nintendo"
                    }
                }
            ],
            "genres": [
                {
                    "id": 83,
                    "name": "Platformer",
                    "slug": "platformer"
                },
                {
                    "id": 11,
                    "name": "Arcade",
                    "slug": "arcade"
                }
            ]
        },
        {
            "slug": "the-legend-of-zelda-echoes-of-wisdom",
            "name": "The Legend of Zelda: Echoes of Wisdom",
            "playtime": 0,
            "platforms": [
                {
                    "platform": {
                        "id": 7,
                        "name": "Nintendo Switch",
                        "slug": "nintendo-switch"
                    }
                }
            ],
            "stores": null,
            "released": "2024-09-26",
            "tba": false,
            "background_image": "https://media.rawg.io/media/games/ef0/ef095574ebf35dbe30cbb85f3798b4e5.jpg",
            "rating": 4.42,
            "rating_top": 5,
            "ratings": [
                {
                    "id": 5,
                    "title": "exceptional",
                    "count": 18,
                    "percent": 54.55
                },
                {
                    "id": 4,
                    "title": "recommended",
                    "count": 13,
                    "percent": 39.39
                },
                {
                    "id": 3,
                    "title": "meh",
                    "count": 1,
                    "percent": 3.03
                },
                {
                    "id": 1,
                    "title": "skip",
                    "count": 1,
                    "percent": 3.03
                }
            ],
            "ratings_count": 32,
            "reviews_text_count": 1,
            "added": 167,
            "added_by_status": {
                "yet": 21,
                "owned": 25,
                "beaten": 35,
                "toplay": 65,
                "dropped": 5,
                "playing": 16
            },
            "metacritic": null,
            "suggestions_count": 0,
            "updated": "2025-03-15T07:07:54",
            "id": 983717,
            "score": null,
            "clip": null,
            "tags": [],
            "esrb_rating": null,
            "user_game": null,
            "reviews_count": 33,
            "saturated_color": "0f0f0f",
            "dominant_color": "0f0f0f",
            "short_screenshots": [
                {
                    "id": -1,
                    "image": "https://media.rawg.io/media/games/ef0/ef095574ebf35dbe30cbb85f3798b4e5.jpg"
                }
            ],
            "parent_platforms": [
                {
                    "platform": {
                        "id": 7,
                        "name": "Nintendo",
                        "slug": "nintendo"
                    }
                }
            ],
            "genres": [
                {
                    "id": 3,
                    "name": "Adventure",
                    "slug": "adventure"
                }
            ]
        },
        {
            "slug": "super-mario-64-1996",
            "name": "Super Mario 64",
            "playtime": 12,
            "platforms": [
                {
                    "platform": {
                        "id": 83,
                        "name": "Nintendo 64",
                        "slug": "nintendo-64"
                    }
                }
            ],
            "stores": [
                {
                    "store": {
                        "id": 6,
                        "name": "Nintendo Store",
                        "slug": "nintendo"
                    }
                }
            ],
            "released": "1996-06-23",
            "tba": false,
            "background_image": "https://media.rawg.io/media/games/1d5/1d565b99cad46c44b534d9803e27bd49.jpg",
            "rating": 4.42,
            "rating_top": 5,
            "ratings": [
                {
                    "id": 5,
                    "title": "exceptional",
                    "count": 468,
                    "percent": 64.29
                },
                {
                    "id": 4,
                    "title": "recommended",
                    "count": 174,
                    "percent": 23.9
                },
                {
                    "id": 3,
                    "title": "meh",
                    "count": 47,
                    "percent": 6.46
                },
                {
                    "id": 1,
                    "title": "skip",
                    "count": 39,
                    "percent": 5.36
                }
            ],
            "ratings_count": 720,
            "reviews_text_count": 7,
            "added": 1463,
            "added_by_status": {
                "yet": 69,
                "owned": 357,
                "beaten": 694,
                "toplay": 100,
                "dropped": 201,
                "playing": 42
            },
            "metacritic": 94,
            "suggestions_count": 250,
            "updated": "2025-03-12T07:12:27",
            "id": 54528,
            "score": null,
            "clip": null,
            "tags": [
                {
                    "id": 31,
                    "name": "Singleplayer",
                    "slug": "singleplayer",
                    "language": "eng",
                    "games_count": 236808,
                    "image_background": "https://media.rawg.io/media/games/4be/4be6a6ad0364751a96229c56bf69be59.jpg"
                }
            ],
            "esrb_rating": {
                "id": 1,
                "name": "Everyone",
                "slug": "everyone",
                "name_en": "Everyone",
                "name_ru": "Для всех"
            },
            "user_game": null,
            "reviews_count": 728,
            "saturated_color": "0f0f0f",
            "dominant_color": "0f0f0f",
            "short_screenshots": [
                {
                    "id": -1,
                    "image": "https://media.rawg.io/media/games/1d5/1d565b99cad46c44b534d9803e27bd49.jpg"
                },
                {
                    "id": 741309,
                    "image": "https://media.rawg.io/media/screenshots/935/935f6b91408417d45f508ead25a2a720.jpg"
                },
                {
                    "id": 741310,
                    "image": "https://media.rawg.io/media/screenshots/58f/58f31020ff1bc36fcf6234b165c1e11b.jpg"
                },
                {
                    "id": 741311,
                    "image": "https://media.rawg.io/media/screenshots/eb9/eb948bc11577e9b3d38fcecefb6727c0.jpg"
                },
                {
                    "id": 741312,
                    "image": "https://media.rawg.io/media/screenshots/73e/73ef8789f2b5d6b6a62b2f0e1161c238.jpg"
                },
                {
                    "id": 741313,
                    "image": "https://media.rawg.io/media/screenshots/77c/77ccfd1e6acb0836b989133d557133a6.jpg"
                },
                {
                    "id": 779056,
                    "image": "https://media.rawg.io/media/screenshots/3f0/3f0d202242b4ed4f32c569ea2f30f35d.jpg"
                }
            ],
            "parent_platforms": [
                {
                    "platform": {
                        "id": 7,
                        "name": "Nintendo",
                        "slug": "nintendo"
                    }
                }
            ],
            "genres": [
                {
                    "id": 83,
                    "name": "Platformer",
                    "slug": "platformer"
                }
            ]
        }
    ],
    "user_platforms": false
}