{
    "count": 9,
    "next": null,
    "previous": null,
    "results": [
        {
            "slug": "painkiller",
            "name": "Painkiller",
            "playtime": 1,
            "platforms": [
                {
                    "platform": {
                        "id": 4,
                        "name": "PC",
                        "slug": "pc"
                    }
                }
            ],
            "stores": null,
            "released": "2004-04-12",
            "tba": false,
            "background_image": "https://media.rawg.io/media/screenshots/371/371b7450bc7c31307474372939198866.jpg",
            "rating": 4.29,
            "rating_top": 4,
            "ratings": [
                {
                    "id": 4,
                    "title": "recommended",
                    "count": 91,
                    "percent": 48.15
                },
                {
                    "id": 5,
                    "title": "exceptional",
                    "count": 77,
                    "percent": 40.74
                },
                {
                    "id": 3,
                    "title": "meh",
                    "count": 20,
                    "percent": 10.58
                },
                {
                    "id": 1,
                    "title": "skip",
                    "count": 1,
                    "percent": 0.53
                }
            ],
            "ratings_count": 189,
            "reviews_text_count": 0,
            "added": 376,
            "added_by_status": {
                "yet": 22,
                "owned": 62,
                "beaten": 199,
                "toplay": 32,
                "dropped": 56,
                "playing": 5
            },
            "metacritic": null,
            "suggestions_count": 464,
            "updated": "2025-03-13T08:30:39",
            "id": 34772,
            "score": null,
            "clip": null,
            "tags": [],
            "esrb_rating": null,
            "user_game": null,
            "reviews_count": 189,
            "saturated_color": "0f0f0f",
            "dominant_color": "0f0f0f",
            "short_screenshots": [
                {
                    "id": -1,
                    "image": "https://media.rawg.io/media/screenshots/371/371b7450bc7c31307474372939198866.jpg"
                },
                {
                    "id": 354246,
                    "image": "https://media.rawg.io/media/screenshots/c3c/c3c9d8368e752474082bbdc66212e50a.jpg"
                },
                {
                    "id": 354247,
                    "image": "https://media.rawg.io/media/screenshots/f1f/f1ff8bd6f7b280ba487447963712e8b7.jpg"
                },
                {
                    "id": 354248,
                    "image": "https://media.rawg.io/media/screenshots/9cd/9cdb0a676d6b1c909ffc12ca5c1095f8.jpg"
                },
                {
                    "id": 354249,
                    "image": "https://media.rawg.io/media/screenshots/6c9/6c93135228dfb8459ce9d23d676a58e3.jpg"
                },
                {
                    "id": 354250,
                    "image": "https://media.rawg.io/media/screenshots/929/929963da787224673216ff96a21b2c45.jpg"
                },
                {
                    "id": 354251,
                    "image": "https://media.rawg.io/media/screenshots/518/5186c9b358223baf35873ddf1066c5f1.jpg"
                }
            ],
            "parent_platforms": [
                {
                    "platform": {
                        "id": 1,
                        "name": "PC",
                        "slug": "pc"
                    }
                }
            ],
            "genres": [
                {
                    "id": 2,
                    "name": "Shooter",
                    "slug": "shooter"
                },
                {
                    "id": 4,
                    "name": "Action",
                    "slug": "action"
                }
            ]
        },
        {
            "slug": "duty-calls-the-calm-before-the-storm",
            "name": "Duty Calls: The Calm Before the Storm",
            "playtime": 0,
            "platforms": [
                {
                    "platform": {
                        "id": 4,
                        "name": "PC",
                        "slug": "pc"
                    }
                }
            ],
            "stores": null,
            "released": "2011-02-02",
            "tba": false,
            "background_image": "https://media.rawg.io/media/games/6fd/6fde4fc406dfffc6b2737f45cc0d67f5.jpg",
            "rating": 4.17,
            "rating_top": 4,
            "ratings": [
                {
                    "id": 4,
                    "title": "recommended",
                    "count": 5,
                    "percent": 83.33
                },
                {
                    "id": 5,
                    "title": "exceptional",
                    "count": 1,
                    "percent": 16.67
                }
            ],
            "ratings_count": 6,
            "reviews_text_count": 0,
            "added": 17,
            "added_by_status": {
                "owned": 9,
                "beaten": 5,
                "toplay": 3
            },
            "metacritic": null,
            "suggestions_count": 272,
            "updated": "2024-06-03T16:03:15",
            "id": 307149,
            "score": null,
            "clip": null,
            "tags": [
                {
                    "id": 153,
                    "name": "Satire",
                    "slug": "satire",
                    "language": "eng",
                    "games_count": 1338,
                    "image_background": "https://media.rawg.io/media/screenshots/982/9822844947262f94178da4139ef8a9a3.jpg"
                },
                {
                    "id": 273,
                    "name": "Parody",
                    "slug": "parody",
                    "language": "eng",
                    "games_count": 2456,
                    "image_background": "https://media.rawg.io/media/screenshots/be1/be17f78d80b50121fa2ed6d4562d403e.jpg"
                }
            ],
            "esrb_rating": null,
            "user_game": null,
            "reviews_count": 6,
            "saturated_color": "0f0f0f",
            "dominant_color": "0f0f0f",
            "short_screenshots": [
                {
                    "id": -1,
                    "image": "https://media.rawg.io/media/games/6fd/6fde4fc406dfffc6b2737f45cc0d67f5.jpg"
                },
                {
                    "id": 1888700,
                    "image": "https://media.rawg.io/media/screenshots/5a6/5a646d60dc49e2fa3c101ef5d1db5d59.jpg"
                },
                {
                    "id": 1888701,
                    "image": "https://media.rawg.io/media/screenshots/396/3967e8613babfc1ae748cf9fc66c4796.jpg"
                },
                {
                    "id": 1888702,
                    "image": "https://media.rawg.io/media/screenshots/32a/32a3831260a78a01c5c788208b52d36e.jpg"
                },
                {
                    "id": 1888703,
                    "image": "https://media.rawg.io/media/screenshots/4b5/4b52b4648d4c39263ebd095310fa425c.jpg"
                },
                {
                    "id": 1888704,
                    "image": "https://media.rawg.io/media/screenshots/f91/f91377dceaf1177468404bb94155df63.jpg"
                }
            ],
            "parent_platforms": [
                {
                    "platform": {
                        "id": 1,
                        "name": "PC",
                        "slug": "pc"
                    }
                }
            ],
            "genres": []
        },
        {
            "slug": "gears-of-war",
            "name": "Gears of War",
            "playtime": 7,
            "platforms": [
                {
                    "platform": {
                        "id": 4,
                        "name": "PC",
                        "slug": "pc"
                    }
                },
                {
                    "platform": {
                        "id": 1,
                        "name": "Xbox One",
                        "slug": "xbox-one"
                    }
                },
                {
                    "platform": {
                        "id": 14,
                        "name": "Xbox 360",
                        "slug": "xbox360"
                    }
                }
            ],
            "stores": [
                {
                    "store": {
                        "id": 2,
                        "name": "Xbox Store",
                        "slug": "xbox-store"
                    }
                },
                {
                    "store": {
                        "id": 7,
                        "name": "Xbox 360 Store",
                        "slug": "xbox360"
                    }
                }
            ],
            "released": "2006-11-08",
            "tba": false,
            "background_image": "https://media.rawg.io/media/games/988/98834d39955e7f15d3717fac438128aa.jpg",
            "rating": 4.11,
            "rating_top": 4,
            "ratings": [
                {
                    "id": 4,
                    "title": "recommended",
                    "count": 438,
                    "percent": 52.9
                },
                {
                    "id": 5,
                    "title": "exceptional",
                    "count": 263,
                    "percent": 31.76
                },
                {
                    "id": 3,
                    "title": "meh",
                    "count": 104,
                    "percent": 12.56
                },
                {
                    "id": 1,
                    "title": "skip",
                    "count": 23,
                    "percent": 2.78
                }
            ],
            "ratings_count": 822,
            "reviews_text_count": 4,
            "added": 3288,
            "added_by_status": {
                "yet": 94,
                "owned": 2049,
                "beaten": 831,
                "toplay": 89,
                "dropped": 207,
                "playing": 18
            },
            "metacritic": 90,
            "suggestions_count": 675,
            "updated": "2025-02-17T10:01:39",
            "id": 28615,
            "score": null,
            "clip": null,
            "tags": [
                {
                    "id": 70,
                    "name": "War",
                    "slug": "war",
                    "language": "eng",
                    "games_count": 9686,
                    "image_background": "https://media.rawg.io/media/games/2fd/2fd1b58116b10cc1f4442bee5593ca7c.jpg"
                },
                {
                    "id": 624,
                    "name": "Monsters",
                    "slug": "monsters",
                    "language": "eng",
                    "games_count": 9629,
                    "image_background": "https://media.rawg.io/media/screenshots/525/525b5da62342fa726bfe2820e8f93c09.jpg"
                },
                {
                    "id": 4336,
                    "name": "invaders",
                    "slug": "invaders",
                    "language": "eng",
                    "games_count": 952,
                    "image_background": "https://media.rawg.io/media/screenshots/c55/c555aa8cd9771b0795d6908592fec7f9.jpg"
                }
            ],
            "esrb_rating": {
                "id": 4,
                "name": "Mature",
                "slug": "mature",
                "name_en": "Mature",
                "name_ru": "С 17 лет"
            },
            "user_game": null,
            "reviews_count": 828,
            "saturated_color": "0f0f0f",
            "dominant_color": "0f0f0f",
            "short_screenshots": [
                {
                    "id": -1,
                    "image": "https://media.rawg.io/media/games/988/98834d39955e7f15d3717fac438128aa.jpg"
                },
                {
                    "id": 431483,
                    "image": "https://media.rawg.io/media/screenshots/854/854f930ed3b39cfd00eca91b7a99c7de.jpg"
                },
                {
                    "id": 431484,
                    "image": "https://media.rawg.io/media/screenshots/342/34219a3368b000d8380714aa34fc85d0.jpg"
                },
                {
                    "id": 431485,
                    "image": "https://media.rawg.io/media/screenshots/95d/95d43a23c2777d6e3f0e99505416da3b.jpg"
                },
                {
                    "id": 431486,
                    "image": "https://media.rawg.io/media/screenshots/c4a/c4a31b6dd94540e36695c617dd60f660.jpg"
                },
                {
                    "id": 431487,
                    "image": "https://media.rawg.io/media/screenshots/6c9/6c95c707889a09fb592c04206d90d902.jpg"
                },
                {
                    "id": 431488,
                    "image": "https://media.rawg.io/media/screenshots/e6a/e6a2e2de37eca634f0285adb91263867.jpg"
                }
            ],
            "parent_platforms": [
                {
                    "platform": {
                        "id": 1,
                        "name": "PC",
                        "slug": "pc"
                    }
                },
                {
                    "platform": {
                        "id": 3,
                        "name": "Xbox",
                        "slug": "xbox"
                    }
                }
            ],
            "genres": [
                {
                    "id": 2,
                    "name": "Shooter",
                    "slug": "shooter"
                },
                {
                    "id": 4,
                    "name": "Action",
                    "slug": "action"
                }
            ]
        },
        {
            "slug": "bulletstorm",
            "name": "Bulletstorm",
            "playtime": 4,
            "platforms": [
                {
                    "platform": {
                        "id": 4,
                        "name": "PC",
                        "slug": "pc"
                    }
                },
                {
                    "platform": {
                        "id": 1,
                        "name": "Xbox One",
                        "slug": "xbox-one"
                    }
                },
                {
                    "platform": {
                        "id": 14,
                        "name": "Xbox 360",
                        "slug": "xbox360"
                    }
                },
                {
                    "platform": {
                        "id": 16,
                        "name": "PlayStation 3",
                        "slug": "playstation3"
                    }
                }
            ],
            "stores": [
                {
                    "store": {
                        "id": 3,
                        "name": "PlayStation Store",
                        "slug": "playstation-store"
                    }
                },
                {
                    "store": {
                        "id": 7,
                        "name": "Xbox 360 Store",
                        "slug": "xbox360"
                    }
                }
            ],
            "released": "2011-02-22",
            "tba": false,
            "background_image": "https://media.rawg.io/media/games/b42/b42b05096de6668833bbab38f6099c6a.jpg",
            "rating": 4.08,
            "rating_top": 4,
            "ratings": [
                {
                    "id": 4,
                    "title": "recommended",
                    "count": 498,
                    "percent": 58.25
                },
                {
                    "id": 5,
                    "title": "exceptional",
                    "count": 231,
                    "percent": 27.02
                },
                {
                    "id": 3,
                    "title": "meh",
                    "count": 108,
                    "percent": 12.63
                },
                {
                    "id": 1,
                    "title": "skip",
                    "count": 18,
                    "percent": 2.11
                }
            ],
            "ratings_count": 854,
            "reviews_text_count": 1,
            "added": 3515,
            "added_by_status": {
                "yet": 91,
                "owned": 2233,
                "beaten": 931,
                "toplay": 79,
                "dropped": 172,
                "playing": 9
            },
            "metacritic": 83,
            "suggestions_count": 706,
            "updated": "2025-03-01T16:40:28",
            "id": 4602,
            "score": null,
            "clip": null,
            "tags": [
                {
                    "id": 7,
                    "name": "Multiplayer",
                    "slug": "multiplayer",
                    "language": "eng",
                    "games_count": 40048,
                    "image_background": "https://media.rawg.io/media/games/2ba/2bac0e87cf45e5b508f227d281c9252a.jpg"
                },
                {
                    "id": 30,
                    "name": "FPS",
                    "slug": "fps",
                    "language": "eng",
                    "games_count": 14020,
                    "image_background": "https://media.rawg.io/media/games/d82/d82990b9c67ba0d2d09d4e6fa88885a7.jpg"
                },
                {
                    "id": 41,
                    "name": "Dark",
                    "slug": "dark",
                    "language": "eng",
                    "games_count": 17069,
                    "image_background": "https://media.rawg.io/media/games/b49/b4912b5dbfc7ed8927b65f05b8507f6c.jpg"
                },
                {
                    "id": 1465,
                    "name": "combat",
                    "slug": "combat",
                    "language": "eng",
                    "games_count": 14005,
                    "image_background": "https://media.rawg.io/media/games/f54/f54e9fb2f4aac37810ea1a69a3e4480a.jpg"
                },
                {
                    "id": 581,
                    "name": "Epic",
                    "slug": "epic",
                    "language": "eng",
                    "games_count": 4122,
                    "image_background": "https://media.rawg.io/media/games/696/69626956eaf787f5c1b664984279060f.jpg"
                },
                {
                    "id": 2590,
                    "name": "fun",
                    "slug": "fun",
                    "language": "eng",
                    "games_count": 29211,
                    "image_background": "https://media.rawg.io/media/games/ba7/ba7e84d59dbdb2fab5b2c1368e3bdfa5.jpg"
                },
                {
                    "id": 3046,
                    "name": "destroy",
                    "slug": "destroy",
                    "language": "eng",
                    "games_count": 4617,
                    "image_background": "https://media.rawg.io/media/screenshots/478/47832d33759d76edd1c8e22a6cf65f70.jpg"
                },
                {
                    "id": 2184,
                    "name": "hunt",
                    "slug": "hunt",
                    "language": "eng",
                    "games_count": 2348,
                    "image_background": "https://media.rawg.io/media/games/52b/52be96c19be0d79eeb8664e4ca2aabd5.jpg"
                },
                {
                    "id": 1105,
                    "name": "planet",
                    "slug": "planet",
                    "language": "eng",
                    "games_count": 3019,
                    "image_background": "https://media.rawg.io/media/games/c30/c304b2c132f6bc1b6bcec5b03417a005.jpg"
                },
                {
                    "id": 782,
                    "name": "humor",
                    "slug": "humor",
                    "language": "eng",
                    "games_count": 722,
                    "image_background": "https://media.rawg.io/media/screenshots/9fd/9fde9dff029ee28d81b6dd96341e613a.jpeg"
                },
                {
                    "id": 920,
                    "name": "murder",
                    "slug": "murder",
                    "language": "eng",
                    "games_count": 748,
                    "image_background": "https://media.rawg.io/media/games/a8d/a8d08a70ce7a4f3263bedf5d764fc538.jpg"
                },
                {
                    "id": 4927,
                    "name": "fly",
                    "slug": "fly",
                    "language": "eng",
                    "games_count": 2953,
                    "image_background": "https://media.rawg.io/media/screenshots/45a/45a64c3d275d9ca7838a178ef906931a.jpg"
                },
                {
                    "id": 982,
                    "name": "run",
                    "slug": "run",
                    "language": "eng",
                    "games_count": 3971,
                    "image_background": "https://media.rawg.io/media/screenshots/414/4143f289242c6d39e98ab3751ebef2f0.jpg"
                }
            ],
            "esrb_rating": {
                "id": 4,
                "name": "Mature",
                "slug": "mature",
                "name_en": "Mature",
                "name_ru": "С 17 лет"
            },
            "user_game": null,
            "reviews_count": 855,
            "saturated_color": "0f0f0f",
            "dominant_color": "0f0f0f",
            "short_screenshots": [
                {
                    "id": -1,
                    "image": "https://media.rawg.io/media/games/b42/b42b05096de6668833bbab38f6099c6a.jpg"
                },
                {
                    "id": 239625,
                    "image": "https://media.rawg.io/media/screenshots/215/21533985832f3a2015d21f0965c9802a.jpg"
                },
                {
                    "id": 239626,
                    "image": "https://media.rawg.io/media/screenshots/98a/98aa2f14493f15ce4dae030fa99a1c0d.jpg"
                },
                {
                    "id": 239627,
                    "image": "https://media.rawg.io/media/screenshots/8cc/8cc570e2500943979ea9fa47aa5625e3.jpg"
                },
                {
                    "id": 239628,
                    "image": "https://media.rawg.io/media/screenshots/20c/20c33c0f8cccafb9c88b635341c68c4a.jpg"
                },
                {
                    "id": 239629,
                    "image": "https://media.rawg.io/media/screenshots/edf/edfffdccff980e47cc6975f9565239e2.jpg"
                },
                {
                    "id": 274491,
                    "image": "https://media.rawg.io/media/screenshots/9d6/9d66033da35e652adcfd2efdd7432492.jpg"
                }
            ],
            "parent_platforms": [
                {
                    "platform": {
                        "id": 1,
                        "name": "PC",
                        "slug": "pc"
                    }
                },
                {
                    "platform": {
                        "id": 2,
                        "name": "PlayStation",
                        "slug": "playstation"
                    }
                },
                {
                    "platform": {
                        "id": 3,
                        "name": "Xbox",
                        "slug": "xbox"
                    }
                }
            ],
            "genres": [
                {
                    "id": 2,
                    "name": "Shooter",
                    "slug": "shooter"
                },
                {
                    "id": 4,
                    "name": "Action",
                    "slug": "action"
                }
            ]
        },
        {
            "slug": "painkiller-expansion-pack-battle-out-of-hell",
            "name": "Painkiller Expansion Pack: Battle Out of Hell",
            "playtime": 0,
            "platforms": [
                {
                    "platform": {
                        "id": 4,
                        "name": "PC",
                        "slug": "pc"
                    }
                }
            ],
            "stores": null,
            "released": "2004-12-01",
            "tba": false,
            "background_image": "https://media.rawg.io/media/screenshots/986/98650b35643b029ff6e2aaf27ff40d90.jpg",
            "rating": 3.94,
            "rating_top": 4,
            "ratings": [
                {
                    "id": 4,
                    "title": "recommended",
                    "count": 36,
                    "percent": 76.6
                },
                {
                    "id": 5,
                    "title": "exceptional",
                    "count": 6,
                    "percent": 12.77
                },
                {
                    "id": 3,
                    "title": "meh",
                    "count": 3,
                    "percent": 6.38
                },
                {
                    "id": 1,
                    "title": "skip",
                    "count": 2,
                    "percent": 4.26
                }
            ],
            "ratings_count": 47,
            "reviews_text_count": 0,
            "added": 80,
            "added_by_status": {
                "yet": 3,
                "owned": 14,
                "beaten": 49,
                "toplay": 6,
                "dropped": 7,
                "playing": 1
            },
            "metacritic": null,
            "suggestions_count": 627,
            "updated": "2024-09-27T21:16:50",
            "id": 35846,
            "score": null,
            "clip": null,
            "tags": [],
            "esrb_rating": null,
            "user_game": null,
            "reviews_count": 47,
            "saturated_color": "0f0f0f",
            "dominant_color": "0f0f0f",
            "short_screenshots": [
                {
                    "id": -1,
                    "image": "https://media.rawg.io/media/screenshots/986/98650b35643b029ff6e2aaf27ff40d90.jpg"
                },
                {
                    "id": 394480,
                    "image": "https://media.rawg.io/media/screenshots/5b2/5b231484c396867e69e07a04815a98e0.jpg"
                },
                {
                    "id": 394481,
                    "image": "https://media.rawg.io/media/screenshots/63b/63ba5116b0d22c70c98a0cd211f9c2e2.jpg"
                },
                {
                    "id": 394482,
                    "image": "https://media.rawg.io/media/screenshots/88f/88fb33092d16e3e5dc4fbee6ce780f17.jpg"
                },
                {
                    "id": 394483,
                    "image": "https://media.rawg.io/media/screenshots/fa0/fa0653cd7cfe730e59f2fba5d7188a93.jpg"
                },
                {
                    "id": 394484,
                    "image": "https://media.rawg.io/media/screenshots/08a/08a4915c86ee48143d8fc7dad4221964.jpg"
                },
                {
                    "id": 394485,
                    "image": "https://media.rawg.io/media/screenshots/700/7004d143abe4d8fa623c149dec563552.jpg"
                }
            ],
            "parent_platforms": [
                {
                    "platform": {
                        "id": 1,
                        "name": "PC",
                        "slug": "pc"
                    }
                }
            ],
            "genres": [
                {
                    "id": 2,
                    "name": "Shooter",
                    "slug": "shooter"
                },
                {
                    "id": 4,
                    "name": "Action",
                    "slug": "action"
                }
            ]
        },
        {
            "slug": "bulletstorm-full-clip-edition",
            "name": "Bulletstorm: Full Clip Edition",
            "playtime": 4,
            "platforms": [
                {
                    "platform": {
                        "id": 4,
                        "name": "PC",
                        "slug": "pc"
                    }
                },
                {
                    "platform": {
                        "id": 1,
                        "name": "Xbox One",
                        "slug": "xbox-one"
                    }
                },
                {
                    "platform": {
                        "id": 18,
                        "name": "PlayStation 4",
                        "slug": "playstation4"
                    }
                },
                {
                    "platform": {
                        "id": 7,
                        "name": "Nintendo Switch",
                        "slug": "nintendo-switch"
                    }
                }
            ],
            "stores": [
                {
                    "store": {
                        "id": 1,
                        "name": "Steam",
                        "slug": "steam"
                    }
                },
                {
                    "store": {
                        "id": 2,
                        "name": "Xbox Store",
                        "slug": "xbox-store"
                    }
                },
                {
                    "store": {
                        "id": 6,
                        "name": "Nintendo Store",
                        "slug": "nintendo"
                    }
                }
            ],
            "released": "2017-04-07",
            "tba": false,
            "background_image": "https://media.rawg.io/media/games/4ec/4ec6786820944f923eb212a3ed8d23be.jpg",
            "rating": 3.93,
            "rating_top": 4,
            "ratings": [
                {
                    "id": 4,
                    "title": "recommended",
                    "count": 326,
                    "percent": 51.66
                },
                {
                    "id": 5,
                    "title": "exceptional",
                    "count": 160,
                    "percent": 25.36
                },
                {
                    "id": 3,
                    "title": "meh",
                    "count": 114,
                    "percent": 18.07
                },
                {
                    "id": 1,
                    "title": "skip",
                    "count": 31,
                    "percent": 4.91
                }
            ],
            "ratings_count": 627,
            "reviews_text_count": 2,
            "added": 3063,
            "added_by_status": {
                "yet": 168,
                "owned": 2273,
                "beaten": 434,
                "toplay": 65,
                "dropped": 109,
                "playing": 14
            },
            "metacritic": 76,
            "suggestions_count": 433,
            "updated": "2025-02-17T17:29:06",
            "id": 9659,
            "score": null,
            "clip": null,
            "tags": [
                {
                    "id": 31,
                    "name": "Singleplayer",
                    "slug": "singleplayer",
                    "language": "eng",
                    "games_count": 236399,
                    "image_background": "https://media.rawg.io/media/games/20a/20aa03a10cda45239fe22d035c0ebe64.jpg"
                },
                {
                    "id": 42396,
                    "name": "Для одного игрока",
                    "slug": "dlia-odnogo-igroka",
                    "language": "rus",
                    "games_count": 59009,
                    "image_background": "https://media.rawg.io/media/games/b7b/b7b8381707152afc7d91f5d95de70e39.jpg"
                },
                {
                    "id": 42417,
                    "name": "Экшен",
                    "slug": "ekshen",
                    "language": "rus",
                    "games_count": 44970,
                    "image_background": "https://media.rawg.io/media/games/4a0/4a0a1316102366260e6f38fd2a9cfdce.jpg"
                },
                {
                    "id": 42392,
                    "name": "Приключение",
                    "slug": "prikliuchenie",
                    "language": "rus",
                    "games_count": 43223,
                    "image_background": "https://media.rawg.io/media/games/d1a/d1a2e99ade53494c6330a0ed945fe823.jpg"
                },
                {
                    "id": 40847,
                    "name": "Steam Achievements",
                    "slug": "steam-achievements",
                    "language": "eng",
                    "games_count": 44039,
                    "image_background": "https://media.rawg.io/media/games/2ba/2bac0e87cf45e5b508f227d281c9252a.jpg"
                },
                {
                    "id": 7,
                    "name": "Multiplayer",
                    "slug": "multiplayer",
                    "language": "eng",
                    "games_count": 40195,
                    "image_background": "https://media.rawg.io/media/games/6c5/6c55e22185876626881b76c11922b073.jpg"
                },
                {
                    "id": 40836,
                    "name": "Full controller support",
                    "slug": "full-controller-support",
                    "language": "eng",
                    "games_count": 20784,
                    "image_background": "https://media.rawg.io/media/games/16b/16b1b7b36e2042d1128d5a3e852b3b2f.jpg"
                },
                {
                    "id": 40849,
                    "name": "Steam Cloud",
                    "slug": "steam-cloud",
                    "language": "eng",
                    "games_count": 21239,
                    "image_background": "https://media.rawg.io/media/games/d58/d588947d4286e7b5e0e12e1bea7d9844.jpg"
                },
                {
                    "id": 13,
                    "name": "Atmospheric",
                    "slug": "atmospheric",
                    "language": "eng",
                    "games_count": 36246,
                    "image_background": "https://media.rawg.io/media/games/562/562553814dd54e001a541e4ee83a591c.jpg"
                },
                {
                    "id": 42425,
                    "name": "Для нескольких игроков",
                    "slug": "dlia-neskolkikh-igrokov",
                    "language": "rus",
                    "games_count": 11306,
                    "image_background": "https://media.rawg.io/media/games/6fc/6fcf4cd3b17c288821388e6085bb0fc9.jpg"
                },
                {
                    "id": 42400,
                    "name": "Атмосфера",
                    "slug": "atmosfera",
                    "language": "rus",
                    "games_count": 6083,
                    "image_background": "https://media.rawg.io/media/games/942/9424d6bb763dc38d9378b488603c87fa.jpg"
                },
                {
                    "id": 7808,
                    "name": "steam-trading-cards",
                    "slug": "steam-trading-cards",
                    "language": "eng",
                    "games_count": 7568,
                    "image_background": "https://media.rawg.io/media/games/490/49016e06ae2103881ff6373248843069.jpg"
                },
                {
                    "id": 42401,
                    "name": "Отличный саундтрек",
                    "slug": "otlichnyi-saundtrek",
                    "language": "rus",
                    "games_count": 4645,
                    "image_background": "https://media.rawg.io/media/games/7cf/7cfc9220b401b7a300e409e539c9afd5.jpg"
                },
                {
                    "id": 42394,
                    "name": "Глубокий сюжет",
                    "slug": "glubokii-siuzhet",
                    "language": "rus",
                    "games_count": 15104,
                    "image_background": "https://media.rawg.io/media/games/da1/da1b267764d77221f07a4386b6548e5a.jpg"
                },
                {
                    "id": 18,
                    "name": "Co-op",
                    "slug": "co-op",
                    "language": "eng",
                    "games_count": 12942,
                    "image_background": "https://media.rawg.io/media/games/713/713269608dc8f2f40f5a670a14b2de94.jpg"
                },
                {
                    "id": 42442,
                    "name": "Открытый мир",
                    "slug": "otkrytyi-mir",
                    "language": "rus",
                    "games_count": 6555,
                    "image_background": "https://media.rawg.io/media/games/e6d/e6de699bd788497f4b52e2f41f9698f2.jpg"
                },
                {
                    "id": 411,
                    "name": "cooperative",
                    "slug": "cooperative",
                    "language": "eng",
                    "games_count": 5738,
                    "image_background": "https://media.rawg.io/media/games/f87/f87457e8347484033cb34cde6101d08d.jpg"
                },
                {
                    "id": 42428,
                    "name": "Шутер",
                    "slug": "shuter",
                    "language": "rus",
                    "games_count": 10423,
                    "image_background": "https://media.rawg.io/media/games/7a2/7a2500ee8b2c0e1ff268bb4479463dea.jpg"
                },
                {
                    "id": 42429,
                    "name": "От первого лица",
                    "slug": "ot-pervogo-litsa",
                    "language": "rus",
                    "games_count": 13382,
                    "image_background": "https://media.rawg.io/media/games/198/1988a337305e008b41d7f536ce9b73f6.jpg"
                },
                {
                    "id": 8,
                    "name": "First-Person",
                    "slug": "first-person",
                    "language": "eng",
                    "games_count": 34303,
                    "image_background": "https://media.rawg.io/media/games/ec3/ec3a7db7b8ab5a71aad622fe7c62632f.jpg"
                },
                {
                    "id": 42423,
                    "name": "Научная фантастика",
                    "slug": "nauchnaia-fantastika",
                    "language": "rus",
                    "games_count": 9435,
                    "image_background": "https://media.rawg.io/media/games/2ba/2bac0e87cf45e5b508f227d281c9252a.jpg"
                },
                {
                    "id": 32,
                    "name": "Sci-fi",
                    "slug": "sci-fi",
                    "language": "eng",
                    "games_count": 20531,
                    "image_background": "https://media.rawg.io/media/games/6c5/6c55e22185876626881b76c11922b073.jpg"
                },
                {
                    "id": 30,
                    "name": "FPS",
                    "slug": "fps",
                    "language": "eng",
                    "games_count": 14076,
                    "image_background": "https://media.rawg.io/media/games/b7b/b7b8381707152afc7d91f5d95de70e39.jpg"
                },
                {
                    "id": 42427,
                    "name": "Шутер от первого лица",
                    "slug": "shuter-ot-pervogo-litsa",
                    "language": "rus",
                    "games_count": 6059,
                    "image_background": "https://media.rawg.io/media/games/fc1/fc1307a2774506b5bd65d7e8424664a7.jpg"
                },
                {
                    "id": 42482,
                    "name": "Смешная",
                    "slug": "smeshnaia",
                    "language": "rus",
                    "games_count": 10729,
                    "image_background": "https://media.rawg.io/media/screenshots/8f0/8f0b94922ad5e59968852649697b2643.jpg"
                },
                {
                    "id": 9,
                    "name": "Online Co-Op",
                    "slug": "online-co-op",
                    "language": "eng",
                    "games_count": 6584,
                    "image_background": "https://media.rawg.io/media/games/0bd/0bd5646a3d8ee0ac3314bced91ea306d.jpg"
                },
                {
                    "id": 4,
                    "name": "Funny",
                    "slug": "funny",
                    "language": "eng",
                    "games_count": 26718,
                    "image_background": "https://media.rawg.io/media/games/c6b/c6bfece1daf8d06bc0a60632ac78e5bf.jpg"
                },
                {
                    "id": 42491,
                    "name": "Мясо",
                    "slug": "miaso",
                    "language": "rus",
                    "games_count": 4962,
                    "image_background": "https://media.rawg.io/media/games/4fb/4fb548e4816c84d1d70f1a228fb167cc.jpg"
                },
                {
                    "id": 26,
                    "name": "Gore",
                    "slug": "gore",
                    "language": "eng",
                    "games_count": 6135,
                    "image_background": "https://media.rawg.io/media/games/4a0/4a0a1316102366260e6f38fd2a9cfdce.jpg"
                },
                {
                    "id": 40850,
                    "name": "Steam Leaderboards",
                    "slug": "steam-leaderboards",
                    "language": "eng",
                    "games_count": 7594,
                    "image_background": "https://media.rawg.io/media/games/1fb/1fb1c5f7a71d771f440b27ce7f71e7eb.jpg"
                },
                {
                    "id": 42452,
                    "name": "Выживание",
                    "slug": "vyzhivanie",
                    "language": "rus",
                    "games_count": 7188,
                    "image_background": "https://media.rawg.io/media/games/d2c/d2c74dacd89fd817c2deb625b01adb1a.jpg"
                },
                {
                    "id": 42481,
                    "name": "Юмор",
                    "slug": "iumor",
                    "language": "rus",
                    "games_count": 6904,
                    "image_background": "https://media.rawg.io/media/games/85c/85c8ae70e7cdf0105f06ef6bdce63b8b.jpg"
                },
                {
                    "id": 123,
                    "name": "Comedy",
                    "slug": "comedy",
                    "language": "eng",
                    "games_count": 13564,
                    "image_background": "https://media.rawg.io/media/screenshots/f2f/f2f3c93d6153da7aee590f3ab8ccd803.jpg"
                },
                {
                    "id": 42402,
                    "name": "Насилие",
                    "slug": "nasilie",
                    "language": "rus",
                    "games_count": 6151,
                    "image_background": "https://media.rawg.io/media/games/aa3/aa36ba4b486a03ddfaef274fb4f5afd4.jpg"
                },
                {
                    "id": 34,
                    "name": "Violent",
                    "slug": "violent",
                    "language": "eng",
                    "games_count": 7189,
                    "image_background": "https://media.rawg.io/media/games/909/909974d1c7863c2027241e265fe7011f.jpg"
                },
                {
                    "id": 42433,
                    "name": "Совместная игра по сети",
                    "slug": "sovmestnaia-igra-po-seti",
                    "language": "rus",
                    "games_count": 1226,
                    "image_background": "https://media.rawg.io/media/games/4e0/4e0e7b6d6906a131307c94266e5c9a1c.jpg"
                },
                {
                    "id": 11669,
                    "name": "stats",
                    "slug": "stats",
                    "language": "eng",
                    "games_count": 5378,
                    "image_background": "https://media.rawg.io/media/games/21c/21cc15d233117c6809ec86870559e105.jpg"
                },
                {
                    "id": 42406,
                    "name": "Нагота",
                    "slug": "nagota",
                    "language": "rus",
                    "games_count": 7145,
                    "image_background": "https://media.rawg.io/media/games/cc7/cc77035eb972f179f5090ee2a0fabd99.jpg"
                },
                {
                    "id": 44,
                    "name": "Nudity",
                    "slug": "nudity",
                    "language": "eng",
                    "games_count": 7537,
                    "image_background": "https://media.rawg.io/media/games/447/4470c1e76f01acfaf5af9c207d1c1c92.jpg"
                }
            ],
            "esrb_rating": {
                "id": 4,
                "name": "Mature",
                "slug": "mature",
                "name_en": "Mature",
                "name_ru": "С 17 лет"
            },
            "user_game": null,
            "reviews_count": 631,
            "saturated_color": "0f0f0f",
            "dominant_color": "0f0f0f",
            "short_screenshots": [
                {
                    "id": -1,
                    "image": "https://media.rawg.io/media/games/4ec/4ec6786820944f923eb212a3ed8d23be.jpg"
                },
                {
                    "id": 71290,
                    "image": "https://media.rawg.io/media/screenshots/647/64741a415a64b1d1383462cab5bf35fb.jpg"
                },
                {
                    "id": 71291,
                    "image": "https://media.rawg.io/media/screenshots/ae0/ae0ff5a53ab0746a4f81b92e699ec852.jpg"
                },
                {
                    "id": 71292,
                    "image": "https://media.rawg.io/media/screenshots/745/745341df31e1c7338eea3432764ccb9e.jpg"
                },
                {
                    "id": 71293,
                    "image": "https://media.rawg.io/media/screenshots/228/228f28b397d2212f7804c65cc11fb0c4.jpg"
                },
                {
                    "id": 71294,
                    "image": "https://media.rawg.io/media/screenshots/c2e/c2e1c432618be32464006a99dfde361d.jpg"
                },
                {
                    "id": 71295,
                    "image": "https://media.rawg.io/media/screenshots/b0c/b0c79752e85ec5497a9b1244f9b9c3e4.jpg"
                }
            ],
            "parent_platforms": [
                {
                    "platform": {
                        "id": 1,
                        "name": "PC",
                        "slug": "pc"
                    }
                },
                {
                    "platform": {
                        "id": 2,
                        "name": "PlayStation",
                        "slug": "playstation"
                    }
                },
                {
                    "platform": {
                        "id": 3,
                        "name": "Xbox",
                        "slug": "xbox"
                    }
                },
                {
                    "platform": {
                        "id": 7,
                        "name": "Nintendo",
                        "slug": "nintendo"
                    }
                }
            ],
            "genres": [
                {
                    "id": 3,
                    "name": "Adventure",
                    "slug": "adventure"
                },
                {
                    "id": 4,
                    "name": "Action",
                    "slug": "action"
                }
            ]
        },
        {
            "slug": "painkiller-black-edition",
            "name": "Painkiller: Black Edition",
            "playtime": 2,
            "platforms": [
                {
                    "platform": {
                        "id": 4,
                        "name": "PC",
                        "slug": "pc"
                    }
                }
            ],
            "stores": [
                {
                    "store": {
                        "id": 1,
                        "name": "Steam",
                        "slug": "steam"
                    }
                }
            ],
            "released": "2007-01-24",
            "tba": false,
            "background_image": "https://media.rawg.io/media/screenshots/65b/65ba49d8a3c9ec952f1762112df19dd7.jpg",
            "rating": 3.91,
            "rating_top": 4,
            "ratings": [
                {
                    "id": 4,
                    "title": "recommended",
                    "count": 95,
                    "percent": 53.07
                },
                {
                    "id": 5,
                    "title": "exceptional",
                    "count": 46,
                    "percent": 25.7
                },
                {
                    "id": 3,
                    "title": "meh",
                    "count": 26,
                    "percent": 14.53
                },
                {
                    "id": 1,
                    "title": "skip",
                    "count": 12,
                    "percent": 6.7
                }
            ],
            "ratings_count": 178,
            "reviews_text_count": 0,
            "added": 1865,
            "added_by_status": {
                "yet": 72,
                "owned": 1569,
                "beaten": 144,
                "toplay": 19,
                "dropped": 56,
                "playing": 5
            },
            "metacritic": null,
            "suggestions_count": 625,
            "updated": "2024-12-30T16:35:51",
            "id": 18319,
            "score": null,
            "clip": null,
            "tags": [
                {
                    "id": 31,
                    "name": "Singleplayer",
                    "slug": "singleplayer",
                    "language": "eng",
                    "games_count": 236808,
                    "image_background": "https://media.rawg.io/media/games/4be/4be6a6ad0364751a96229c56bf69be59.jpg"
                },
                {
                    "id": 42396,
                    "name": "Для одного игрока",
                    "slug": "dlia-odnogo-igroka",
                    "language": "rus",
                    "games_count": 59339,
                    "image_background": "https://media.rawg.io/media/games/49c/49c3dfa4ce2f6f140cc4825868e858cb.jpg"
                },
                {
                    "id": 42417,
                    "name": "Экшен",
                    "slug": "ekshen",
                    "language": "rus",
                    "games_count": 45143,
                    "image_background": "https://media.rawg.io/media/games/b45/b45575f34285f2c4479c9a5f719d972e.jpg"
                },
                {
                    "id": 13,
                    "name": "Atmospheric",
                    "slug": "atmospheric",
                    "language": "eng",
                    "games_count": 36334,
                    "image_background": "https://media.rawg.io/media/games/b45/b45575f34285f2c4479c9a5f719d972e.jpg"
                },
                {
                    "id": 42425,
                    "name": "Для нескольких игроков",
                    "slug": "dlia-neskolkikh-igrokov",
                    "language": "rus",
                    "games_count": 11352,
                    "image_background": "https://media.rawg.io/media/games/157/15742f2f67eacff546738e1ab5c19d20.jpg"
                },
                {
                    "id": 42400,
                    "name": "Атмосфера",
                    "slug": "atmosfera",
                    "language": "rus",
                    "games_count": 6083,
                    "image_background": "https://media.rawg.io/media/games/7fa/7fa0b586293c5861ee32490e953a4996.jpg"
                },
                {
                    "id": 42401,
                    "name": "Отличный саундтрек",
                    "slug": "otlichnyi-saundtrek",
                    "language": "rus",
                    "games_count": 4645,
                    "image_background": "https://media.rawg.io/media/games/7cf/7cfc9220b401b7a300e409e539c9afd5.jpg"
                },
                {
                    "id": 42,
                    "name": "Great Soundtrack",
                    "slug": "great-soundtrack",
                    "language": "eng",
                    "games_count": 3421,
                    "image_background": "https://media.rawg.io/media/games/26d/26d4437715bee60138dab4a7c8c59c92.jpg"
                },
                {
                    "id": 42428,
                    "name": "Шутер",
                    "slug": "shuter",
                    "language": "rus",
                    "games_count": 10481,
                    "image_background": "https://media.rawg.io/media/games/4a0/4a0a1316102366260e6f38fd2a9cfdce.jpg"
                },
                {
                    "id": 42429,
                    "name": "От первого лица",
                    "slug": "ot-pervogo-litsa",
                    "language": "rus",
                    "games_count": 13462,
                    "image_background": "https://media.rawg.io/media/games/b8c/b8c243eaa0fbac8115e0cdccac3f91dc.jpg"
                },
                {
                    "id": 8,
                    "name": "First-Person",
                    "slug": "first-person",
                    "language": "eng",
                    "games_count": 34382,
                    "image_background": "https://media.rawg.io/media/games/2ba/2bac0e87cf45e5b508f227d281c9252a.jpg"
                },
                {
                    "id": 16,
                    "name": "Horror",
                    "slug": "horror",
                    "language": "eng",
                    "games_count": 46748,
                    "image_background": "https://media.rawg.io/media/games/4fb/4fb548e4816c84d1d70f1a228fb167cc.jpg"
                },
                {
                    "id": 30,
                    "name": "FPS",
                    "slug": "fps",
                    "language": "eng",
                    "games_count": 14102,
                    "image_background": "https://media.rawg.io/media/games/ec3/ec3a7db7b8ab5a71aad622fe7c62632f.jpg"
                },
                {
                    "id": 42427,
                    "name": "Шутер от первого лица",
                    "slug": "shuter-ot-pervogo-litsa",
                    "language": "rus",
                    "games_count": 6085,
                    "image_background": "https://media.rawg.io/media/games/f87/f87457e8347484033cb34cde6101d08d.jpg"
                },
                {
                    "id": 42491,
                    "name": "Мясо",
                    "slug": "miaso",
                    "language": "rus",
                    "games_count": 4962,
                    "image_background": "https://media.rawg.io/media/games/9dd/9ddabb34840ea9227556670606cf8ea3.jpg"
                },
                {
                    "id": 42461,
                    "name": "Классика",
                    "slug": "klassika",
                    "language": "rus",
                    "games_count": 1475,
                    "image_background": "https://media.rawg.io/media/games/021/021c4e21a1824d2526f925eff6324653.jpg"
                },
                {
                    "id": 26,
                    "name": "Gore",
                    "slug": "gore",
                    "language": "eng",
                    "games_count": 6148,
                    "image_background": "https://media.rawg.io/media/games/c6b/c6bfece1daf8d06bc0a60632ac78e5bf.jpg"
                },
                {
                    "id": 193,
                    "name": "Classic",
                    "slug": "classic",
                    "language": "eng",
                    "games_count": 1811,
                    "image_background": "https://media.rawg.io/media/games/7a2/7a2500ee8b2c0e1ff268bb4479463dea.jpg"
                },
                {
                    "id": 42544,
                    "name": "Зомби",
                    "slug": "zombi-2",
                    "language": "rus",
                    "games_count": 3118,
                    "image_background": "https://media.rawg.io/media/games/476/476178ef18ab0534771d099f51cdc694.jpg"
                },
                {
                    "id": 42612,
                    "name": "Быстрая",
                    "slug": "bystraia",
                    "language": "rus",
                    "games_count": 1908,
                    "image_background": "https://media.rawg.io/media/screenshots/616/616437f375a1080756c917b1437404f3.jpg"
                },
                {
                    "id": 42472,
                    "name": "Культовая классика",
                    "slug": "kultovaia-klassika",
                    "language": "rus",
                    "games_count": 264,
                    "image_background": "https://media.rawg.io/media/games/ab1/ab1b125c1bf4899c58fe90226b9a1f5b.jpg"
                },
                {
                    "id": 42545,
                    "name": "Демоны",
                    "slug": "demony",
                    "language": "rus",
                    "games_count": 2157,
                    "image_background": "https://media.rawg.io/media/screenshots/370/370895ff725d74e26b8d30389222b397.jpg"
                },
                {
                    "id": 42677,
                    "name": "Готика",
                    "slug": "gotika",
                    "language": "rus",
                    "games_count": 653,
                    "image_background": "https://media.rawg.io/media/games/9a5/9a55fdeaee5850b0a9f88b8081750c59.jpg"
                },
                {
                    "id": 52,
                    "name": "Arena Shooter",
                    "slug": "arena-shooter",
                    "language": "eng",
                    "games_count": 2092,
                    "image_background": "https://media.rawg.io/media/games/151/15133c265bf553aa6192d7d8340c56ff.jpg"
                },
                {
                    "id": 42532,
                    "name": "Шутер на арене",
                    "slug": "shuter-na-arene",
                    "language": "rus",
                    "games_count": 572,
                    "image_background": "https://media.rawg.io/media/games/c3b/c3be1d5f55cb9324c97ccb7aaaf42ad4.jpg"
                }
            ],
            "esrb_rating": null,
            "user_game": null,
            "reviews_count": 179,
            "saturated_color": "0f0f0f",
            "dominant_color": "0f0f0f",
            "short_screenshots": [
                {
                    "id": -1,
                    "image": "https://media.rawg.io/media/screenshots/65b/65ba49d8a3c9ec952f1762112df19dd7.jpg"
                },
                {
                    "id": 170459,
                    "image": "https://media.rawg.io/media/screenshots/b74/b743f6a82f28d7c6169e4486002b651c.jpg"
                },
                {
                    "id": 170460,
                    "image": "https://media.rawg.io/media/screenshots/758/75821d4f28f8b1b7baadd41064b72b41.jpg"
                },
                {
                    "id": 170461,
                    "image": "https://media.rawg.io/media/screenshots/811/811de362aea0876548d954809508320e.jpg"
                },
                {
                    "id": 170462,
                    "image": "https://media.rawg.io/media/screenshots/f00/f00f201a4c741da832027d4938fd19de.jpg"
                },
                {
                    "id": 170463,
                    "image": "https://media.rawg.io/media/screenshots/28e/28e24e75fab321145be35c9dc8f3a309.jpg"
                },
                {
                    "id": 170464,
                    "image": "https://media.rawg.io/media/screenshots/173/17391bba45135aec8019a20afc674f43.jpg"
                }
            ],
            "parent_platforms": [
                {
                    "platform": {
                        "id": 1,
                        "name": "PC",
                        "slug": "pc"
                    }
                }
            ],
            "genres": []
        },
        {
            "slug": "outriders-worldslayer",
            "name": "Outriders Worldslayer",
            "playtime": 0,
            "platforms": [
                {
                    "platform": {
                        "id": 4,
                        "name": "PC",
                        "slug": "pc"
                    }
                },
                {
                    "platform": {
                        "id": 187,
                        "name": "PlayStation 5",
                        "slug": "playstation5"
                    }
                },
                {
                    "platform": {
                        "id": 1,
                        "name": "Xbox One",
                        "slug": "xbox-one"
                    }
                },
                {
                    "platform": {
                        "id": 18,
                        "name": "PlayStation 4",
                        "slug": "playstation4"
                    }
                },
                {
                    "platform": {
                        "id": 186,
                        "name": "Xbox Series S/X",
                        "slug": "xbox-series-x"
                    }
                }
            ],
            "stores": [
                {
                    "store": {
                        "id": 1,
                        "name": "Steam",
                        "slug": "steam"
                    }
                },
                {
                    "store": {
                        "id": 3,
                        "name": "PlayStation Store",
                        "slug": "playstation-store"
                    }
                }
            ],
            "released": "2022-06-28",
            "tba": false,
            "background_image": "https://media.rawg.io/media/games/b01/b01b38e30ce7e55f15d22d9cac9510f7.jpg",
            "rating": 3.86,
            "rating_top": 4,
            "ratings": [
                {
                    "id": 4,
                    "title": "recommended",
                    "count": 6,
                    "percent": 85.71
                },
                {
                    "id": 3,
                    "title": "meh",
                    "count": 1,
                    "percent": 14.29
                }
            ],
            "ratings_count": 7,
            "reviews_text_count": 0,
            "added": 27,
            "added_by_status": {
                "yet": 3,
                "owned": 7,
                "beaten": 7,
                "toplay": 8,
                "playing": 2
            },
            "metacritic": null,
            "suggestions_count": 295,
            "updated": "2025-01-31T20:29:19",
            "id": 799244,
            "score": null,
            "clip": null,
            "tags": [],
            "esrb_rating": {
                "id": 4,
                "name": "Mature",
                "slug": "mature",
                "name_en": "Mature",
                "name_ru": "С 17 лет"
            },
            "user_game": null,
            "reviews_count": 7,
            "saturated_color": "0f0f0f",
            "dominant_color": "0f0f0f",
            "short_screenshots": [
                {
                    "id": -1,
                    "image": "https://media.rawg.io/media/games/b01/b01b38e30ce7e55f15d22d9cac9510f7.jpg"
                },
                {
                    "id": 3412461,
                    "image": "https://media.rawg.io/media/screenshots/e5f/e5f8b1bc40a5bf471bf4854010d8f835.jpg"
                },
                {
                    "id": 3412462,
                    "image": "https://media.rawg.io/media/screenshots/c2a/c2ac623022e8b7254ec1112b053782ac.jpg"
                },
                {
                    "id": 3414293,
                    "image": "https://media.rawg.io/media/screenshots/6ce/6ced3952ff7001efb29450a642938c94.jpg"
                },
                {
                    "id": 3414300,
                    "image": "https://media.rawg.io/media/screenshots/a3b/a3bd1e63182c341b472754cfc3626738.jpg"
                },
                {
                    "id": 3414302,
                    "image": "https://media.rawg.io/media/screenshots/acf/acf7881c8ed664b92552773b5db60c6c.jpg"
                }
            ],
            "parent_platforms": [
                {
                    "platform": {
                        "id": 1,
                        "name": "PC",
                        "slug": "pc"
                    }
                },
                {
                    "platform": {
                        "id": 2,
                        "name": "PlayStation",
                        "slug": "playstation"
                    }
                },
                {
                    "platform": {
                        "id": 3,
                        "name": "Xbox",
                        "slug": "xbox"
                    }
                }
            ],
            "genres": [
                {
                    "id": 2,
                    "name": "Shooter",
                    "slug": "shooter"
                },
                {
                    "id": 4,
                    "name": "Action",
                    "slug": "action"
                },
                {
                    "id": 5,
                    "name": "RPG",
                    "slug": "role-playing-games-rpg"
                }
            ]
        },
        {
            "slug": "outriders",
            "name": "Outriders",
            "playtime": 18,
            "platforms": [
                {
                    "platform": {
                        "id": 4,
                        "name": "PC",
                        "slug": "pc"
                    }
                },
                {
                    "platform": {
                        "id": 187,
                        "name": "PlayStation 5",
                        "slug": "playstation5"
                    }
                },
                {
                    "platform": {
                        "id": 1,
                        "name": "Xbox One",
                        "slug": "xbox-one"
                    }
                },
                {
                    "platform": {
                        "id": 18,
                        "name": "PlayStation 4",
                        "slug": "playstation4"
                    }
                },
                {
                    "platform": {
                        "id": 186,
                        "name": "Xbox Series S/X",
                        "slug": "xbox-series-x"
                    }
                }
            ],
            "stores": [
                {
                    "store": {
                        "id": 1,
                        "name": "Steam",
                        "slug": "steam"
                    }
                },
                {
                    "store": {
                        "id": 3,
                        "name": "PlayStation Store",
                        "slug": "playstation-store"
                    }
                },
                {
                    "store": {
                        "id": 2,
                        "name": "Xbox Store",
                        "slug": "xbox-store"
                    }
                },
                {
                    "store": {
                        "id": 11,
                        "name": "Epic Games",
                        "slug": "epic-games"
                    }
                }
            ],
            "released": "2021-04-01",
            "tba": false,
            "background_image": "https://media.rawg.io/media/games/faa/faa6a4a7a2e57faf2960329630aee211.jpg",
            "rating": 3.38,
            "rating_top": 3,
            "ratings": [
                {
                    "id": 3,
                    "title": "meh",
                    "count": 143,
                    "percent": 43.07
                },
                {
                    "id": 4,
                    "title": "recommended",
                    "count": 128,
                    "percent": 38.55
                },
                {
                    "id": 1,
                    "title": "skip",
                    "count": 31,
                    "percent": 9.34
                },
                {
                    "id": 5,
                    "title": "exceptional",
                    "count": 30,
                    "percent": 9.04
                }
            ],
            "ratings_count": 321,
            "reviews_text_count": 8,
            "added": 2421,
            "added_by_status": {
                "yet": 93,
                "owned": 1819,
                "beaten": 152,
                "toplay": 149,
                "dropped": 179,
                "playing": 29
            },
            "metacritic": 73,
            "suggestions_count": 1077,
            "updated": "2025-03-19T09:52:02",
            "id": 327227,
            "score": null,
            "clip": null,
            "tags": [
                {
                    "id": 31,
                    "name": "Singleplayer",
                    "slug": "singleplayer",
                    "language": "eng",
                    "games_count": 236808,
                    "image_background": "https://media.rawg.io/media/games/4be/4be6a6ad0364751a96229c56bf69be59.jpg"
                },
                {
                    "id": 42417,
                    "name": "Экшен",
                    "slug": "ekshen",
                    "language": "rus",
                    "games_count": 45143,
                    "image_background": "https://media.rawg.io/media/games/b45/b45575f34285f2c4479c9a5f719d972e.jpg"
                },
                {
                    "id": 42392,
                    "name": "Приключение",
                    "slug": "prikliuchenie",
                    "language": "rus",
                    "games_count": 43383,
                    "image_background": "https://media.rawg.io/media/games/d82/d82990b9c67ba0d2d09d4e6fa88885a7.jpg"
                },
                {
                    "id": 40847,
                    "name": "Steam Achievements",
                    "slug": "steam-achievements",
                    "language": "eng",
                    "games_count": 44261,
                    "image_background": "https://media.rawg.io/media/games/b8c/b8c243eaa0fbac8115e0cdccac3f91dc.jpg"
                },
                {
                    "id": 7,
                    "name": "Multiplayer",
                    "slug": "multiplayer",
                    "language": "eng",
                    "games_count": 40265,
                    "image_background": "https://media.rawg.io/media/games/021/021c4e21a1824d2526f925eff6324653.jpg"
                },
                {
                    "id": 40836,
                    "name": "Full controller support",
                    "slug": "full-controller-support",
                    "language": "eng",
                    "games_count": 20885,
                    "image_background": "https://media.rawg.io/media/games/562/562553814dd54e001a541e4ee83a591c.jpg"
                },
                {
                    "id": 13,
                    "name": "Atmospheric",
                    "slug": "atmospheric",
                    "language": "eng",
                    "games_count": 36334,
                    "image_background": "https://media.rawg.io/media/games/b45/b45575f34285f2c4479c9a5f719d972e.jpg"
                },
                {
                    "id": 24,
                    "name": "RPG",
                    "slug": "rpg",
                    "language": "eng",
                    "games_count": 23789,
                    "image_background": "https://media.rawg.io/media/games/618/618c2031a07bbff6b4f611f10b6bcdbc.jpg"
                },
                {
                    "id": 18,
                    "name": "Co-op",
                    "slug": "co-op",
                    "language": "eng",
                    "games_count": 12990,
                    "image_background": "https://media.rawg.io/media/games/4e0/4e0e7b6d6906a131307c94266e5c9a1c.jpg"
                },
                {
                    "id": 42412,
                    "name": "Ролевая игра",
                    "slug": "rolevaia-igra",
                    "language": "rus",
                    "games_count": 20193,
                    "image_background": "https://media.rawg.io/media/games/ee3/ee3e10193aafc3230ba1cae426967d10.jpg"
                },
                {
                    "id": 411,
                    "name": "cooperative",
                    "slug": "cooperative",
                    "language": "eng",
                    "games_count": 5769,
                    "image_background": "https://media.rawg.io/media/games/587/587588c64afbff80e6f444eb2e46f9da.jpg"
                },
                {
                    "id": 32,
                    "name": "Sci-fi",
                    "slug": "sci-fi",
                    "language": "eng",
                    "games_count": 20582,
                    "image_background": "https://media.rawg.io/media/games/587/587588c64afbff80e6f444eb2e46f9da.jpg"
                },
                {
                    "id": 9,
                    "name": "Online Co-Op",
                    "slug": "online-co-op",
                    "language": "eng",
                    "games_count": 6621,
                    "image_background": "https://media.rawg.io/media/games/2ba/2bac0e87cf45e5b508f227d281c9252a.jpg"
                },
                {
                    "id": 42491,
                    "name": "Мясо",
                    "slug": "miaso",
                    "language": "rus",
                    "games_count": 4962,
                    "image_background": "https://media.rawg.io/media/games/9dd/9ddabb34840ea9227556670606cf8ea3.jpg"
                },
                {
                    "id": 26,
                    "name": "Gore",
                    "slug": "gore",
                    "language": "eng",
                    "games_count": 6148,
                    "image_background": "https://media.rawg.io/media/games/c6b/c6bfece1daf8d06bc0a60632ac78e5bf.jpg"
                },
                {
                    "id": 42402,
                    "name": "Насилие",
                    "slug": "nasilie",
                    "language": "rus",
                    "games_count": 6168,
                    "image_background": "https://media.rawg.io/media/games/0af/0af85e8edddfa55368e47c539914a220.jpg"
                },
                {
                    "id": 34,
                    "name": "Violent",
                    "slug": "violent",
                    "language": "eng",
                    "games_count": 7206,
                    "image_background": "https://media.rawg.io/media/games/a0e/a0ef08621301a1eab5e04fa5c96978fa.jpeg"
                },
                {
                    "id": 42446,
                    "name": "Шутер от третьего лица",
                    "slug": "shuter-ot-tretego-litsa",
                    "language": "rus",
                    "games_count": 2413,
                    "image_background": "https://media.rawg.io/media/games/7ac/7aca7ccf0e70cd0974cb899ab9e5158e.jpg"
                },
                {
                    "id": 150,
                    "name": "Third-Person Shooter",
                    "slug": "third-person-shooter",
                    "language": "eng",
                    "games_count": 3804,
                    "image_background": "https://media.rawg.io/media/games/d46/d46373f39458670305704ef089387520.jpg"
                },
                {
                    "id": 41,
                    "name": "Dark",
                    "slug": "dark",
                    "language": "eng",
                    "games_count": 17196,
                    "image_background": "https://media.rawg.io/media/games/d9f/d9f982e042df6263684ba1fdea3efc1c.jpg"
                },
                {
                    "id": 70,
                    "name": "War",
                    "slug": "war",
                    "language": "eng",
                    "games_count": 9698,
                    "image_background": "https://media.rawg.io/media/games/9af/9af24c1886e2c7b52a4a2c65aa874638.jpg"
                },
                {
                    "id": 172,
                    "name": "Aliens",
                    "slug": "aliens",
                    "language": "eng",
                    "games_count": 7164,
                    "image_background": "https://media.rawg.io/media/games/d54/d54f0267a042f44c032d8ca264584ecf.jpg"
                },
                {
                    "id": 40937,
                    "name": "Steam Trading Cards",
                    "slug": "steam-trading-cards-2",
                    "language": "eng",
                    "games_count": 736,
                    "image_background": "https://media.rawg.io/media/games/473/473bd9a5e9522629d6cb28b701fb836a.jpg"
                },
                {
                    "id": 478,
                    "name": "3rd-Person Perspective",
                    "slug": "3rd-person-perspective",
                    "language": "eng",
                    "games_count": 87,
                    "image_background": "https://media.rawg.io/media/games/21c/21cc15d233117c6809ec86870559e105.jpg"
                },
                {
                    "id": 413,
                    "name": "online",
                    "slug": "online",
                    "language": "eng",
                    "games_count": 6554,
                    "image_background": "https://media.rawg.io/media/screenshots/587/58785538b2d3a7226fa2c07d36e02b2b.jpeg"
                },
                {
                    "id": 98,
                    "name": "Loot",
                    "slug": "loot",
                    "language": "eng",
                    "games_count": 2571,
                    "image_background": "https://media.rawg.io/media/games/501/501e7019925a3c692bf1c8062f07abe6.jpg"
                },
                {
                    "id": 2030,
                    "name": "city",
                    "slug": "city",
                    "language": "eng",
                    "games_count": 9263,
                    "image_background": "https://media.rawg.io/media/games/4d3/4d36d90fd20f0c0e7e66a99fd624b03a.jpg"
                },
                {
                    "id": 5816,
                    "name": "console",
                    "slug": "console",
                    "language": "eng",
                    "games_count": 1390,
                    "image_background": "https://media.rawg.io/media/games/faa/faa6a4a7a2e57faf2960329630aee211.jpg"
                },
                {
                    "id": 4565,
                    "name": "offline",
                    "slug": "offline",
                    "language": "eng",
                    "games_count": 1072,
                    "image_background": "https://media.rawg.io/media/games/ba7/ba7e84d59dbdb2fab5b2c1368e3bdfa5.jpg"
                },
                {
                    "id": 467,
                    "name": "Role Playing Game",
                    "slug": "role-playing-game",
                    "language": "eng",
                    "games_count": 19,
                    "image_background": "https://media.rawg.io/media/games/8ea/8ea1e2850d7568bc9733d546c0ac6ce1.jpg"
                },
                {
                    "id": 2232,
                    "name": "journey",
                    "slug": "journey",
                    "language": "eng",
                    "games_count": 2090,
                    "image_background": "https://media.rawg.io/media/games/dec/decdfa154a72265cd2914097666a99d5.jpg"
                },
                {
                    "id": 1105,
                    "name": "planet",
                    "slug": "planet",
                    "language": "eng",
                    "games_count": 3019,
                    "image_background": "https://media.rawg.io/media/games/c30/c304b2c132f6bc1b6bcec5b03417a005.jpg"
                },
                {
                    "id": 4927,
                    "name": "fly",
                    "slug": "fly",
                    "language": "eng",
                    "games_count": 2953,
                    "image_background": "https://media.rawg.io/media/screenshots/45a/45a64c3d275d9ca7838a178ef906931a.jpg"
                },
                {
                    "id": 2876,
                    "name": "square",
                    "slug": "square",
                    "language": "eng",
                    "games_count": 1396,
                    "image_background": "https://media.rawg.io/media/screenshots/480/480e1719f9931da05dedcc616a9bde93.jpg"
                }
            ],
            "esrb_rating": {
                "id": 4,
                "name": "Mature",
                "slug": "mature",
                "name_en": "Mature",
                "name_ru": "С 17 лет"
            },
            "user_game": null,
            "reviews_count": 332,
            "saturated_color": "0f0f0f",
            "dominant_color": "0f0f0f",
            "short_screenshots": [
                {
                    "id": -1,
                    "image": "https://media.rawg.io/media/games/faa/faa6a4a7a2e57faf2960329630aee211.jpg"
                },
                {
                    "id": 2840925,
                    "image": "https://media.rawg.io/media/screenshots/9cf/9cfa8c5dcc7caaf96c27b2cb9355f290.jpg"
                },
                {
                    "id": 2840926,
                    "image": "https://media.rawg.io/media/screenshots/f8f/f8f5e447b582f1e0284a7ac0fc086f4e.jpg"
                },
                {
                    "id": 2840927,
                    "image": "https://media.rawg.io/media/screenshots/5ad/5adab9b7a30cc6bec147576a28d187cc.jpg"
                },
                {
                    "id": 2840928,
                    "image": "https://media.rawg.io/media/screenshots/a4e/a4ed44ce9b5efdf83ddb70d6e93b5fa2.jpg"
                },
                {
                    "id": 2840929,
                    "image": "https://media.rawg.io/media/screenshots/21a/21aa989a720e64dce8a5a8d7d076976e.jpg"
                },
                {
                    "id": 2840930,
                    "image": "https://media.rawg.io/media/screenshots/e30/e302066a4f9074431f698e6ff3116f35.jpg"
                }
            ],
            "parent_platforms": [
                {
                    "platform": {
                        "id": 1,
                        "name": "PC",
                        "slug": "pc"
                    }
                },
                {
                    "platform": {
                        "id": 2,
                        "name": "PlayStation",
                        "slug": "playstation"
                    }
                },
                {
                    "platform": {
                        "id": 3,
                        "name": "Xbox",
                        "slug": "xbox"
                    }
                }
            ],
            "genres": [
                {
                    "id": 2,
                    "name": "Shooter",
                    "slug": "shooter"
                },
                {
                    "id": 3,
                    "name": "Adventure",
                    "slug": "adventure"
                },
                {
                    "id": 4,
                    "name": "Action",
                    "slug": "action"
                },
                {
                    "id": 5,
                    "name": "RPG",
                    "slug": "role-playing-games-rpg"
                }
            ]
        }
    ],
    "user_platforms": false
}