{
    "count": 1,
    "next": null,
    "previous": null,
    "results": [
        {
            "slug": "relevance",
            "name": "Relevance",
            "playtime": 0,
            "platforms": [
                {
                    "platform": {
                        "id": 4,
                        "name": "PC",
                        "slug": "pc"
                    }
                }
            ],
            "stores": [
                {
                    "store": {
                        "id": 9,
                        "name": "itch.io",
                        "slug": "itch"
                    }
                }
            ],
            "released": "2020-08-09",
            "tba": false,
            "background_image": "https://media.rawg.io/media/screenshots/921/921ca9ead07395648948eec22efd9605.jpg",
            "rating": 0.0,
            "rating_top": 0,
            "ratings": [],
            "ratings_count": 0,
            "reviews_text_count": 0,
            "added": 0,
            "added_by_status": null,
            "metacritic": null,
            "suggestions_count": 140,
            "updated": "2020-08-10T03:10:23",
            "id": 477493,
            "score": null,
            "clip": null,
            "tags": [
                {
                    "id": 45,
                    "name": "2D",
                    "slug": "2d",
                    "language": "eng",
                    "games_count": 85731,
                    "image_background": "https://media.rawg.io/media/games/14a/14a83c56ff668baaced6e8c8704b6391.jpg"
                },
                {
                    "id": 69,
                    "name": "Action-Adventure",
                    "slug": "action-adventure",
                    "language": "eng",
                    "games_count": 6387,
                    "image_background": "https://media.rawg.io/media/games/c50/c5085506fe4b5e20fc7aa5ace842c20b.jpg"
                },
                {
                    "id": 259,
                    "name": "Metroidvania",
                    "slug": "metroidvania",
                    "language": "eng",
                    "games_count": 1859,
                    "image_background": "https://media.rawg.io/media/screenshots/244/244734c34364554c64d9cd059cc90c73.jpg"
                },
                {
                    "id": 36,
                    "name": "Open World",
                    "slug": "open-world",
                    "language": "eng",
                    "games_count": 3164,
                    "image_background": "https://media.rawg.io/media/games/84d/84da2ac3fdfc6507807a1808595afb12.jpg"
                },
                {
                    "id": 122,
                    "name": "Pixel Graphics",
                    "slug": "pixel-graphics",
                    "language": "eng",
                    "games_count": 39923,
                    "image_background": "https://media.rawg.io/media/games/713/713269608dc8f2f40f5a670a14b2de94.jpg"
                },
                {
                    "id": 113,
                    "name": "Side Scroller",
                    "slug": "side-scroller",
                    "language": "eng",
                    "games_count": 4436,
                    "image_background": "https://media.rawg.io/media/games/b17/b17485d757ca36b5f1ad376b6b096885.jpg"
                }
            ],
            "esrb_rating": null,
            "user_game": null,
            "reviews_count": 0,
            "community_rating": 0,
            "saturated_color": "0f0f0f",
            "dominant_color": "0f0f0f",
            "short_screenshots": [
                {
                    "id": -1,
                    "image": "https://media.rawg.io/media/screenshots/921/921ca9ead07395648948eec22efd9605.jpg"
                },
                {
                    "id": 2473470,
                    "image": "https://media.rawg.io/media/screenshots/05c/05c80174ebce593e25ccc3d855db1fb9.jpg"
                },
                {
                    "id": 2473471,
                    "image": "https://media.rawg.io/media/screenshots/177/17743020cbf0a27c5202e6b4b1e940ef.jpg"
                },
                {
                    "id": 2473472,
                    "image": "https://media.rawg.io/media/screenshots/066/0669ccb8ad3ce8852c45cceeb1cab48c.jpg"
                },
                {
                    "id": 2473473,
                    "image": "https://media.rawg.io/media/screenshots/921/921ca9ead07395648948eec22efd9605.jpg"
                }
            ],
            "parent_platforms": [
                {
                    "platform": {
                        "id": 1,
                        "name": "PC",
                        "slug": "pc"
                    }
                }
            ],
            "genres": [
                {
                    "id": 3,
                    "name": "Adventure",
                    "slug": "adventure"
                },
                {
                    "id": 4,
                    "name": "Action",
                    "slug": "action"
                }
            ]
        }
    ],
    "user_platforms": false
}