{
    "count": 13,
    "next": "https://api.rawg.io/api/games?developers=13141&key=6144c1f5ae184e6a89a3e2b34caf541c&ordering=-rating&page=2&page_size=10",
    "previous": null,
    "results": [
        {
            "slug": "forza-horizon-3",
            "name": "Forza Horizon 3",
            "playtime": 0,
            "platforms": [
                {
                    "platform": {
                        "id": 4,
                        "name": "PC",
                        "slug": "pc"
                    }
                },
                {
                    "platform": {
                        "id": 1,
                        "name": "Xbox One",
                        "slug": "xbox-one"
                    }
                }
            ],
            "stores": [
                {
                    "store": {
                        "id": 2,
                        "name": "Xbox Store",
                        "slug": "xbox-store"
                    }
                }
            ],
            "released": "2016-09-27",
            "tba": false,
            "background_image": "https://media.rawg.io/media/games/30a/30afe3a3cb06849dc032ef3b9295f180.jpg",
            "rating": 4.37,
            "rating_top": 5,
            "ratings": [
                {
                    "id": 5,
                    "title": "exceptional",
                    "count": 313,
                    "percent": 51.74
                },
                {
                    "id": 4,
                    "title": "recommended",
                    "count": 242,
                    "percent": 40.0
                },
                {
                    "id": 3,
                    "title": "meh",
                    "count": 29,
                    "percent": 4.79
                },
                {
                    "id": 1,
                    "title": "skip",
                    "count": 21,
                    "percent": 3.47
                }
            ],
            "ratings_count": 601,
            "reviews_text_count": 2,
            "added": 2010,
            "added_by_status": {
                "yet": 61,
                "owned": 1336,
                "beaten": 272,
                "toplay": 86,
                "dropped": 192,
                "playing": 63
            },
            "metacritic": 88,
            "suggestions_count": 476,
            "updated": "2025-03-03T21:42:42",
            "id": 881,
            "score": null,
            "clip": null,
            "tags": [
                {
                    "id": 31,
                    "name": "Singleplayer",
                    "slug": "singleplayer",
                    "language": "eng",
                    "games_count": 235909,
                    "image_background": "https://media.rawg.io/media/games/34b/34b1f1850a1c06fd971bc6ab3ac0ce0e.jpg"
                },
                {
                    "id": 7,
                    "name": "Multiplayer",
                    "slug": "multiplayer",
                    "language": "eng",
                    "games_count": 40100,
                    "image_background": "https://media.rawg.io/media/games/4a0/4a0a1316102366260e6f38fd2a9cfdce.jpg"
                },
                {
                    "id": 36,
                    "name": "Open World",
                    "slug": "open-world",
                    "language": "eng",
                    "games_count": 8331,
                    "image_background": "https://media.rawg.io/media/games/e6d/e6de699bd788497f4b52e2f41f9698f2.jpg"
                },
                {
                    "id": 132,
                    "name": "Offroad",
                    "slug": "offroad",
                    "language": "eng",
                    "games_count": 1017,
                    "image_background": "https://media.rawg.io/media/games/634/63488d9f225c4004caf8f8f962fc2199.jpg"
                },
                {
                    "id": 51020,
                    "name": "street racing",
                    "slug": "street-racing-2",
                    "language": "eng",
                    "games_count": 11,
                    "image_background": "https://media.rawg.io/media/screenshots/234/23481af4d4cf137992cf0c88defa3d91.jpg"
                }
            ],
            "esrb_rating": {
                "id": 1,
                "name": "Everyone",
                "slug": "everyone",
                "name_en": "Everyone",
                "name_ru": "Для всех"
            },
            "user_game": null,
            "reviews_count": 605,
            "saturated_color": "0f0f0f",
            "dominant_color": "0f0f0f",
            "short_screenshots": [
                {
                    "id": -1,
                    "image": "https://media.rawg.io/media/games/30a/30afe3a3cb06849dc032ef3b9295f180.jpg"
                },
                {
                    "id": 7772,
                    "image": "https://media.rawg.io/media/screenshots/ea9/ea9ac44e300c63e69fd1626b9ec27cef.jpg"
                },
                {
                    "id": 7779,
                    "image": "https://media.rawg.io/media/screenshots/835/835fce3536c0346e12b312727130894a.jpg"
                },
                {
                    "id": 59676,
                    "image": "https://media.rawg.io/media/screenshots/cf4/cf45410c520670222fe3463ad53879c6.jpg"
                },
                {
                    "id": 59693,
                    "image": "https://media.rawg.io/media/screenshots/29e/29ec01bcae61e6efe16fa571cb5af92e.jpg"
                },
                {
                    "id": 628371,
                    "image": "https://media.rawg.io/media/screenshots/05d/05d0840d079a5632f9ba8262f54ecadb.jpg"
                },
                {
                    "id": 628372,
                    "image": "https://media.rawg.io/media/screenshots/df0/df0d7d2ea3dc7b050e2d2b383b39e8c3.jpg"
                }
            ],
            "parent_platforms": [
                {
                    "platform": {
                        "id": 1,
                        "name": "PC",
                        "slug": "pc"
                    }
                },
                {
                    "platform": {
                        "id": 3,
                        "name": "Xbox",
                        "slug": "xbox"
                    }
                }
            ],
            "genres": [
                {
                    "id": 1,
                    "name": "Racing",
                    "slug": "racing"
                },
                {
                    "id": 11,
                    "name": "Arcade",
                    "slug": "arcade"
                }
            ]
        },
        {
            "slug": "forza-horizon-4",
            "name": "Forza Horizon 4",
            "playtime": 13,
            "platforms": [
                {
                    "platform": {
                        "id": 4,
                        "name": "PC",
                        "slug": "pc"
                    }
                },
                {
                    "platform": {
                        "id": 1,
                        "name": "Xbox One",
                        "slug": "xbox-one"
                    }
                },
                {
                    "platform": {
                        "id": 186,
                        "name": "Xbox Series S/X",
                        "slug": "xbox-series-x"
                    }
                }
            ],
            "stores": [
                {
                    "store": {
                        "id": 1,
                        "name": "Steam",
                        "slug": "steam"
                    }
                },
                {
                    "store": {
                        "id": 2,
                        "name": "Xbox Store",
                        "slug": "xbox-store"
                    }
                }
            ],
            "released": "2018-10-02",
            "tba": false,
            "background_image": "https://media.rawg.io/media/games/786/7863e587bac630de82fca50d799236a9.jpg",
            "rating": 4.37,
            "rating_top": 5,
            "ratings": [
                {
                    "id": 5,
                    "title": "exceptional",
                    "count": 848,
                    "percent": 51.87
                },
                {
                    "id": 4,
                    "title": "recommended",
                    "count": 636,
                    "percent": 38.9
                },
                {
                    "id": 3,
                    "title": "meh",
                    "count": 105,
                    "percent": 6.42
                },
                {
                    "id": 1,
                    "title": "skip",
                    "count": 46,
                    "percent": 2.81
                }
            ],
            "ratings_count": 1619,
            "reviews_text_count": 10,
            "added": 6227,
            "added_by_status": {
                "yet": 178,
                "owned": 4137,
                "beaten": 633,
                "toplay": 308,
                "dropped": 636,
                "playing": 335
            },
            "metacritic": 90,
            "suggestions_count": 473,
            "updated": "2025-03-21T08:58:07",
            "id": 58753,
            "score": null,
            "clip": null,
            "tags": [
                {
                    "id": 31,
                    "name": "Singleplayer",
                    "slug": "singleplayer",
                    "language": "eng",
                    "games_count": 236808,
                    "image_background": "https://media.rawg.io/media/games/4be/4be6a6ad0364751a96229c56bf69be59.jpg"
                },
                {
                    "id": 42396,
                    "name": "Для одного игрока",
                    "slug": "dlia-odnogo-igroka",
                    "language": "rus",
                    "games_count": 59339,
                    "image_background": "https://media.rawg.io/media/games/49c/49c3dfa4ce2f6f140cc4825868e858cb.jpg"
                },
                {
                    "id": 42417,
                    "name": "Экшен",
                    "slug": "ekshen",
                    "language": "rus",
                    "games_count": 45143,
                    "image_background": "https://media.rawg.io/media/games/b45/b45575f34285f2c4479c9a5f719d972e.jpg"
                },
                {
                    "id": 42392,
                    "name": "Приключение",
                    "slug": "prikliuchenie",
                    "language": "rus",
                    "games_count": 43383,
                    "image_background": "https://media.rawg.io/media/games/d82/d82990b9c67ba0d2d09d4e6fa88885a7.jpg"
                },
                {
                    "id": 40847,
                    "name": "Steam Achievements",
                    "slug": "steam-achievements",
                    "language": "eng",
                    "games_count": 44261,
                    "image_background": "https://media.rawg.io/media/games/b8c/b8c243eaa0fbac8115e0cdccac3f91dc.jpg"
                },
                {
                    "id": 7,
                    "name": "Multiplayer",
                    "slug": "multiplayer",
                    "language": "eng",
                    "games_count": 40265,
                    "image_background": "https://media.rawg.io/media/games/021/021c4e21a1824d2526f925eff6324653.jpg"
                },
                {
                    "id": 40836,
                    "name": "Full controller support",
                    "slug": "full-controller-support",
                    "language": "eng",
                    "games_count": 20885,
                    "image_background": "https://media.rawg.io/media/games/562/562553814dd54e001a541e4ee83a591c.jpg"
                },
                {
                    "id": 40849,
                    "name": "Steam Cloud",
                    "slug": "steam-cloud",
                    "language": "eng",
                    "games_count": 21355,
                    "image_background": "https://media.rawg.io/media/games/be0/be01c3d7d8795a45615da139322ca080.jpg"
                },
                {
                    "id": 13,
                    "name": "Atmospheric",
                    "slug": "atmospheric",
                    "language": "eng",
                    "games_count": 36334,
                    "image_background": "https://media.rawg.io/media/games/b45/b45575f34285f2c4479c9a5f719d972e.jpg"
                },
                {
                    "id": 42425,
                    "name": "Для нескольких игроков",
                    "slug": "dlia-neskolkikh-igrokov",
                    "language": "rus",
                    "games_count": 11352,
                    "image_background": "https://media.rawg.io/media/games/157/15742f2f67eacff546738e1ab5c19d20.jpg"
                },
                {
                    "id": 42400,
                    "name": "Атмосфера",
                    "slug": "atmosfera",
                    "language": "rus",
                    "games_count": 6083,
                    "image_background": "https://media.rawg.io/media/games/7fa/7fa0b586293c5861ee32490e953a4996.jpg"
                },
                {
                    "id": 42401,
                    "name": "Отличный саундтрек",
                    "slug": "otlichnyi-saundtrek",
                    "language": "rus",
                    "games_count": 4645,
                    "image_background": "https://media.rawg.io/media/games/7cf/7cfc9220b401b7a300e409e539c9afd5.jpg"
                },
                {
                    "id": 42,
                    "name": "Great Soundtrack",
                    "slug": "great-soundtrack",
                    "language": "eng",
                    "games_count": 3421,
                    "image_background": "https://media.rawg.io/media/games/26d/26d4437715bee60138dab4a7c8c59c92.jpg"
                },
                {
                    "id": 18,
                    "name": "Co-op",
                    "slug": "co-op",
                    "language": "eng",
                    "games_count": 12990,
                    "image_background": "https://media.rawg.io/media/games/4e0/4e0e7b6d6906a131307c94266e5c9a1c.jpg"
                },
                {
                    "id": 42442,
                    "name": "Открытый мир",
                    "slug": "otkrytyi-mir",
                    "language": "rus",
                    "games_count": 6580,
                    "image_background": "https://media.rawg.io/media/games/ee3/ee3e10193aafc3230ba1cae426967d10.jpg"
                },
                {
                    "id": 36,
                    "name": "Open World",
                    "slug": "open-world",
                    "language": "eng",
                    "games_count": 8394,
                    "image_background": "https://media.rawg.io/media/games/00d/00d374f12a3ab5f96c500a2cfa901e15.jpg"
                },
                {
                    "id": 42429,
                    "name": "От первого лица",
                    "slug": "ot-pervogo-litsa",
                    "language": "rus",
                    "games_count": 13462,
                    "image_background": "https://media.rawg.io/media/games/b8c/b8c243eaa0fbac8115e0cdccac3f91dc.jpg"
                },
                {
                    "id": 8,
                    "name": "First-Person",
                    "slug": "first-person",
                    "language": "eng",
                    "games_count": 34382,
                    "image_background": "https://media.rawg.io/media/games/2ba/2bac0e87cf45e5b508f227d281c9252a.jpg"
                },
                {
                    "id": 42413,
                    "name": "Симулятор",
                    "slug": "simuliator",
                    "language": "rus",
                    "games_count": 22400,
                    "image_background": "https://media.rawg.io/media/screenshots/f2f/f2f3c93d6153da7aee590f3ab8ccd803.jpg"
                },
                {
                    "id": 9,
                    "name": "Online Co-Op",
                    "slug": "online-co-op",
                    "language": "eng",
                    "games_count": 6621,
                    "image_background": "https://media.rawg.io/media/games/2ba/2bac0e87cf45e5b508f227d281c9252a.jpg"
                },
                {
                    "id": 6,
                    "name": "Exploration",
                    "slug": "exploration",
                    "language": "eng",
                    "games_count": 26004,
                    "image_background": "https://media.rawg.io/media/games/737/737ea5662211d2e0bbd6f5989189e4f1.jpg"
                },
                {
                    "id": 37,
                    "name": "Sandbox",
                    "slug": "sandbox",
                    "language": "eng",
                    "games_count": 7655,
                    "image_background": "https://media.rawg.io/media/games/960/960b601d9541cec776c5fa42a00bf6c4.jpg"
                },
                {
                    "id": 42433,
                    "name": "Совместная игра по сети",
                    "slug": "sovmestnaia-igra-po-seti",
                    "language": "rus",
                    "games_count": 1226,
                    "image_background": "https://media.rawg.io/media/games/4e0/4e0e7b6d6906a131307c94266e5c9a1c.jpg"
                },
                {
                    "id": 42464,
                    "name": "Исследование",
                    "slug": "issledovanie",
                    "language": "rus",
                    "games_count": 2979,
                    "image_background": "https://media.rawg.io/media/games/da1/da1b267764d77221f07a4386b6548e5a.jpg"
                },
                {
                    "id": 42587,
                    "name": "Аркада",
                    "slug": "arkada",
                    "language": "rus",
                    "games_count": 12763,
                    "image_background": "https://media.rawg.io/media/games/082/082365507ff04d456c700157072d35db.jpg"
                },
                {
                    "id": 157,
                    "name": "PvP",
                    "slug": "pvp",
                    "language": "eng",
                    "games_count": 10659,
                    "image_background": "https://media.rawg.io/media/games/9c4/9c47f320eb73c9a02d462e12f6206b26.jpg"
                },
                {
                    "id": 40832,
                    "name": "Cross-Platform Multiplayer",
                    "slug": "cross-platform-multiplayer",
                    "language": "eng",
                    "games_count": 2884,
                    "image_background": "https://media.rawg.io/media/games/12e/12ea6b35b65df38258e25885a0a392a6.jpg"
                },
                {
                    "id": 42434,
                    "name": "Игрок против игрока",
                    "slug": "igrok-protiv-igroka",
                    "language": "rus",
                    "games_count": 6127,
                    "image_background": "https://media.rawg.io/media/games/48e/48e63bbddeddbe9ba81942772b156664.jpg"
                },
                {
                    "id": 37796,
                    "name": "exclusive",
                    "slug": "exclusive",
                    "language": "eng",
                    "games_count": 4491,
                    "image_background": "https://media.rawg.io/media/games/f24/f2493ea338fe7bd3c7d73750a85a0959.jpeg"
                },
                {
                    "id": 107,
                    "name": "Family Friendly",
                    "slug": "family-friendly",
                    "language": "eng",
                    "games_count": 8995,
                    "image_background": "https://media.rawg.io/media/games/1e5/1e5e33b88be978f451196a751424a72e.jpg"
                },
                {
                    "id": 42460,
                    "name": "Реализм",
                    "slug": "realizm",
                    "language": "rus",
                    "games_count": 7434,
                    "image_background": "https://media.rawg.io/media/games/c3b/c3be1d5f55cb9324c97ccb7aaaf42ad4.jpg"
                },
                {
                    "id": 77,
                    "name": "Realistic",
                    "slug": "realistic",
                    "language": "eng",
                    "games_count": 7455,
                    "image_background": "https://media.rawg.io/media/games/e44/e445335e611b4ccf03af71fffcbd30a4.jpg"
                },
                {
                    "id": 110,
                    "name": "Cinematic",
                    "slug": "cinematic",
                    "language": "eng",
                    "games_count": 2758,
                    "image_background": "https://media.rawg.io/media/games/0af/0af85e8edddfa55368e47c539914a220.jpg"
                },
                {
                    "id": 42496,
                    "name": "Гонки",
                    "slug": "gonki",
                    "language": "rus",
                    "games_count": 4212,
                    "image_background": "https://media.rawg.io/media/games/a1c/a1cea552040aecf9414548e209f9c0d8.jpg"
                },
                {
                    "id": 33,
                    "name": "VR",
                    "slug": "vr",
                    "language": "eng",
                    "games_count": 12692,
                    "image_background": "https://media.rawg.io/media/games/b69/b69a67833630dd96d8eee9d2c8c27574.jpg"
                },
                {
                    "id": 42531,
                    "name": "Спортивная игра",
                    "slug": "sportivnaia-igra",
                    "language": "rus",
                    "games_count": 4672,
                    "image_background": "https://media.rawg.io/media/screenshots/c02/c02c64324edc2045ea1fc0601cdaaa0c.jpg"
                },
                {
                    "id": 45878,
                    "name": "Online PvP",
                    "slug": "online-pvp",
                    "language": "eng",
                    "games_count": 5477,
                    "image_background": "https://media.rawg.io/media/games/998/9980c4296f311d8bcc5b451ca51e4fe1.jpg"
                },
                {
                    "id": 40937,
                    "name": "Steam Trading Cards",
                    "slug": "steam-trading-cards-2",
                    "language": "eng",
                    "games_count": 736,
                    "image_background": "https://media.rawg.io/media/games/473/473bd9a5e9522629d6cb28b701fb836a.jpg"
                },
                {
                    "id": 130,
                    "name": "Driving",
                    "slug": "driving",
                    "language": "eng",
                    "games_count": 5349,
                    "image_background": "https://media.rawg.io/media/games/370/3703c683968a54f09630dcf03366ea35.jpg"
                },
                {
                    "id": 42600,
                    "name": "Вождение",
                    "slug": "vozhdenie",
                    "language": "rus",
                    "games_count": 1796,
                    "image_background": "https://media.rawg.io/media/games/7a6/7a6f90e85a2e264c3b440bb4787cf378.jpg"
                },
                {
                    "id": 478,
                    "name": "3rd-Person Perspective",
                    "slug": "3rd-person-perspective",
                    "language": "eng",
                    "games_count": 87,
                    "image_background": "https://media.rawg.io/media/games/21c/21cc15d233117c6809ec86870559e105.jpg"
                },
                {
                    "id": 2326,
                    "name": "explore",
                    "slug": "explore",
                    "language": "eng",
                    "games_count": 3346,
                    "image_background": "https://media.rawg.io/media/screenshots/97a/97ab26a9d092783e68190dc686916b0b.jpg"
                },
                {
                    "id": 132,
                    "name": "Offroad",
                    "slug": "offroad",
                    "language": "eng",
                    "games_count": 1018,
                    "image_background": "https://media.rawg.io/media/games/b30/b30ea243cef7c8f3cd498c103c29eda7.jpg"
                },
                {
                    "id": 58142,
                    "name": "Автосимулятор",
                    "slug": "avtosimuliator",
                    "language": "rus",
                    "games_count": 925,
                    "image_background": "https://media.rawg.io/media/games/9c7/9c7dd09596246993169b356d7c1facf0.jpg"
                },
                {
                    "id": 51020,
                    "name": "street racing",
                    "slug": "street-racing-2",
                    "language": "eng",
                    "games_count": 11,
                    "image_background": "https://media.rawg.io/media/screenshots/234/23481af4d4cf137992cf0c88defa3d91.jpg"
                },
                {
                    "id": 48354,
                    "name": "w10 exclusive",
                    "slug": "w10-exclusive",
                    "language": "eng",
                    "games_count": 9,
                    "image_background": "https://media.rawg.io/media/games/079/079175933a50b2bf202edd6aa17be19c.jpg"
                },
                {
                    "id": 980,
                    "name": "winter",
                    "slug": "winter",
                    "language": "eng",
                    "games_count": 1597,
                    "image_background": "https://media.rawg.io/media/screenshots/189/189515a8aaf4961d950f0c350b3056d9.jpg"
                },
                {
                    "id": 1324,
                    "name": "autumn",
                    "slug": "autumn",
                    "language": "eng",
                    "games_count": 189,
                    "image_background": "https://media.rawg.io/media/screenshots/bc0/bc0699be24f8eb88a01edb1f8075f857.jpg"
                },
                {
                    "id": 2161,
                    "name": "extreme",
                    "slug": "extreme",
                    "language": "eng",
                    "games_count": 45,
                    "image_background": "https://media.rawg.io/media/screenshots/d2d/d2d157485e722eb55ddeae06c6b9679b.jpg"
                }
            ],
            "esrb_rating": {
                "id": 1,
                "name": "Everyone",
                "slug": "everyone",
                "name_en": "Everyone",
                "name_ru": "Для всех"
            },
            "user_game": null,
            "reviews_count": 1635,
            "saturated_color": "0f0f0f",
            "dominant_color": "0f0f0f",
            "short_screenshots": [
                {
                    "id": -1,
                    "image": "https://media.rawg.io/media/games/786/7863e587bac630de82fca50d799236a9.jpg"
                },
                {
                    "id": 778896,
                    "image": "https://media.rawg.io/media/screenshots/722/7226b83de614b7c5171b7c2694d53fce.jpg"
                },
                {
                    "id": 778897,
                    "image": "https://media.rawg.io/media/screenshots/f2b/f2b5d9a9306ff4ada2993f382834ed9c.jpg"
                },
                {
                    "id": 778898,
                    "image": "https://media.rawg.io/media/screenshots/bb0/bb0eb559688110e2d6ff7209c33a4e70.jpg"
                },
                {
                    "id": 778899,
                    "image": "https://media.rawg.io/media/screenshots/4a0/4a061c6752a938c1b50ec1409c0fc303.jpg"
                },
                {
                    "id": 778900,
                    "image": "https://media.rawg.io/media/screenshots/816/816c0aab06078d503f0121b3f7243d36.jpg"
                },
                {
                    "id": 1652204,
                    "image": "https://media.rawg.io/media/screenshots/698/698b7e6262e8ae019da03e4ec3d11537.jpg"
                }
            ],
            "parent_platforms": [
                {
                    "platform": {
                        "id": 1,
                        "name": "PC",
                        "slug": "pc"
                    }
                },
                {
                    "platform": {
                        "id": 3,
                        "name": "Xbox",
                        "slug": "xbox"
                    }
                }
            ],
            "genres": [
                {
                    "id": 1,
                    "name": "Racing",
                    "slug": "racing"
                },
                {
                    "id": 11,
                    "name": "Arcade",
                    "slug": "arcade"
                }
            ]
        },
        {
            "slug": "forza-horizon",
            "name": "Forza Horizon",
            "playtime": 13,
            "platforms": [
                {
                    "platform": {
                        "id": 14,
                        "name": "Xbox 360",
                        "slug": "xbox360"
                    }
                }
            ],
            "stores": [
                {
                    "store": {
                        "id": 7,
                        "name": "Xbox 360 Store",
                        "slug": "xbox360"
                    }
                }
            ],
            "released": "2012-10-23",
            "tba": false,
            "background_image": "https://media.rawg.io/media/games/994/99496806493c2f39b9f191923de2a63b.jpg",
            "rating": 4.37,
            "rating_top": 5,
            "ratings": [
                {
                    "id": 5,
                    "title": "exceptional",
                    "count": 179,
                    "percent": 51.14
                },
                {
                    "id": 4,
                    "title": "recommended",
                    "count": 142,
                    "percent": 40.57
                },
                {
                    "id": 3,
                    "title": "meh",
                    "count": 18,
                    "percent": 5.14
                },
                {
                    "id": 1,
                    "title": "skip",
                    "count": 11,
                    "percent": 3.14
                }
            ],
            "ratings_count": 349,
            "reviews_text_count": 0,
            "added": 1428,
            "added_by_status": {
                "yet": 34,
                "owned": 1047,
                "beaten": 198,
                "toplay": 31,
                "dropped": 100,
                "playing": 18
            },
            "metacritic": 85,
            "suggestions_count": 424,
            "updated": "2025-02-19T17:49:57",
            "id": 28637,
            "score": null,
            "clip": null,
            "tags": [
                {
                    "id": 31,
                    "name": "Singleplayer",
                    "slug": "singleplayer",
                    "language": "eng",
                    "games_count": 235600,
                    "image_background": "https://media.rawg.io/media/games/bc0/bc06a29ceac58652b684deefe7d56099.jpg"
                },
                {
                    "id": 7,
                    "name": "Multiplayer",
                    "slug": "multiplayer",
                    "language": "eng",
                    "games_count": 40048,
                    "image_background": "https://media.rawg.io/media/games/2ba/2bac0e87cf45e5b508f227d281c9252a.jpg"
                },
                {
                    "id": 36,
                    "name": "Open World",
                    "slug": "open-world",
                    "language": "eng",
                    "games_count": 8308,
                    "image_background": "https://media.rawg.io/media/games/7cf/7cfc9220b401b7a300e409e539c9afd5.jpg"
                },
                {
                    "id": 51020,
                    "name": "street racing",
                    "slug": "street-racing-2",
                    "language": "eng",
                    "games_count": 11,
                    "image_background": "https://media.rawg.io/media/screenshots/234/23481af4d4cf137992cf0c88defa3d91.jpg"
                }
            ],
            "esrb_rating": {
                "id": 3,
                "name": "Teen",
                "slug": "teen",
                "name_en": "Teen",
                "name_ru": "С 13 лет"
            },
            "user_game": null,
            "reviews_count": 350,
            "saturated_color": "0f0f0f",
            "dominant_color": "0f0f0f",
            "short_screenshots": [
                {
                    "id": -1,
                    "image": "https://media.rawg.io/media/games/994/99496806493c2f39b9f191923de2a63b.jpg"
                },
                {
                    "id": 2021137,
                    "image": "https://media.rawg.io/media/screenshots/4f0/4f08c34cdee8f47944a169f80f34ebcd.jpg"
                },
                {
                    "id": 2021139,
                    "image": "https://media.rawg.io/media/screenshots/a23/a23b55359a952efd51025616e19820df.jpg"
                },
                {
                    "id": 2021140,
                    "image": "https://media.rawg.io/media/screenshots/623/6230ff9a1dfd3f6235687f13e752ba84.jpg"
                },
                {
                    "id": 2021141,
                    "image": "https://media.rawg.io/media/screenshots/a94/a94c08a4411580af9b295609a51a5384.jpg"
                },
                {
                    "id": 279011,
                    "image": "https://media.rawg.io/media/screenshots/efa/efa1af5a9b0fc4c22fc089572e568660.jpg"
                },
                {
                    "id": 279012,
                    "image": "https://media.rawg.io/media/screenshots/ddb/ddb6e708570bb8e9dad0cb11d56d880b.jpg"
                }
            ],
            "parent_platforms": [
                {
                    "platform": {
                        "id": 3,
                        "name": "Xbox",
                        "slug": "xbox"
                    }
                }
            ],
            "genres": [
                {
                    "id": 1,
                    "name": "Racing",
                    "slug": "racing"
                },
                {
                    "id": 11,
                    "name": "Arcade",
                    "slug": "arcade"
                }
            ]
        },
        {
            "slug": "forza-horizon-5",
            "name": "Forza Horizon 5",
            "playtime": 15,
            "platforms": [
                {
                    "platform": {
                        "id": 4,
                        "name": "PC",
                        "slug": "pc"
                    }
                },
                {
                    "platform": {
                        "id": 1,
                        "name": "Xbox One",
                        "slug": "xbox-one"
                    }
                },
                {
                    "platform": {
                        "id": 186,
                        "name": "Xbox Series S/X",
                        "slug": "xbox-series-x"
                    }
                },
                {
                    "platform": {
                        "id": 3,
                        "name": "iOS",
                        "slug": "ios"
                    }
                }
            ],
            "stores": [
                {
                    "store": {
                        "id": 1,
                        "name": "Steam",
                        "slug": "steam"
                    }
                },
                {
                    "store": {
                        "id": 2,
                        "name": "Xbox Store",
                        "slug": "xbox-store"
                    }
                },
                {
                    "store": {
                        "id": 4,
                        "name": "App Store",
                        "slug": "apple-appstore"
                    }
                }
            ],
            "released": "2021-11-08",
            "tba": false,
            "background_image": "https://media.rawg.io/media/games/082/082365507ff04d456c700157072d35db.jpg",
            "rating": 4.3,
            "rating_top": 5,
            "ratings": [
                {
                    "id": 5,
                    "title": "exceptional",
                    "count": 343,
                    "percent": 46.48
                },
                {
                    "id": 4,
                    "title": "recommended",
                    "count": 306,
                    "percent": 41.46
                },
                {
                    "id": 3,
                    "title": "meh",
                    "count": 74,
                    "percent": 10.03
                },
                {
                    "id": 1,
                    "title": "skip",
                    "count": 15,
                    "percent": 2.03
                }
            ],
            "ratings_count": 724,
            "reviews_text_count": 10,
            "added": 4611,
            "added_by_status": {
                "yet": 157,
                "owned": 3205,
                "beaten": 312,
                "toplay": 324,
                "dropped": 366,
                "playing": 247
            },
            "metacritic": null,
            "suggestions_count": 531,
            "updated": "2025-03-18T16:53:59",
            "id": 622492,
            "score": null,
            "clip": null,
            "tags": [
                {
                    "id": 31,
                    "name": "Singleplayer",
                    "slug": "singleplayer",
                    "language": "eng",
                    "games_count": 236808,
                    "image_background": "https://media.rawg.io/media/games/4be/4be6a6ad0364751a96229c56bf69be59.jpg"
                },
                {
                    "id": 42396,
                    "name": "Для одного игрока",
                    "slug": "dlia-odnogo-igroka",
                    "language": "rus",
                    "games_count": 59339,
                    "image_background": "https://media.rawg.io/media/games/49c/49c3dfa4ce2f6f140cc4825868e858cb.jpg"
                },
                {
                    "id": 42417,
                    "name": "Экшен",
                    "slug": "ekshen",
                    "language": "rus",
                    "games_count": 45143,
                    "image_background": "https://media.rawg.io/media/games/b45/b45575f34285f2c4479c9a5f719d972e.jpg"
                },
                {
                    "id": 42392,
                    "name": "Приключение",
                    "slug": "prikliuchenie",
                    "language": "rus",
                    "games_count": 43383,
                    "image_background": "https://media.rawg.io/media/games/d82/d82990b9c67ba0d2d09d4e6fa88885a7.jpg"
                },
                {
                    "id": 40847,
                    "name": "Steam Achievements",
                    "slug": "steam-achievements",
                    "language": "eng",
                    "games_count": 44261,
                    "image_background": "https://media.rawg.io/media/games/b8c/b8c243eaa0fbac8115e0cdccac3f91dc.jpg"
                },
                {
                    "id": 7,
                    "name": "Multiplayer",
                    "slug": "multiplayer",
                    "language": "eng",
                    "games_count": 40265,
                    "image_background": "https://media.rawg.io/media/games/021/021c4e21a1824d2526f925eff6324653.jpg"
                },
                {
                    "id": 40836,
                    "name": "Full controller support",
                    "slug": "full-controller-support",
                    "language": "eng",
                    "games_count": 20885,
                    "image_background": "https://media.rawg.io/media/games/562/562553814dd54e001a541e4ee83a591c.jpg"
                },
                {
                    "id": 40849,
                    "name": "Steam Cloud",
                    "slug": "steam-cloud",
                    "language": "eng",
                    "games_count": 21355,
                    "image_background": "https://media.rawg.io/media/games/be0/be01c3d7d8795a45615da139322ca080.jpg"
                },
                {
                    "id": 13,
                    "name": "Atmospheric",
                    "slug": "atmospheric",
                    "language": "eng",
                    "games_count": 36334,
                    "image_background": "https://media.rawg.io/media/games/b45/b45575f34285f2c4479c9a5f719d972e.jpg"
                },
                {
                    "id": 42425,
                    "name": "Для нескольких игроков",
                    "slug": "dlia-neskolkikh-igrokov",
                    "language": "rus",
                    "games_count": 11352,
                    "image_background": "https://media.rawg.io/media/games/157/15742f2f67eacff546738e1ab5c19d20.jpg"
                },
                {
                    "id": 18,
                    "name": "Co-op",
                    "slug": "co-op",
                    "language": "eng",
                    "games_count": 12990,
                    "image_background": "https://media.rawg.io/media/games/4e0/4e0e7b6d6906a131307c94266e5c9a1c.jpg"
                },
                {
                    "id": 42442,
                    "name": "Открытый мир",
                    "slug": "otkrytyi-mir",
                    "language": "rus",
                    "games_count": 6580,
                    "image_background": "https://media.rawg.io/media/games/ee3/ee3e10193aafc3230ba1cae426967d10.jpg"
                },
                {
                    "id": 36,
                    "name": "Open World",
                    "slug": "open-world",
                    "language": "eng",
                    "games_count": 8394,
                    "image_background": "https://media.rawg.io/media/games/00d/00d374f12a3ab5f96c500a2cfa901e15.jpg"
                },
                {
                    "id": 411,
                    "name": "cooperative",
                    "slug": "cooperative",
                    "language": "eng",
                    "games_count": 5769,
                    "image_background": "https://media.rawg.io/media/games/587/587588c64afbff80e6f444eb2e46f9da.jpg"
                },
                {
                    "id": 42429,
                    "name": "От первого лица",
                    "slug": "ot-pervogo-litsa",
                    "language": "rus",
                    "games_count": 13462,
                    "image_background": "https://media.rawg.io/media/games/b8c/b8c243eaa0fbac8115e0cdccac3f91dc.jpg"
                },
                {
                    "id": 8,
                    "name": "First-Person",
                    "slug": "first-person",
                    "language": "eng",
                    "games_count": 34382,
                    "image_background": "https://media.rawg.io/media/games/2ba/2bac0e87cf45e5b508f227d281c9252a.jpg"
                },
                {
                    "id": 42441,
                    "name": "От третьего лица",
                    "slug": "ot-tretego-litsa",
                    "language": "rus",
                    "games_count": 8583,
                    "image_background": "https://media.rawg.io/media/games/8a0/8a02f84a5916ede2f923b88d5f8217ba.jpg"
                },
                {
                    "id": 149,
                    "name": "Third Person",
                    "slug": "third-person",
                    "language": "eng",
                    "games_count": 13058,
                    "image_background": "https://media.rawg.io/media/games/6cd/6cd653e0aaef5ff8bbd295bf4bcb12eb.jpg"
                },
                {
                    "id": 42413,
                    "name": "Симулятор",
                    "slug": "simuliator",
                    "language": "rus",
                    "games_count": 22400,
                    "image_background": "https://media.rawg.io/media/screenshots/f2f/f2f3c93d6153da7aee590f3ab8ccd803.jpg"
                },
                {
                    "id": 9,
                    "name": "Online Co-Op",
                    "slug": "online-co-op",
                    "language": "eng",
                    "games_count": 6621,
                    "image_background": "https://media.rawg.io/media/games/2ba/2bac0e87cf45e5b508f227d281c9252a.jpg"
                },
                {
                    "id": 6,
                    "name": "Exploration",
                    "slug": "exploration",
                    "language": "eng",
                    "games_count": 26004,
                    "image_background": "https://media.rawg.io/media/games/737/737ea5662211d2e0bbd6f5989189e4f1.jpg"
                },
                {
                    "id": 42587,
                    "name": "Аркада",
                    "slug": "arkada",
                    "language": "rus",
                    "games_count": 12763,
                    "image_background": "https://media.rawg.io/media/games/082/082365507ff04d456c700157072d35db.jpg"
                },
                {
                    "id": 157,
                    "name": "PvP",
                    "slug": "pvp",
                    "language": "eng",
                    "games_count": 10659,
                    "image_background": "https://media.rawg.io/media/games/9c4/9c47f320eb73c9a02d462e12f6206b26.jpg"
                },
                {
                    "id": 40832,
                    "name": "Cross-Platform Multiplayer",
                    "slug": "cross-platform-multiplayer",
                    "language": "eng",
                    "games_count": 2884,
                    "image_background": "https://media.rawg.io/media/games/12e/12ea6b35b65df38258e25885a0a392a6.jpg"
                },
                {
                    "id": 42434,
                    "name": "Игрок против игрока",
                    "slug": "igrok-protiv-igroka",
                    "language": "rus",
                    "games_count": 6127,
                    "image_background": "https://media.rawg.io/media/games/48e/48e63bbddeddbe9ba81942772b156664.jpg"
                },
                {
                    "id": 42460,
                    "name": "Реализм",
                    "slug": "realizm",
                    "language": "rus",
                    "games_count": 7434,
                    "image_background": "https://media.rawg.io/media/games/c3b/c3be1d5f55cb9324c97ccb7aaaf42ad4.jpg"
                },
                {
                    "id": 42496,
                    "name": "Гонки",
                    "slug": "gonki",
                    "language": "rus",
                    "games_count": 4212,
                    "image_background": "https://media.rawg.io/media/games/a1c/a1cea552040aecf9414548e209f9c0d8.jpg"
                },
                {
                    "id": 42531,
                    "name": "Спортивная игра",
                    "slug": "sportivnaia-igra",
                    "language": "rus",
                    "games_count": 4672,
                    "image_background": "https://media.rawg.io/media/screenshots/c02/c02c64324edc2045ea1fc0601cdaaa0c.jpg"
                },
                {
                    "id": 45878,
                    "name": "Online PvP",
                    "slug": "online-pvp",
                    "language": "eng",
                    "games_count": 5477,
                    "image_background": "https://media.rawg.io/media/games/998/9980c4296f311d8bcc5b451ca51e4fe1.jpg"
                },
                {
                    "id": 42690,
                    "name": "Красивая",
                    "slug": "krasivaia",
                    "language": "rus",
                    "games_count": 590,
                    "image_background": "https://media.rawg.io/media/games/8cd/8cd179c85bd3de8f79bef245b15075fb.jpg"
                },
                {
                    "id": 40937,
                    "name": "Steam Trading Cards",
                    "slug": "steam-trading-cards-2",
                    "language": "eng",
                    "games_count": 736,
                    "image_background": "https://media.rawg.io/media/games/473/473bd9a5e9522629d6cb28b701fb836a.jpg"
                },
                {
                    "id": 58132,
                    "name": "Атмосферная",
                    "slug": "atmosfernaia",
                    "language": "rus",
                    "games_count": 12034,
                    "image_background": "https://media.rawg.io/media/games/044/044b2ee023930ca138deda151f40c18c.jpg"
                },
                {
                    "id": 130,
                    "name": "Driving",
                    "slug": "driving",
                    "language": "eng",
                    "games_count": 5349,
                    "image_background": "https://media.rawg.io/media/games/370/3703c683968a54f09630dcf03366ea35.jpg"
                },
                {
                    "id": 42600,
                    "name": "Вождение",
                    "slug": "vozhdenie",
                    "language": "rus",
                    "games_count": 1796,
                    "image_background": "https://media.rawg.io/media/games/7a6/7a6f90e85a2e264c3b440bb4787cf378.jpg"
                },
                {
                    "id": 66533,
                    "name": "Исследования",
                    "slug": "issledovaniia",
                    "language": "rus",
                    "games_count": 11324,
                    "image_background": "https://media.rawg.io/media/games/b6f/b6fa0cde8a1204c7d6edc2ec3c753df9.jpg"
                },
                {
                    "id": 577,
                    "name": "Beautiful",
                    "slug": "beautiful",
                    "language": "eng",
                    "games_count": 1871,
                    "image_background": "https://media.rawg.io/media/screenshots/2af/2aff127d5caa7985bfdb5106f75052fe.jpg"
                },
                {
                    "id": 70351,
                    "name": "Сетевой кооператив",
                    "slug": "setevoi-kooperativ",
                    "language": "rus",
                    "games_count": 2280,
                    "image_background": "https://media.rawg.io/media/screenshots/420/4205650e0fd16a5ba7bf4f8524fac1f1.jpg"
                },
                {
                    "id": 1632,
                    "name": "cars",
                    "slug": "cars",
                    "language": "eng",
                    "games_count": 5833,
                    "image_background": "https://media.rawg.io/media/screenshots/ef1/ef15835878f91ad59cbb069697da1e2c.jpg"
                },
                {
                    "id": 58142,
                    "name": "Автосимулятор",
                    "slug": "avtosimuliator",
                    "language": "rus",
                    "games_count": 925,
                    "image_background": "https://media.rawg.io/media/games/9c7/9c7dd09596246993169b356d7c1facf0.jpg"
                },
                {
                    "id": 2156,
                    "name": "drift",
                    "slug": "drift",
                    "language": "eng",
                    "games_count": 1405,
                    "image_background": "https://media.rawg.io/media/screenshots/4d3/4d3a252a120e0c1b7e8e2150e12d2be6.jpg"
                },
                {
                    "id": 5270,
                    "name": "festival",
                    "slug": "festival",
                    "language": "eng",
                    "games_count": 27,
                    "image_background": "https://media.rawg.io/media/screenshots/49b/49bfbfdfd0fe497e00ddc1c6262f67b7.jpg"
                },
                {
                    "id": 9336,
                    "name": "mexico",
                    "slug": "mexico",
                    "language": "eng",
                    "games_count": 81,
                    "image_background": "https://media.rawg.io/media/screenshots/727/727ab54b6b4dea0adeee656b94d3b3d7.jpg"
                },
                {
                    "id": 8803,
                    "name": "racing-game",
                    "slug": "racing-game",
                    "language": "eng",
                    "games_count": 41,
                    "image_background": "https://media.rawg.io/media/games/0d2/0d2d58673f3ffc125daa0e9eb61a66c1.jpg"
                },
                {
                    "id": 12669,
                    "name": "sprint",
                    "slug": "sprint",
                    "language": "eng",
                    "games_count": 8,
                    "image_background": "https://media.rawg.io/media/screenshots/3c7/3c7b94767997dc2a29296106c634c53b.jpg"
                },
                {
                    "id": 27142,
                    "name": "photorealism",
                    "slug": "photorealism",
                    "language": "eng",
                    "games_count": 2,
                    "image_background": "https://media.rawg.io/media/screenshots/fb6/fb6bf0655098fbd2f4e6473569f660fb.jpg"
                }
            ],
            "esrb_rating": {
                "id": 1,
                "name": "Everyone",
                "slug": "everyone",
                "name_en": "Everyone",
                "name_ru": "Для всех"
            },
            "user_game": null,
            "reviews_count": 738,
            "saturated_color": "0f0f0f",
            "dominant_color": "0f0f0f",
            "short_screenshots": [
                {
                    "id": -1,
                    "image": "https://media.rawg.io/media/games/082/082365507ff04d456c700157072d35db.jpg"
                },
                {
                    "id": 2882904,
                    "image": "https://media.rawg.io/media/screenshots/5e2/5e2e7ccb084034da25d0b21b7c03c273.jpg"
                },
                {
                    "id": 2882905,
                    "image": "https://media.rawg.io/media/screenshots/6c6/6c69fe99ec23d08b2b0a62feb9d89c65.jpg"
                },
                {
                    "id": 2882906,
                    "image": "https://media.rawg.io/media/screenshots/32c/32c5651c381e6b628c5ac681601a036a.jpg"
                },
                {
                    "id": 2882907,
                    "image": "https://media.rawg.io/media/screenshots/312/3122a56932654c304a60e9ef762277a7.jpg"
                },
                {
                    "id": 2882908,
                    "image": "https://media.rawg.io/media/screenshots/04c/04c7be71d5fd1abace38c90aaa95529d.jpg"
                },
                {
                    "id": 2882909,
                    "image": "https://media.rawg.io/media/screenshots/797/7979f94d39181787ee248a423191563f.jpg"
                }
            ],
            "parent_platforms": [
                {
                    "platform": {
                        "id": 1,
                        "name": "PC",
                        "slug": "pc"
                    }
                },
                {
                    "platform": {
                        "id": 3,
                        "name": "Xbox",
                        "slug": "xbox"
                    }
                },
                {
                    "platform": {
                        "id": 4,
                        "name": "iOS",
                        "slug": "ios"
                    }
                }
            ],
            "genres": [
                {
                    "id": 1,
                    "name": "Racing",
                    "slug": "racing"
                },
                {
                    "id": 11,
                    "name": "Arcade",
                    "slug": "arcade"
                }
            ]
        },
        {
            "slug": "forza-horizon-2",
            "name": "Forza Horizon 2",
            "playtime": 2,
            "platforms": [
                {
                    "platform": {
                        "id": 1,
                        "name": "Xbox One",
                        "slug": "xbox-one"
                    }
                },
                {
                    "platform": {
                        "id": 14,
                        "name": "Xbox 360",
                        "slug": "xbox360"
                    }
                }
            ],
            "stores": [
                {
                    "store": {
                        "id": 2,
                        "name": "Xbox Store",
                        "slug": "xbox-store"
                    }
                },
                {
                    "store": {
                        "id": 7,
                        "name": "Xbox 360 Store",
                        "slug": "xbox360"
                    }
                }
            ],
            "released": "2014-09-30",
            "tba": false,
            "background_image": "https://media.rawg.io/media/games/9a8/9a8be216c8907959a9984eec3a2cc8d1.jpg",
            "rating": 4.21,
            "rating_top": 4,
            "ratings": [
                {
                    "id": 4,
                    "title": "recommended",
                    "count": 175,
                    "percent": 49.44
                },
                {
                    "id": 5,
                    "title": "exceptional",
                    "count": 138,
                    "percent": 38.98
                },
                {
                    "id": 3,
                    "title": "meh",
                    "count": 29,
                    "percent": 8.19
                },
                {
                    "id": 1,
                    "title": "skip",
                    "count": 12,
                    "percent": 3.39
                }
            ],
            "ratings_count": 353,
            "reviews_text_count": 0,
            "added": 1545,
            "added_by_status": {
                "yet": 31,
                "owned": 1158,
                "beaten": 190,
                "toplay": 31,
                "dropped": 110,
                "playing": 25
            },
            "metacritic": 86,
            "suggestions_count": 181,
            "updated": "2025-01-25T07:08:27",
            "id": 28633,
            "score": null,
            "clip": null,
            "tags": [
                {
                    "id": 31,
                    "name": "Singleplayer",
                    "slug": "singleplayer",
                    "language": "eng",
                    "games_count": 235600,
                    "image_background": "https://media.rawg.io/media/games/bc0/bc06a29ceac58652b684deefe7d56099.jpg"
                },
                {
                    "id": 7,
                    "name": "Multiplayer",
                    "slug": "multiplayer",
                    "language": "eng",
                    "games_count": 40048,
                    "image_background": "https://media.rawg.io/media/games/2ba/2bac0e87cf45e5b508f227d281c9252a.jpg"
                },
                {
                    "id": 36,
                    "name": "Open World",
                    "slug": "open-world",
                    "language": "eng",
                    "games_count": 8308,
                    "image_background": "https://media.rawg.io/media/games/7cf/7cfc9220b401b7a300e409e539c9afd5.jpg"
                },
                {
                    "id": 37796,
                    "name": "exclusive",
                    "slug": "exclusive",
                    "language": "eng",
                    "games_count": 4491,
                    "image_background": "https://media.rawg.io/media/games/f24/f2493ea338fe7bd3c7d73750a85a0959.jpeg"
                },
                {
                    "id": 51020,
                    "name": "street racing",
                    "slug": "street-racing-2",
                    "language": "eng",
                    "games_count": 11,
                    "image_background": "https://media.rawg.io/media/screenshots/234/23481af4d4cf137992cf0c88defa3d91.jpg"
                }
            ],
            "esrb_rating": {
                "id": 2,
                "name": "Everyone 10+",
                "slug": "everyone-10-plus",
                "name_en": "Everyone 10+",
                "name_ru": "С 10 лет"
            },
            "user_game": null,
            "reviews_count": 354,
            "saturated_color": "0f0f0f",
            "dominant_color": "0f0f0f",
            "short_screenshots": [
                {
                    "id": -1,
                    "image": "https://media.rawg.io/media/games/9a8/9a8be216c8907959a9984eec3a2cc8d1.jpg"
                },
                {
                    "id": 806274,
                    "image": "https://media.rawg.io/media/screenshots/c5c/c5cb7742c780ecec82b6752a87c17adc.jpg"
                },
                {
                    "id": 806275,
                    "image": "https://media.rawg.io/media/screenshots/b54/b54e70665ca52013d66481b0795defe0_n9zyXmg.jpg"
                },
                {
                    "id": 806276,
                    "image": "https://media.rawg.io/media/screenshots/258/258098804b3463743e0fd7e88c84ab2e.jpg"
                },
                {
                    "id": 806277,
                    "image": "https://media.rawg.io/media/screenshots/9e5/9e59319e9ef9ebda6e3c348435229f32.jpg"
                }
            ],
            "parent_platforms": [
                {
                    "platform": {
                        "id": 3,
                        "name": "Xbox",
                        "slug": "xbox"
                    }
                }
            ],
            "genres": [
                {
                    "id": 1,
                    "name": "Racing",
                    "slug": "racing"
                },
                {
                    "id": 11,
                    "name": "Arcade",
                    "slug": "arcade"
                }
            ]
        },
        {
            "slug": "forza-horizon-5-hot-wheels",
            "name": "Forza Horizon 5: Hot Wheels",
            "playtime": 0,
            "platforms": [
                {
                    "platform": {
                        "id": 4,
                        "name": "PC",
                        "slug": "pc"
                    }
                },
                {
                    "platform": {
                        "id": 1,
                        "name": "Xbox One",
                        "slug": "xbox-one"
                    }
                },
                {
                    "platform": {
                        "id": 186,
                        "name": "Xbox Series S/X",
                        "slug": "xbox-series-x"
                    }
                }
            ],
            "stores": [
                {
                    "store": {
                        "id": 1,
                        "name": "Steam",
                        "slug": "steam"
                    }
                }
            ],
            "released": "2022-07-19",
            "tba": false,
            "background_image": "https://media.rawg.io/media/games/434/434cb084918baed19206f046c3704938.jpg",
            "rating": 4.0,
            "rating_top": 4,
            "ratings": [
                {
                    "id": 4,
                    "title": "recommended",
                    "count": 6,
                    "percent": 60.0
                },
                {
                    "id": 5,
                    "title": "exceptional",
                    "count": 3,
                    "percent": 30.0
                },
                {
                    "id": 1,
                    "title": "skip",
                    "count": 1,
                    "percent": 10.0
                }
            ],
            "ratings_count": 10,
            "reviews_text_count": 0,
            "added": 43,
            "added_by_status": {
                "yet": 1,
                "owned": 10,
                "beaten": 14,
                "toplay": 16,
                "dropped": 2
            },
            "metacritic": null,
            "suggestions_count": 403,
            "updated": "2024-12-30T09:49:34",
            "id": 801469,
            "score": null,
            "clip": null,
            "tags": [],
            "esrb_rating": {
                "id": 1,
                "name": "Everyone",
                "slug": "everyone",
                "name_en": "Everyone",
                "name_ru": "Для всех"
            },
            "user_game": null,
            "reviews_count": 10,
            "saturated_color": "0f0f0f",
            "dominant_color": "0f0f0f",
            "short_screenshots": [
                {
                    "id": -1,
                    "image": "https://media.rawg.io/media/games/434/434cb084918baed19206f046c3704938.jpg"
                },
                {
                    "id": 3419427,
                    "image": "https://media.rawg.io/media/screenshots/313/31332e75b4a4dc4c540668c5164b8267.jpg"
                },
                {
                    "id": 3419428,
                    "image": "https://media.rawg.io/media/screenshots/a53/a53761fded1b7ccef314f263761e0e8f.jpg"
                },
                {
                    "id": 3419432,
                    "image": "https://media.rawg.io/media/screenshots/835/8359b8e5b586946ac023d4b910c82f84.jpg"
                },
                {
                    "id": 3419433,
                    "image": "https://media.rawg.io/media/screenshots/566/5665d965fac51171679f469d99153057.jpg"
                },
                {
                    "id": 3419436,
                    "image": "https://media.rawg.io/media/screenshots/3cc/3cc2ba2513fc25fd697a2346aa59b0ea.jpg"
                },
                {
                    "id": 3419441,
                    "image": "https://media.rawg.io/media/screenshots/0be/0bedfe820d16eddce614c61829798d41.jpg"
                }
            ],
            "parent_platforms": [
                {
                    "platform": {
                        "id": 1,
                        "name": "PC",
                        "slug": "pc"
                    }
                },
                {
                    "platform": {
                        "id": 3,
                        "name": "Xbox",
                        "slug": "xbox"
                    }
                }
            ],
            "genres": [
                {
                    "id": 1,
                    "name": "Racing",
                    "slug": "racing"
                }
            ]
        },
        {
            "slug": "forza-horizon-5-rally-adventure",
            "name": "Forza Horizon 5: Rally Adventure",
            "playtime": 0,
            "platforms": [
                {
                    "platform": {
                        "id": 4,
                        "name": "PC",
                        "slug": "pc"
                    }
                },
                {
                    "platform": {
                        "id": 1,
                        "name": "Xbox One",
                        "slug": "xbox-one"
                    }
                },
                {
                    "platform": {
                        "id": 186,
                        "name": "Xbox Series S/X",
                        "slug": "xbox-series-x"
                    }
                }
            ],
            "stores": null,
            "released": "2023-03-29",
            "tba": false,
            "background_image": "https://media.rawg.io/media/screenshots/2c1/2c1338c73b42750ce004c8667752150b.jpg",
            "rating": 3.86,
            "rating_top": 4,
            "ratings": [
                {
                    "id": 4,
                    "title": "recommended",
                    "count": 4,
                    "percent": 57.14
                },
                {
                    "id": 5,
                    "title": "exceptional",
                    "count": 2,
                    "percent": 28.57
                },
                {
                    "id": 1,
                    "title": "skip",
                    "count": 1,
                    "percent": 14.29
                }
            ],
            "ratings_count": 7,
            "reviews_text_count": 0,
            "added": 16,
            "added_by_status": {
                "owned": 2,
                "beaten": 9,
                "toplay": 3,
                "dropped": 1,
                "playing": 1
            },
            "metacritic": null,
            "suggestions_count": 327,
            "updated": "2024-12-30T09:49:24",
            "id": 934465,
            "score": null,
            "clip": null,
            "tags": [],
            "esrb_rating": null,
            "user_game": null,
            "reviews_count": 7,
            "saturated_color": "0f0f0f",
            "dominant_color": "0f0f0f",
            "short_screenshots": [
                {
                    "id": -1,
                    "image": "https://media.rawg.io/media/screenshots/2c1/2c1338c73b42750ce004c8667752150b.jpg"
                },
                {
                    "id": 3804094,
                    "image": "https://media.rawg.io/media/screenshots/4bd/4bd434f32d5f66a5135d3eb324582ad7.jpg"
                },
                {
                    "id": 3804095,
                    "image": "https://media.rawg.io/media/screenshots/1d6/1d6e5de2df29350a82a16319e4f3f2d6.jpg"
                },
                {
                    "id": 3804096,
                    "image": "https://media.rawg.io/media/screenshots/134/1342ce87b6f3482a196b7298ed0d5529.jpg"
                },
                {
                    "id": 3804097,
                    "image": "https://media.rawg.io/media/screenshots/5e1/5e1ddcb758986d3cbfd8f1bcc7fa92d9.jpg"
                },
                {
                    "id": 3804098,
                    "image": "https://media.rawg.io/media/screenshots/6dd/6dd1f6fd3c2e97c4dbd228459ff5a8c1.jpg"
                },
                {
                    "id": 3804099,
                    "image": "https://media.rawg.io/media/screenshots/2c1/2c1338c73b42750ce004c8667752150b.jpg"
                }
            ],
            "parent_platforms": [
                {
                    "platform": {
                        "id": 1,
                        "name": "PC",
                        "slug": "pc"
                    }
                },
                {
                    "platform": {
                        "id": 3,
                        "name": "Xbox",
                        "slug": "xbox"
                    }
                }
            ],
            "genres": [
                {
                    "id": 1,
                    "name": "Racing",
                    "slug": "racing"
                },
                {
                    "id": 11,
                    "name": "Arcade",
                    "slug": "arcade"
                },
                {
                    "id": 14,
                    "name": "Simulation",
                    "slug": "simulation"
                }
            ]
        },
        {
            "slug": "forza-horizon-3-hot-wheels",
            "name": "Forza Horizon 3 Hot Wheels",
            "playtime": 0,
            "platforms": [
                {
                    "platform": {
                        "id": 4,
                        "name": "PC",
                        "slug": "pc"
                    }
                },
                {
                    "platform": {
                        "id": 1,
                        "name": "Xbox One",
                        "slug": "xbox-one"
                    }
                }
            ],
            "stores": [
                {
                    "store": {
                        "id": 2,
                        "name": "Xbox Store",
                        "slug": "xbox-store"
                    }
                }
            ],
            "released": "2017-05-09",
            "tba": false,
            "background_image": "https://media.rawg.io/media/games/1e1/1e1874d7692f99a293a013174c8b1681.jpg",
            "rating": 3.77,
            "rating_top": 4,
            "ratings": [
                {
                    "id": 4,
                    "title": "recommended",
                    "count": 10,
                    "percent": 76.92
                },
                {
                    "id": 5,
                    "title": "exceptional",
                    "count": 1,
                    "percent": 7.69
                },
                {
                    "id": 3,
                    "title": "meh",
                    "count": 1,
                    "percent": 7.69
                },
                {
                    "id": 1,
                    "title": "skip",
                    "count": 1,
                    "percent": 7.69
                }
            ],
            "ratings_count": 13,
            "reviews_text_count": 0,
            "added": 33,
            "added_by_status": {
                "owned": 4,
                "beaten": 12,
                "toplay": 5,
                "dropped": 9,
                "playing": 3
            },
            "metacritic": 88,
            "suggestions_count": 336,
            "updated": "2025-01-25T07:09:29",
            "id": 22632,
            "score": null,
            "clip": null,
            "tags": [
                {
                    "id": 31,
                    "name": "Singleplayer",
                    "slug": "singleplayer",
                    "language": "eng",
                    "games_count": 234049,
                    "image_background": "https://media.rawg.io/media/games/587/587588c64afbff80e6f444eb2e46f9da.jpg"
                },
                {
                    "id": 7,
                    "name": "Multiplayer",
                    "slug": "multiplayer",
                    "language": "eng",
                    "games_count": 39795,
                    "image_background": "https://media.rawg.io/media/games/6c5/6c55e22185876626881b76c11922b073.jpg"
                },
                {
                    "id": 5777,
                    "name": "pack",
                    "slug": "pack",
                    "language": "eng",
                    "games_count": 2695,
                    "image_background": "https://media.rawg.io/media/games/d45/d45603b311b34e5351a809ed210c336f.jpg"
                },
                {
                    "id": 6345,
                    "name": "toys",
                    "slug": "toys",
                    "language": "eng",
                    "games_count": 87,
                    "image_background": "https://media.rawg.io/media/screenshots/217/217d595d450e17ce1ff1db83f3762153.jpg"
                }
            ],
            "esrb_rating": null,
            "user_game": null,
            "reviews_count": 13,
            "saturated_color": "0f0f0f",
            "dominant_color": "0f0f0f",
            "short_screenshots": [
                {
                    "id": -1,
                    "image": "https://media.rawg.io/media/games/1e1/1e1874d7692f99a293a013174c8b1681.jpg"
                },
                {
                    "id": 806278,
                    "image": "https://media.rawg.io/media/screenshots/f4e/f4e4a6762f9798134686e8a8ae74451d.jpg"
                },
                {
                    "id": 806279,
                    "image": "https://media.rawg.io/media/screenshots/fd0/fd031203df1d0ec26c52a62fd271c381.jpg"
                },
                {
                    "id": 806280,
                    "image": "https://media.rawg.io/media/screenshots/305/3054d5459c22a846dbc89c63fc48ea95.jpg"
                },
                {
                    "id": 806281,
                    "image": "https://media.rawg.io/media/screenshots/a3c/a3c04551242be72bbc1bba5c97983a6f.jpg"
                },
                {
                    "id": 806282,
                    "image": "https://media.rawg.io/media/screenshots/be5/be5ce9fee8ac4193af9d32e5c1cc2cff.jpg"
                },
                {
                    "id": 806283,
                    "image": "https://media.rawg.io/media/screenshots/533/5336541c4f3bdea126ac0fcfd6145abe.jpg"
                }
            ],
            "parent_platforms": [
                {
                    "platform": {
                        "id": 1,
                        "name": "PC",
                        "slug": "pc"
                    }
                },
                {
                    "platform": {
                        "id": 3,
                        "name": "Xbox",
                        "slug": "xbox"
                    }
                }
            ],
            "genres": [
                {
                    "id": 1,
                    "name": "Racing",
                    "slug": "racing"
                },
                {
                    "id": 14,
                    "name": "Simulation",
                    "slug": "simulation"
                }
            ]
        },
        {
            "slug": "forza-horizon-2-presents-fast-furious",
            "name": "Forza Horizon 2 Presents Fast & Furious",
            "playtime": 0,
            "platforms": [
                {
                    "platform": {
                        "id": 1,
                        "name": "Xbox One",
                        "slug": "xbox-one"
                    }
                },
                {
                    "platform": {
                        "id": 14,
                        "name": "Xbox 360",
                        "slug": "xbox360"
                    }
                }
            ],
            "stores": [
                {
                    "store": {
                        "id": 2,
                        "name": "Xbox Store",
                        "slug": "xbox-store"
                    }
                },
                {
                    "store": {
                        "id": 7,
                        "name": "Xbox 360 Store",
                        "slug": "xbox360"
                    }
                }
            ],
            "released": "2015-03-27",
            "tba": false,
            "background_image": "https://media.rawg.io/media/games/89e/89e5503a8f4b5c1b5a0783e4bbab588a.jpg",
            "rating": 3.73,
            "rating_top": 4,
            "ratings": [
                {
                    "id": 4,
                    "title": "recommended",
                    "count": 61,
                    "percent": 51.26
                },
                {
                    "id": 3,
                    "title": "meh",
                    "count": 33,
                    "percent": 27.73
                },
                {
                    "id": 5,
                    "title": "exceptional",
                    "count": 19,
                    "percent": 15.97
                },
                {
                    "id": 1,
                    "title": "skip",
                    "count": 6,
                    "percent": 5.04
                }
            ],
            "ratings_count": 118,
            "reviews_text_count": 1,
            "added": 681,
            "added_by_status": {
                "yet": 8,
                "owned": 544,
                "beaten": 95,
                "toplay": 7,
                "dropped": 27
            },
            "metacritic": 61,
            "suggestions_count": 165,
            "updated": "2025-01-25T07:08:42",
            "id": 28435,
            "score": null,
            "clip": null,
            "tags": [
                {
                    "id": 31,
                    "name": "Singleplayer",
                    "slug": "singleplayer",
                    "language": "eng",
                    "games_count": 234049,
                    "image_background": "https://media.rawg.io/media/games/587/587588c64afbff80e6f444eb2e46f9da.jpg"
                },
                {
                    "id": 37796,
                    "name": "exclusive",
                    "slug": "exclusive",
                    "language": "eng",
                    "games_count": 4491,
                    "image_background": "https://media.rawg.io/media/games/f24/f2493ea338fe7bd3c7d73750a85a0959.jpeg"
                },
                {
                    "id": 275,
                    "name": "Movie",
                    "slug": "movie",
                    "language": "eng",
                    "games_count": 1039,
                    "image_background": "https://media.rawg.io/media/games/e58/e58c97f607ceafe069b80a769d021ae2.jpg"
                },
                {
                    "id": 51020,
                    "name": "street racing",
                    "slug": "street-racing-2",
                    "language": "eng",
                    "games_count": 11,
                    "image_background": "https://media.rawg.io/media/screenshots/234/23481af4d4cf137992cf0c88defa3d91.jpg"
                }
            ],
            "esrb_rating": {
                "id": 2,
                "name": "Everyone 10+",
                "slug": "everyone-10-plus",
                "name_en": "Everyone 10+",
                "name_ru": "С 10 лет"
            },
            "user_game": null,
            "reviews_count": 119,
            "saturated_color": "0f0f0f",
            "dominant_color": "0f0f0f",
            "short_screenshots": [
                {
                    "id": -1,
                    "image": "https://media.rawg.io/media/games/89e/89e5503a8f4b5c1b5a0783e4bbab588a.jpg"
                },
                {
                    "id": 806270,
                    "image": "https://media.rawg.io/media/screenshots/d2d/d2d7ebffadb804242474c13dee6ce84a.jpg"
                },
                {
                    "id": 806271,
                    "image": "https://media.rawg.io/media/screenshots/b00/b0097a14b70a121fd86a4f17035b229c.jpg"
                },
                {
                    "id": 806272,
                    "image": "https://media.rawg.io/media/screenshots/7bd/7bd54ebce570e8c270d7f77f753994bc.jpg"
                },
                {
                    "id": 806273,
                    "image": "https://media.rawg.io/media/screenshots/d28/d285ef21d788f5bd3912e263945aefd3.jpg"
                }
            ],
            "parent_platforms": [
                {
                    "platform": {
                        "id": 3,
                        "name": "Xbox",
                        "slug": "xbox"
                    }
                }
            ],
            "genres": [
                {
                    "id": 1,
                    "name": "Racing",
                    "slug": "racing"
                },
                {
                    "id": 4,
                    "name": "Action",
                    "slug": "action"
                }
            ]
        },
        {
            "slug": "forza-horizon-4-lego-speed-champions",
            "name": "Forza Horizon 4 LEGO Speed Champions",
            "playtime": 0,
            "platforms": [
                {
                    "platform": {
                        "id": 4,
                        "name": "PC",
                        "slug": "pc"
                    }
                },
                {
                    "platform": {
                        "id": 1,
                        "name": "Xbox One",
                        "slug": "xbox-one"
                    }
                }
            ],
            "stores": [
                {
                    "store": {
                        "id": 2,
                        "name": "Xbox Store",
                        "slug": "xbox-store"
                    }
                }
            ],
            "released": "2019-06-12",
            "tba": false,
            "background_image": "https://media.rawg.io/media/games/5c2/5c26284b35e415c7e90e6bc141e2fe5f.jpeg",
            "rating": 3.66,
            "rating_top": 4,
            "ratings": [
                {
                    "id": 4,
                    "title": "recommended",
                    "count": 19,
                    "percent": 46.34
                },
                {
                    "id": 5,
                    "title": "exceptional",
                    "count": 9,
                    "percent": 21.95
                },
                {
                    "id": 3,
                    "title": "meh",
                    "count": 8,
                    "percent": 19.51
                },
                {
                    "id": 1,
                    "title": "skip",
                    "count": 5,
                    "percent": 12.2
                }
            ],
            "ratings_count": 41,
            "reviews_text_count": 0,
            "added": 80,
            "added_by_status": {
                "yet": 5,
                "owned": 21,
                "beaten": 25,
                "toplay": 15,
                "dropped": 9,
                "playing": 5
            },
            "metacritic": 77,
            "suggestions_count": 381,
            "updated": "2025-03-01T16:30:17",
            "id": 326247,
            "score": null,
            "clip": null,
            "tags": [
                {
                    "id": 297,
                    "name": "LEGO",
                    "slug": "lego",
                    "language": "eng",
                    "games_count": 271,
                    "image_background": "https://media.rawg.io/media/screenshots/885/885a7caffb0899f083f095502c968e7d.jpg"
                },
                {
                    "id": 1632,
                    "name": "cars",
                    "slug": "cars",
                    "language": "eng",
                    "games_count": 5833,
                    "image_background": "https://media.rawg.io/media/games/9de/9de9d9c51e2867486222a7b3e0fb6062.jpg"
                },
                {
                    "id": 1539,
                    "name": "toy",
                    "slug": "toy",
                    "language": "eng",
                    "games_count": 967,
                    "image_background": "https://media.rawg.io/media/games/3bd/3bd22026f2d3406e5b6011f44334d5c4.jpg"
                },
                {
                    "id": 7813,
                    "name": "dlc",
                    "slug": "dlc",
                    "language": "eng",
                    "games_count": 110,
                    "image_background": "https://media.rawg.io/media/screenshots/13b/13b50c2d36e2a7b5a0b83384c5ef556b.jpg"
                }
            ],
            "esrb_rating": null,
            "user_game": null,
            "reviews_count": 41,
            "saturated_color": "0f0f0f",
            "dominant_color": "0f0f0f",
            "short_screenshots": [
                {
                    "id": -1,
                    "image": "https://media.rawg.io/media/games/5c2/5c26284b35e415c7e90e6bc141e2fe5f.jpeg"
                },
                {
                    "id": 1957704,
                    "image": "https://media.rawg.io/media/screenshots/6e4/6e47799a728e00e2a2a7d6d908487339.jpg"
                },
                {
                    "id": 1957705,
                    "image": "https://media.rawg.io/media/screenshots/65f/65fbada67e6621c9df4b49401287158a.jpg"
                },
                {
                    "id": 1957706,
                    "image": "https://media.rawg.io/media/screenshots/efc/efc7292452c51a8b73c889d50f9c6e5d.jpg"
                },
                {
                    "id": 1957707,
                    "image": "https://media.rawg.io/media/screenshots/674/674d5387eb58308cde11f82d5519b95f.jpg"
                },
                {
                    "id": 1957708,
                    "image": "https://media.rawg.io/media/screenshots/8d7/8d72c3dd3c2f4bd8de071aa702e7fc6f.jpg"
                },
                {
                    "id": 1957709,
                    "image": "https://media.rawg.io/media/screenshots/52a/52a00b58ad3d46f0a01b2330ee8f62f4.jpg"
                }
            ],
            "parent_platforms": [
                {
                    "platform": {
                        "id": 1,
                        "name": "PC",
                        "slug": "pc"
                    }
                },
                {
                    "platform": {
                        "id": 3,
                        "name": "Xbox",
                        "slug": "xbox"
                    }
                }
            ],
            "genres": [
                {
                    "id": 1,
                    "name": "Racing",
                    "slug": "racing"
                }
            ]
        }
    ],
    "user_platforms": false
}