{
    "count": 5,
    "next": null,
    "previous": null,
    "results": [
        {
            "slug": "outlast-whistleblower",
            "name": "Outlast: Whistleblower",
            "playtime": 2,
            "platforms": [
                {
                    "platform": {
                        "id": 4,
                        "name": "PC",
                        "slug": "pc"
                    }
                },
                {
                    "platform": {
                        "id": 1,
                        "name": "Xbox One",
                        "slug": "xbox-one"
                    }
                },
                {
                    "platform": {
                        "id": 18,
                        "name": "PlayStation 4",
                        "slug": "playstation4"
                    }
                },
                {
                    "platform": {
                        "id": 7,
                        "name": "Nintendo Switch",
                        "slug": "nintendo-switch"
                    }
                }
            ],
            "stores": null,
            "released": "2014-05-06",
            "tba": false,
            "background_image": "https://media.rawg.io/media/screenshots/c5c/c5c5ac554749639eb0b1c67eafa419cd.jpg",
            "rating": 4.1,
            "rating_top": 4,
            "ratings": [
                {
                    "id": 4,
                    "title": "recommended",
                    "count": 142,
                    "percent": 70.65
                },
                {
                    "id": 5,
                    "title": "exceptional",
                    "count": 44,
                    "percent": 21.89
                },
                {
                    "id": 3,
                    "title": "meh",
                    "count": 11,
                    "percent": 5.47
                },
                {
                    "id": 1,
                    "title": "skip",
                    "count": 4,
                    "percent": 1.99
                }
            ],
            "ratings_count": 197,
            "reviews_text_count": 2,
            "added": 382,
            "added_by_status": {
                "yet": 40,
                "owned": 59,
                "beaten": 237,
                "toplay": 26,
                "dropped": 17,
                "playing": 3
            },
            "metacritic": 74,
            "suggestions_count": 175,
            "updated": "2025-03-02T01:15:17",
            "id": 42437,
            "score": null,
            "clip": null,
            "tags": [],
            "esrb_rating": null,
            "user_game": null,
            "reviews_count": 201,
            "saturated_color": "0f0f0f",
            "dominant_color": "0f0f0f",
            "short_screenshots": [
                {
                    "id": -1,
                    "image": "https://media.rawg.io/media/screenshots/c5c/c5c5ac554749639eb0b1c67eafa419cd.jpg"
                },
                {
                    "id": 615862,
                    "image": "https://media.rawg.io/media/screenshots/d6c/d6c9621e35c3fdb34d923de34b47a56d.jpg"
                },
                {
                    "id": 615863,
                    "image": "https://media.rawg.io/media/screenshots/03c/03c4451d90adb6836762fe2b4cd6beb4.jpg"
                },
                {
                    "id": 615864,
                    "image": "https://media.rawg.io/media/screenshots/065/0652c4100295b81695db503cee54e4a0.jpg"
                },
                {
                    "id": 615865,
                    "image": "https://media.rawg.io/media/screenshots/c5c/c5c5ac554749639eb0b1c67eafa419cd.jpg"
                }
            ],
            "parent_platforms": [
                {
                    "platform": {
                        "id": 1,
                        "name": "PC",
                        "slug": "pc"
                    }
                },
                {
                    "platform": {
                        "id": 2,
                        "name": "PlayStation",
                        "slug": "playstation"
                    }
                },
                {
                    "platform": {
                        "id": 3,
                        "name": "Xbox",
                        "slug": "xbox"
                    }
                },
                {
                    "platform": {
                        "id": 7,
                        "name": "Nintendo",
                        "slug": "nintendo"
                    }
                }
            ],
            "genres": [
                {
                    "id": 4,
                    "name": "Action",
                    "slug": "action"
                }
            ]
        },
        {
            "slug": "outlast",
            "name": "Outlast",
            "playtime": 3,
            "platforms": [
                {
                    "platform": {
                        "id": 4,
                        "name": "PC",
                        "slug": "pc"
                    }
                },
                {
                    "platform": {
                        "id": 1,
                        "name": "Xbox One",
                        "slug": "xbox-one"
                    }
                },
                {
                    "platform": {
                        "id": 18,
                        "name": "PlayStation 4",
                        "slug": "playstation4"
                    }
                },
                {
                    "platform": {
                        "id": 7,
                        "name": "Nintendo Switch",
                        "slug": "nintendo-switch"
                    }
                },
                {
                    "platform": {
                        "id": 5,
                        "name": "macOS",
                        "slug": "macos"
                    }
                },
                {
                    "platform": {
                        "id": 6,
                        "name": "Linux",
                        "slug": "linux"
                    }
                }
            ],
            "stores": [
                {
                    "store": {
                        "id": 1,
                        "name": "Steam",
                        "slug": "steam"
                    }
                },
                {
                    "store": {
                        "id": 3,
                        "name": "PlayStation Store",
                        "slug": "playstation-store"
                    }
                },
                {
                    "store": {
                        "id": 2,
                        "name": "Xbox Store",
                        "slug": "xbox-store"
                    }
                },
                {
                    "store": {
                        "id": 5,
                        "name": "GOG",
                        "slug": "gog"
                    }
                },
                {
                    "store": {
                        "id": 11,
                        "name": "Epic Games",
                        "slug": "epic-games"
                    }
                }
            ],
            "released": "2013-09-03",
            "tba": false,
            "background_image": "https://media.rawg.io/media/games/9dd/9ddabb34840ea9227556670606cf8ea3.jpg",
            "rating": 3.74,
            "rating_top": 4,
            "ratings": [
                {
                    "id": 4,
                    "title": "recommended",
                    "count": 968,
                    "percent": 53.39
                },
                {
                    "id": 3,
                    "title": "meh",
                    "count": 364,
                    "percent": 20.08
                },
                {
                    "id": 5,
                    "title": "exceptional",
                    "count": 333,
                    "percent": 18.37
                },
                {
                    "id": 1,
                    "title": "skip",
                    "count": 148,
                    "percent": 8.16
                }
            ],
            "ratings_count": 1802,
            "reviews_text_count": 9,
            "added": 10743,
            "added_by_status": {
                "yet": 607,
                "owned": 7737,
                "beaten": 1521,
                "toplay": 191,
                "dropped": 647,
                "playing": 40
            },
            "metacritic": 80,
            "suggestions_count": 477,
            "updated": "2025-03-16T07:37:35",
            "id": 3790,
            "score": null,
            "clip": null,
            "tags": [
                {
                    "id": 31,
                    "name": "Singleplayer",
                    "slug": "singleplayer",
                    "language": "eng",
                    "games_count": 236808,
                    "image_background": "https://media.rawg.io/media/games/4be/4be6a6ad0364751a96229c56bf69be59.jpg"
                },
                {
                    "id": 42396,
                    "name": "Для одного игрока",
                    "slug": "dlia-odnogo-igroka",
                    "language": "rus",
                    "games_count": 59339,
                    "image_background": "https://media.rawg.io/media/games/49c/49c3dfa4ce2f6f140cc4825868e858cb.jpg"
                },
                {
                    "id": 42417,
                    "name": "Экшен",
                    "slug": "ekshen",
                    "language": "rus",
                    "games_count": 45143,
                    "image_background": "https://media.rawg.io/media/games/b45/b45575f34285f2c4479c9a5f719d972e.jpg"
                },
                {
                    "id": 42392,
                    "name": "Приключение",
                    "slug": "prikliuchenie",
                    "language": "rus",
                    "games_count": 43383,
                    "image_background": "https://media.rawg.io/media/games/d82/d82990b9c67ba0d2d09d4e6fa88885a7.jpg"
                },
                {
                    "id": 40847,
                    "name": "Steam Achievements",
                    "slug": "steam-achievements",
                    "language": "eng",
                    "games_count": 44261,
                    "image_background": "https://media.rawg.io/media/games/b8c/b8c243eaa0fbac8115e0cdccac3f91dc.jpg"
                },
                {
                    "id": 42398,
                    "name": "Инди",
                    "slug": "indi-2",
                    "language": "rus",
                    "games_count": 61346,
                    "image_background": "https://media.rawg.io/media/games/562/562553814dd54e001a541e4ee83a591c.jpg"
                },
                {
                    "id": 40836,
                    "name": "Full controller support",
                    "slug": "full-controller-support",
                    "language": "eng",
                    "games_count": 20885,
                    "image_background": "https://media.rawg.io/media/games/562/562553814dd54e001a541e4ee83a591c.jpg"
                },
                {
                    "id": 40849,
                    "name": "Steam Cloud",
                    "slug": "steam-cloud",
                    "language": "eng",
                    "games_count": 21355,
                    "image_background": "https://media.rawg.io/media/games/be0/be01c3d7d8795a45615da139322ca080.jpg"
                },
                {
                    "id": 13,
                    "name": "Atmospheric",
                    "slug": "atmospheric",
                    "language": "eng",
                    "games_count": 36334,
                    "image_background": "https://media.rawg.io/media/games/b45/b45575f34285f2c4479c9a5f719d972e.jpg"
                },
                {
                    "id": 42400,
                    "name": "Атмосфера",
                    "slug": "atmosfera",
                    "language": "rus",
                    "games_count": 6083,
                    "image_background": "https://media.rawg.io/media/games/7fa/7fa0b586293c5861ee32490e953a4996.jpg"
                },
                {
                    "id": 7808,
                    "name": "steam-trading-cards",
                    "slug": "steam-trading-cards",
                    "language": "eng",
                    "games_count": 7568,
                    "image_background": "https://media.rawg.io/media/games/d58/d588947d4286e7b5e0e12e1bea7d9844.jpg"
                },
                {
                    "id": 42429,
                    "name": "От первого лица",
                    "slug": "ot-pervogo-litsa",
                    "language": "rus",
                    "games_count": 13462,
                    "image_background": "https://media.rawg.io/media/games/b8c/b8c243eaa0fbac8115e0cdccac3f91dc.jpg"
                },
                {
                    "id": 8,
                    "name": "First-Person",
                    "slug": "first-person",
                    "language": "eng",
                    "games_count": 34382,
                    "image_background": "https://media.rawg.io/media/games/2ba/2bac0e87cf45e5b508f227d281c9252a.jpg"
                },
                {
                    "id": 42435,
                    "name": "Шедевр",
                    "slug": "shedevr",
                    "language": "rus",
                    "games_count": 1059,
                    "image_background": "https://media.rawg.io/media/games/7cf/7cfc9220b401b7a300e409e539c9afd5.jpg"
                },
                {
                    "id": 42423,
                    "name": "Научная фантастика",
                    "slug": "nauchnaia-fantastika",
                    "language": "rus",
                    "games_count": 9486,
                    "image_background": "https://media.rawg.io/media/games/587/587588c64afbff80e6f444eb2e46f9da.jpg"
                },
                {
                    "id": 32,
                    "name": "Sci-fi",
                    "slug": "sci-fi",
                    "language": "eng",
                    "games_count": 20582,
                    "image_background": "https://media.rawg.io/media/games/587/587588c64afbff80e6f444eb2e46f9da.jpg"
                },
                {
                    "id": 16,
                    "name": "Horror",
                    "slug": "horror",
                    "language": "eng",
                    "games_count": 46748,
                    "image_background": "https://media.rawg.io/media/games/4fb/4fb548e4816c84d1d70f1a228fb167cc.jpg"
                },
                {
                    "id": 30,
                    "name": "FPS",
                    "slug": "fps",
                    "language": "eng",
                    "games_count": 14102,
                    "image_background": "https://media.rawg.io/media/games/ec3/ec3a7db7b8ab5a71aad622fe7c62632f.jpg"
                },
                {
                    "id": 42420,
                    "name": "Сложная",
                    "slug": "slozhnaia",
                    "language": "rus",
                    "games_count": 5797,
                    "image_background": "https://media.rawg.io/media/games/226/2262cea0b385db6cf399f4be831603b0.jpg"
                },
                {
                    "id": 42491,
                    "name": "Мясо",
                    "slug": "miaso",
                    "language": "rus",
                    "games_count": 4962,
                    "image_background": "https://media.rawg.io/media/games/9dd/9ddabb34840ea9227556670606cf8ea3.jpg"
                },
                {
                    "id": 26,
                    "name": "Gore",
                    "slug": "gore",
                    "language": "eng",
                    "games_count": 6148,
                    "image_background": "https://media.rawg.io/media/games/c6b/c6bfece1daf8d06bc0a60632ac78e5bf.jpg"
                },
                {
                    "id": 49,
                    "name": "Difficult",
                    "slug": "difficult",
                    "language": "eng",
                    "games_count": 13769,
                    "image_background": "https://media.rawg.io/media/games/283/283e7e600366b0da7021883d27159b27.jpg"
                },
                {
                    "id": 42452,
                    "name": "Выживание",
                    "slug": "vyzhivanie",
                    "language": "rus",
                    "games_count": 7223,
                    "image_background": "https://media.rawg.io/media/games/2ad/2ad87a4a69b1104f02435c14c5196095.jpg"
                },
                {
                    "id": 1,
                    "name": "Survival",
                    "slug": "survival",
                    "language": "eng",
                    "games_count": 9760,
                    "image_background": "https://media.rawg.io/media/games/d82/d82990b9c67ba0d2d09d4e6fa88885a7.jpg"
                },
                {
                    "id": 15,
                    "name": "Stealth",
                    "slug": "stealth",
                    "language": "eng",
                    "games_count": 6675,
                    "image_background": "https://media.rawg.io/media/games/364/3642d850efb217c58feab80b8affaa89.jpg"
                },
                {
                    "id": 42439,
                    "name": "Стелс",
                    "slug": "stels",
                    "language": "rus",
                    "games_count": 2535,
                    "image_background": "https://media.rawg.io/media/games/8a0/8a02f84a5916ede2f923b88d5f8217ba.jpg"
                },
                {
                    "id": 42477,
                    "name": "Мрачная",
                    "slug": "mrachnaia",
                    "language": "rus",
                    "games_count": 6666,
                    "image_background": "https://media.rawg.io/media/games/d9f/d9f982e042df6263684ba1fdea3efc1c.jpg"
                },
                {
                    "id": 41,
                    "name": "Dark",
                    "slug": "dark",
                    "language": "eng",
                    "games_count": 17196,
                    "image_background": "https://media.rawg.io/media/games/d9f/d9f982e042df6263684ba1fdea3efc1c.jpg"
                },
                {
                    "id": 42406,
                    "name": "Нагота",
                    "slug": "nagota",
                    "language": "rus",
                    "games_count": 7175,
                    "image_background": "https://media.rawg.io/media/games/6cd/6cd653e0aaef5ff8bbd295bf4bcb12eb.jpg"
                },
                {
                    "id": 44,
                    "name": "Nudity",
                    "slug": "nudity",
                    "language": "eng",
                    "games_count": 7567,
                    "image_background": "https://media.rawg.io/media/games/9dd/9ddabb34840ea9227556670606cf8ea3.jpg"
                },
                {
                    "id": 42471,
                    "name": "Хоррор на выживание",
                    "slug": "khorror-na-vyzhivanie",
                    "language": "rus",
                    "games_count": 3813,
                    "image_background": "https://media.rawg.io/media/games/739/73990e3ec9f43a9e8ecafe207fa4f368.jpg"
                },
                {
                    "id": 17,
                    "name": "Survival Horror",
                    "slug": "survival-horror",
                    "language": "eng",
                    "games_count": 9174,
                    "image_background": "https://media.rawg.io/media/games/1be/1be575aa6de86de328433a63fb534d9a.jpg"
                },
                {
                    "id": 336,
                    "name": "controller support",
                    "slug": "controller-support",
                    "language": "eng",
                    "games_count": 293,
                    "image_background": "https://media.rawg.io/media/games/0b3/0b34647c42271600399b93d19b10f1aa.jpg"
                },
                {
                    "id": 40833,
                    "name": "Captions available",
                    "slug": "captions-available",
                    "language": "eng",
                    "games_count": 1436,
                    "image_background": "https://media.rawg.io/media/games/c6b/c6bd26767c1053fef2b10bb852943559.jpg"
                },
                {
                    "id": 42555,
                    "name": "Симулятор ходьбы",
                    "slug": "simuliator-khodby",
                    "language": "rus",
                    "games_count": 3551,
                    "image_background": "https://media.rawg.io/media/games/fd2/fd20a68d7ef195855588c937865dd0a7.jpg"
                },
                {
                    "id": 42643,
                    "name": "Паркур",
                    "slug": "parkur-2",
                    "language": "rus",
                    "games_count": 1467,
                    "image_background": "https://media.rawg.io/media/games/336/336c6bd63d83cf8e59937ab8895d1240.jpg"
                },
                {
                    "id": 91,
                    "name": "Walking Simulator",
                    "slug": "walking-simulator",
                    "language": "eng",
                    "games_count": 7984,
                    "image_background": "https://media.rawg.io/media/games/34e/34e100b1f648de99f32d477065f04653.jpg"
                },
                {
                    "id": 188,
                    "name": "Parkour",
                    "slug": "parkour",
                    "language": "eng",
                    "games_count": 3787,
                    "image_background": "https://media.rawg.io/media/games/37a/37a9536e92cf8fe3b60045aa75dbd41f.jpg"
                },
                {
                    "id": 133,
                    "name": "3D Vision",
                    "slug": "3d-vision",
                    "language": "eng",
                    "games_count": 974,
                    "image_background": "https://media.rawg.io/media/games/b6b/b6b20bfc4b34e312dbc8aac53c95a348.jpg"
                }
            ],
            "esrb_rating": {
                "id": 4,
                "name": "Mature",
                "slug": "mature",
                "name_en": "Mature",
                "name_ru": "С 17 лет"
            },
            "user_game": null,
            "reviews_count": 1813,
            "saturated_color": "0f0f0f",
            "dominant_color": "0f0f0f",
            "short_screenshots": [
                {
                    "id": -1,
                    "image": "https://media.rawg.io/media/games/9dd/9ddabb34840ea9227556670606cf8ea3.jpg"
                },
                {
                    "id": 32637,
                    "image": "https://media.rawg.io/media/screenshots/83f/83ff600f8e2dd8507e7961d3e9f32126.jpg"
                },
                {
                    "id": 32638,
                    "image": "https://media.rawg.io/media/screenshots/283/283c90039e31e07f99979ccb445cf7b7.jpg"
                },
                {
                    "id": 32639,
                    "image": "https://media.rawg.io/media/screenshots/03f/03f4171763bda5824da07fc087cec609.jpg"
                },
                {
                    "id": 32640,
                    "image": "https://media.rawg.io/media/screenshots/37a/37acd5ef186c8e018cbd64751b21f064.jpg"
                },
                {
                    "id": 32641,
                    "image": "https://media.rawg.io/media/screenshots/242/2426226b9eb1a7de43b8bf01ecb2c291.jpg"
                },
                {
                    "id": 32642,
                    "image": "https://media.rawg.io/media/screenshots/d06/d06d3baecb6da0ac9e53b40ade32d5f2.jpg"
                }
            ],
            "parent_platforms": [
                {
                    "platform": {
                        "id": 1,
                        "name": "PC",
                        "slug": "pc"
                    }
                },
                {
                    "platform": {
                        "id": 2,
                        "name": "PlayStation",
                        "slug": "playstation"
                    }
                },
                {
                    "platform": {
                        "id": 3,
                        "name": "Xbox",
                        "slug": "xbox"
                    }
                },
                {
                    "platform": {
                        "id": 5,
                        "name": "Apple Macintosh",
                        "slug": "mac"
                    }
                },
                {
                    "platform": {
                        "id": 6,
                        "name": "Linux",
                        "slug": "linux"
                    }
                },
                {
                    "platform": {
                        "id": 7,
                        "name": "Nintendo",
                        "slug": "nintendo"
                    }
                }
            ],
            "genres": [
                {
                    "id": 51,
                    "name": "Indie",
                    "slug": "indie"
                },
                {
                    "id": 4,
                    "name": "Action",
                    "slug": "action"
                }
            ]
        },
        {
            "slug": "outlast-2",
            "name": "Outlast 2",
            "playtime": 5,
            "platforms": [
                {
                    "platform": {
                        "id": 4,
                        "name": "PC",
                        "slug": "pc"
                    }
                },
                {
                    "platform": {
                        "id": 1,
                        "name": "Xbox One",
                        "slug": "xbox-one"
                    }
                },
                {
                    "platform": {
                        "id": 18,
                        "name": "PlayStation 4",
                        "slug": "playstation4"
                    }
                },
                {
                    "platform": {
                        "id": 7,
                        "name": "Nintendo Switch",
                        "slug": "nintendo-switch"
                    }
                }
            ],
            "stores": [
                {
                    "store": {
                        "id": 1,
                        "name": "Steam",
                        "slug": "steam"
                    }
                },
                {
                    "store": {
                        "id": 3,
                        "name": "PlayStation Store",
                        "slug": "playstation-store"
                    }
                },
                {
                    "store": {
                        "id": 2,
                        "name": "Xbox Store",
                        "slug": "xbox-store"
                    }
                },
                {
                    "store": {
                        "id": 5,
                        "name": "GOG",
                        "slug": "gog"
                    }
                },
                {
                    "store": {
                        "id": 6,
                        "name": "Nintendo Store",
                        "slug": "nintendo"
                    }
                },
                {
                    "store": {
                        "id": 11,
                        "name": "Epic Games",
                        "slug": "epic-games"
                    }
                }
            ],
            "released": "2017-04-24",
            "tba": false,
            "background_image": "https://media.rawg.io/media/games/880/880f6aa65fe9d786f1a455963df76180.jpg",
            "rating": 3.67,
            "rating_top": 4,
            "ratings": [
                {
                    "id": 4,
                    "title": "recommended",
                    "count": 384,
                    "percent": 53.93
                },
                {
                    "id": 3,
                    "title": "meh",
                    "count": 165,
                    "percent": 23.17
                },
                {
                    "id": 5,
                    "title": "exceptional",
                    "count": 105,
                    "percent": 14.75
                },
                {
                    "id": 1,
                    "title": "skip",
                    "count": 58,
                    "percent": 8.15
                }
            ],
            "ratings_count": 706,
            "reviews_text_count": 3,
            "added": 4463,
            "added_by_status": {
                "yet": 366,
                "owned": 3115,
                "beaten": 589,
                "toplay": 159,
                "dropped": 197,
                "playing": 37
            },
            "metacritic": 76,
            "suggestions_count": 318,
            "updated": "2025-03-19T20:23:46",
            "id": 9835,
            "score": null,
            "clip": null,
            "tags": [
                {
                    "id": 31,
                    "name": "Singleplayer",
                    "slug": "singleplayer",
                    "language": "eng",
                    "games_count": 236808,
                    "image_background": "https://media.rawg.io/media/games/4be/4be6a6ad0364751a96229c56bf69be59.jpg"
                },
                {
                    "id": 42396,
                    "name": "Для одного игрока",
                    "slug": "dlia-odnogo-igroka",
                    "language": "rus",
                    "games_count": 59339,
                    "image_background": "https://media.rawg.io/media/games/49c/49c3dfa4ce2f6f140cc4825868e858cb.jpg"
                },
                {
                    "id": 42417,
                    "name": "Экшен",
                    "slug": "ekshen",
                    "language": "rus",
                    "games_count": 45143,
                    "image_background": "https://media.rawg.io/media/games/b45/b45575f34285f2c4479c9a5f719d972e.jpg"
                },
                {
                    "id": 42392,
                    "name": "Приключение",
                    "slug": "prikliuchenie",
                    "language": "rus",
                    "games_count": 43383,
                    "image_background": "https://media.rawg.io/media/games/d82/d82990b9c67ba0d2d09d4e6fa88885a7.jpg"
                },
                {
                    "id": 40847,
                    "name": "Steam Achievements",
                    "slug": "steam-achievements",
                    "language": "eng",
                    "games_count": 44261,
                    "image_background": "https://media.rawg.io/media/games/b8c/b8c243eaa0fbac8115e0cdccac3f91dc.jpg"
                },
                {
                    "id": 42398,
                    "name": "Инди",
                    "slug": "indi-2",
                    "language": "rus",
                    "games_count": 61346,
                    "image_background": "https://media.rawg.io/media/games/562/562553814dd54e001a541e4ee83a591c.jpg"
                },
                {
                    "id": 40836,
                    "name": "Full controller support",
                    "slug": "full-controller-support",
                    "language": "eng",
                    "games_count": 20885,
                    "image_background": "https://media.rawg.io/media/games/562/562553814dd54e001a541e4ee83a591c.jpg"
                },
                {
                    "id": 40849,
                    "name": "Steam Cloud",
                    "slug": "steam-cloud",
                    "language": "eng",
                    "games_count": 21355,
                    "image_background": "https://media.rawg.io/media/games/be0/be01c3d7d8795a45615da139322ca080.jpg"
                },
                {
                    "id": 13,
                    "name": "Atmospheric",
                    "slug": "atmospheric",
                    "language": "eng",
                    "games_count": 36334,
                    "image_background": "https://media.rawg.io/media/games/b45/b45575f34285f2c4479c9a5f719d972e.jpg"
                },
                {
                    "id": 42425,
                    "name": "Для нескольких игроков",
                    "slug": "dlia-neskolkikh-igrokov",
                    "language": "rus",
                    "games_count": 11352,
                    "image_background": "https://media.rawg.io/media/games/157/15742f2f67eacff546738e1ab5c19d20.jpg"
                },
                {
                    "id": 42400,
                    "name": "Атмосфера",
                    "slug": "atmosfera",
                    "language": "rus",
                    "games_count": 6083,
                    "image_background": "https://media.rawg.io/media/games/7fa/7fa0b586293c5861ee32490e953a4996.jpg"
                },
                {
                    "id": 42394,
                    "name": "Глубокий сюжет",
                    "slug": "glubokii-siuzhet",
                    "language": "rus",
                    "games_count": 15181,
                    "image_background": "https://media.rawg.io/media/games/b8c/b8c243eaa0fbac8115e0cdccac3f91dc.jpg"
                },
                {
                    "id": 118,
                    "name": "Story Rich",
                    "slug": "story-rich",
                    "language": "eng",
                    "games_count": 24317,
                    "image_background": "https://media.rawg.io/media/games/be0/be01c3d7d8795a45615da139322ca080.jpg"
                },
                {
                    "id": 42429,
                    "name": "От первого лица",
                    "slug": "ot-pervogo-litsa",
                    "language": "rus",
                    "games_count": 13462,
                    "image_background": "https://media.rawg.io/media/games/b8c/b8c243eaa0fbac8115e0cdccac3f91dc.jpg"
                },
                {
                    "id": 8,
                    "name": "First-Person",
                    "slug": "first-person",
                    "language": "eng",
                    "games_count": 34382,
                    "image_background": "https://media.rawg.io/media/games/2ba/2bac0e87cf45e5b508f227d281c9252a.jpg"
                },
                {
                    "id": 16,
                    "name": "Horror",
                    "slug": "horror",
                    "language": "eng",
                    "games_count": 46748,
                    "image_background": "https://media.rawg.io/media/games/4fb/4fb548e4816c84d1d70f1a228fb167cc.jpg"
                },
                {
                    "id": 42427,
                    "name": "Шутер от первого лица",
                    "slug": "shuter-ot-pervogo-litsa",
                    "language": "rus",
                    "games_count": 6085,
                    "image_background": "https://media.rawg.io/media/games/f87/f87457e8347484033cb34cde6101d08d.jpg"
                },
                {
                    "id": 42491,
                    "name": "Мясо",
                    "slug": "miaso",
                    "language": "rus",
                    "games_count": 4962,
                    "image_background": "https://media.rawg.io/media/games/9dd/9ddabb34840ea9227556670606cf8ea3.jpg"
                },
                {
                    "id": 26,
                    "name": "Gore",
                    "slug": "gore",
                    "language": "eng",
                    "games_count": 6148,
                    "image_background": "https://media.rawg.io/media/games/c6b/c6bfece1daf8d06bc0a60632ac78e5bf.jpg"
                },
                {
                    "id": 42452,
                    "name": "Выживание",
                    "slug": "vyzhivanie",
                    "language": "rus",
                    "games_count": 7223,
                    "image_background": "https://media.rawg.io/media/games/2ad/2ad87a4a69b1104f02435c14c5196095.jpg"
                },
                {
                    "id": 1,
                    "name": "Survival",
                    "slug": "survival",
                    "language": "eng",
                    "games_count": 9760,
                    "image_background": "https://media.rawg.io/media/games/d82/d82990b9c67ba0d2d09d4e6fa88885a7.jpg"
                },
                {
                    "id": 42402,
                    "name": "Насилие",
                    "slug": "nasilie",
                    "language": "rus",
                    "games_count": 6168,
                    "image_background": "https://media.rawg.io/media/games/0af/0af85e8edddfa55368e47c539914a220.jpg"
                },
                {
                    "id": 34,
                    "name": "Violent",
                    "slug": "violent",
                    "language": "eng",
                    "games_count": 7206,
                    "image_background": "https://media.rawg.io/media/games/a0e/a0ef08621301a1eab5e04fa5c96978fa.jpeg"
                },
                {
                    "id": 42477,
                    "name": "Мрачная",
                    "slug": "mrachnaia",
                    "language": "rus",
                    "games_count": 6666,
                    "image_background": "https://media.rawg.io/media/games/d9f/d9f982e042df6263684ba1fdea3efc1c.jpg"
                },
                {
                    "id": 41,
                    "name": "Dark",
                    "slug": "dark",
                    "language": "eng",
                    "games_count": 17196,
                    "image_background": "https://media.rawg.io/media/games/d9f/d9f982e042df6263684ba1fdea3efc1c.jpg"
                },
                {
                    "id": 42406,
                    "name": "Нагота",
                    "slug": "nagota",
                    "language": "rus",
                    "games_count": 7175,
                    "image_background": "https://media.rawg.io/media/games/6cd/6cd653e0aaef5ff8bbd295bf4bcb12eb.jpg"
                },
                {
                    "id": 44,
                    "name": "Nudity",
                    "slug": "nudity",
                    "language": "eng",
                    "games_count": 7567,
                    "image_background": "https://media.rawg.io/media/games/9dd/9ddabb34840ea9227556670606cf8ea3.jpg"
                },
                {
                    "id": 42471,
                    "name": "Хоррор на выживание",
                    "slug": "khorror-na-vyzhivanie",
                    "language": "rus",
                    "games_count": 3813,
                    "image_background": "https://media.rawg.io/media/games/739/73990e3ec9f43a9e8ecafe207fa4f368.jpg"
                },
                {
                    "id": 17,
                    "name": "Survival Horror",
                    "slug": "survival-horror",
                    "language": "eng",
                    "games_count": 9174,
                    "image_background": "https://media.rawg.io/media/games/1be/1be575aa6de86de328433a63fb534d9a.jpg"
                },
                {
                    "id": 336,
                    "name": "controller support",
                    "slug": "controller-support",
                    "language": "eng",
                    "games_count": 293,
                    "image_background": "https://media.rawg.io/media/games/0b3/0b34647c42271600399b93d19b10f1aa.jpg"
                },
                {
                    "id": 42529,
                    "name": "Для взрослых",
                    "slug": "dlia-vzroslykh",
                    "language": "rus",
                    "games_count": 3721,
                    "image_background": "https://media.rawg.io/media/games/849/849414b978db37d4563ff9e4b0d3a787.jpg"
                },
                {
                    "id": 192,
                    "name": "Mature",
                    "slug": "mature",
                    "language": "eng",
                    "games_count": 3914,
                    "image_background": "https://media.rawg.io/media/games/bd7/bd7cfccfececba1ec2b97a120a40373f.jpg"
                },
                {
                    "id": 42405,
                    "name": "Сексуальный контент",
                    "slug": "seksualnyi-kontent",
                    "language": "rus",
                    "games_count": 7362,
                    "image_background": "https://media.rawg.io/media/games/260/26023c855f1769a93411d6a7ea084632.jpeg"
                },
                {
                    "id": 42643,
                    "name": "Паркур",
                    "slug": "parkur-2",
                    "language": "rus",
                    "games_count": 1467,
                    "image_background": "https://media.rawg.io/media/games/336/336c6bd63d83cf8e59937ab8895d1240.jpg"
                },
                {
                    "id": 188,
                    "name": "Parkour",
                    "slug": "parkour",
                    "language": "eng",
                    "games_count": 3787,
                    "image_background": "https://media.rawg.io/media/games/37a/37a9536e92cf8fe3b60045aa75dbd41f.jpg"
                },
                {
                    "id": 50,
                    "name": "Sexual Content",
                    "slug": "sexual-content",
                    "language": "eng",
                    "games_count": 7391,
                    "image_background": "https://media.rawg.io/media/games/d9e/d9e868382c48ec98c9b23b8fbe6a2045.jpg"
                },
                {
                    "id": 334,
                    "name": "achievements",
                    "slug": "achievements",
                    "language": "eng",
                    "games_count": 4925,
                    "image_background": "https://media.rawg.io/media/games/c35/c354856af9151dc63844be4f9843d2c2.jpg"
                }
            ],
            "esrb_rating": {
                "id": 5,
                "name": "Adults Only",
                "slug": "adults-only",
                "name_en": "Adults Only",
                "name_ru": "Только для взрослых"
            },
            "user_game": null,
            "reviews_count": 712,
            "saturated_color": "0f0f0f",
            "dominant_color": "0f0f0f",
            "short_screenshots": [
                {
                    "id": -1,
                    "image": "https://media.rawg.io/media/games/880/880f6aa65fe9d786f1a455963df76180.jpg"
                },
                {
                    "id": 73523,
                    "image": "https://media.rawg.io/media/screenshots/1d0/1d0baf5f83b7bd6d615a0159ced2d674.jpg"
                },
                {
                    "id": 73524,
                    "image": "https://media.rawg.io/media/screenshots/c9e/c9ec08fc80d4945670e52bc3e1b77309.jpg"
                },
                {
                    "id": 73525,
                    "image": "https://media.rawg.io/media/screenshots/c3b/c3b867117cf89e0968eee0c9386a17a4.jpg"
                },
                {
                    "id": 73526,
                    "image": "https://media.rawg.io/media/screenshots/090/090e7a24ab5af98f41d84f899805ed7d.jpg"
                },
                {
                    "id": 73527,
                    "image": "https://media.rawg.io/media/screenshots/ce1/ce1f3d7de2c382fd9c294bc6eb14aafc.jpg"
                },
                {
                    "id": 73528,
                    "image": "https://media.rawg.io/media/screenshots/de7/de78c971fad680c0952c851741544752.jpg"
                }
            ],
            "parent_platforms": [
                {
                    "platform": {
                        "id": 1,
                        "name": "PC",
                        "slug": "pc"
                    }
                },
                {
                    "platform": {
                        "id": 2,
                        "name": "PlayStation",
                        "slug": "playstation"
                    }
                },
                {
                    "platform": {
                        "id": 3,
                        "name": "Xbox",
                        "slug": "xbox"
                    }
                },
                {
                    "platform": {
                        "id": 7,
                        "name": "Nintendo",
                        "slug": "nintendo"
                    }
                }
            ],
            "genres": [
                {
                    "id": 51,
                    "name": "Indie",
                    "slug": "indie"
                },
                {
                    "id": 3,
                    "name": "Adventure",
                    "slug": "adventure"
                },
                {
                    "id": 4,
                    "name": "Action",
                    "slug": "action"
                }
            ]
        },
        {
            "slug": "the-outlast-trials",
            "name": "The Outlast Trials",
            "playtime": 9,
            "platforms": [
                {
                    "platform": {
                        "id": 4,
                        "name": "PC",
                        "slug": "pc"
                    }
                },
                {
                    "platform": {
                        "id": 1,
                        "name": "Xbox One",
                        "slug": "xbox-one"
                    }
                },
                {
                    "platform": {
                        "id": 186,
                        "name": "Xbox Series S/X",
                        "slug": "xbox-series-x"
                    }
                }
            ],
            "stores": [
                {
                    "store": {
                        "id": 1,
                        "name": "Steam",
                        "slug": "steam"
                    }
                }
            ],
            "released": "2024-03-05",
            "tba": false,
            "background_image": "https://media.rawg.io/media/games/cb7/cb79272fea3ffdba3fd48d44cc78d132.jpg",
            "rating": 3.44,
            "rating_top": 4,
            "ratings": [
                {
                    "id": 4,
                    "title": "recommended",
                    "count": 16,
                    "percent": 59.26
                },
                {
                    "id": 1,
                    "title": "skip",
                    "count": 6,
                    "percent": 22.22
                },
                {
                    "id": 5,
                    "title": "exceptional",
                    "count": 4,
                    "percent": 14.81
                },
                {
                    "id": 3,
                    "title": "meh",
                    "count": 1,
                    "percent": 3.7
                }
            ],
            "ratings_count": 25,
            "reviews_text_count": 2,
            "added": 252,
            "added_by_status": {
                "yet": 11,
                "owned": 131,
                "beaten": 16,
                "toplay": 67,
                "dropped": 19,
                "playing": 8
            },
            "metacritic": null,
            "suggestions_count": 191,
            "updated": "2025-03-02T01:14:56",
            "id": 485138,
            "score": null,
            "clip": null,
            "tags": [
                {
                    "id": 31,
                    "name": "Singleplayer",
                    "slug": "singleplayer",
                    "language": "eng",
                    "games_count": 236808,
                    "image_background": "https://media.rawg.io/media/games/4be/4be6a6ad0364751a96229c56bf69be59.jpg"
                },
                {
                    "id": 42417,
                    "name": "Экшен",
                    "slug": "ekshen",
                    "language": "rus",
                    "games_count": 45143,
                    "image_background": "https://media.rawg.io/media/games/b45/b45575f34285f2c4479c9a5f719d972e.jpg"
                },
                {
                    "id": 42392,
                    "name": "Приключение",
                    "slug": "prikliuchenie",
                    "language": "rus",
                    "games_count": 43383,
                    "image_background": "https://media.rawg.io/media/games/d82/d82990b9c67ba0d2d09d4e6fa88885a7.jpg"
                },
                {
                    "id": 7,
                    "name": "Multiplayer",
                    "slug": "multiplayer",
                    "language": "eng",
                    "games_count": 40265,
                    "image_background": "https://media.rawg.io/media/games/021/021c4e21a1824d2526f925eff6324653.jpg"
                },
                {
                    "id": 40836,
                    "name": "Full controller support",
                    "slug": "full-controller-support",
                    "language": "eng",
                    "games_count": 20885,
                    "image_background": "https://media.rawg.io/media/games/562/562553814dd54e001a541e4ee83a591c.jpg"
                },
                {
                    "id": 13,
                    "name": "Atmospheric",
                    "slug": "atmospheric",
                    "language": "eng",
                    "games_count": 36334,
                    "image_background": "https://media.rawg.io/media/games/b45/b45575f34285f2c4479c9a5f719d972e.jpg"
                },
                {
                    "id": 42400,
                    "name": "Атмосфера",
                    "slug": "atmosfera",
                    "language": "rus",
                    "games_count": 6083,
                    "image_background": "https://media.rawg.io/media/games/7fa/7fa0b586293c5861ee32490e953a4996.jpg"
                },
                {
                    "id": 42429,
                    "name": "От первого лица",
                    "slug": "ot-pervogo-litsa",
                    "language": "rus",
                    "games_count": 13462,
                    "image_background": "https://media.rawg.io/media/games/b8c/b8c243eaa0fbac8115e0cdccac3f91dc.jpg"
                },
                {
                    "id": 8,
                    "name": "First-Person",
                    "slug": "first-person",
                    "language": "eng",
                    "games_count": 34382,
                    "image_background": "https://media.rawg.io/media/games/2ba/2bac0e87cf45e5b508f227d281c9252a.jpg"
                },
                {
                    "id": 16,
                    "name": "Horror",
                    "slug": "horror",
                    "language": "eng",
                    "games_count": 46748,
                    "image_background": "https://media.rawg.io/media/games/4fb/4fb548e4816c84d1d70f1a228fb167cc.jpg"
                },
                {
                    "id": 42452,
                    "name": "Выживание",
                    "slug": "vyzhivanie",
                    "language": "rus",
                    "games_count": 7223,
                    "image_background": "https://media.rawg.io/media/games/2ad/2ad87a4a69b1104f02435c14c5196095.jpg"
                },
                {
                    "id": 1,
                    "name": "Survival",
                    "slug": "survival",
                    "language": "eng",
                    "games_count": 9760,
                    "image_background": "https://media.rawg.io/media/games/d82/d82990b9c67ba0d2d09d4e6fa88885a7.jpg"
                },
                {
                    "id": 15,
                    "name": "Stealth",
                    "slug": "stealth",
                    "language": "eng",
                    "games_count": 6675,
                    "image_background": "https://media.rawg.io/media/games/364/3642d850efb217c58feab80b8affaa89.jpg"
                },
                {
                    "id": 42439,
                    "name": "Стелс",
                    "slug": "stels",
                    "language": "rus",
                    "games_count": 2535,
                    "image_background": "https://media.rawg.io/media/games/8a0/8a02f84a5916ede2f923b88d5f8217ba.jpg"
                },
                {
                    "id": 69,
                    "name": "Action-Adventure",
                    "slug": "action-adventure",
                    "language": "eng",
                    "games_count": 18751,
                    "image_background": "https://media.rawg.io/media/games/c50/c5085506fe4b5e20fc7aa5ace842c20b.jpg"
                },
                {
                    "id": 42477,
                    "name": "Мрачная",
                    "slug": "mrachnaia",
                    "language": "rus",
                    "games_count": 6666,
                    "image_background": "https://media.rawg.io/media/games/d9f/d9f982e042df6263684ba1fdea3efc1c.jpg"
                },
                {
                    "id": 41,
                    "name": "Dark",
                    "slug": "dark",
                    "language": "eng",
                    "games_count": 17196,
                    "image_background": "https://media.rawg.io/media/games/d9f/d9f982e042df6263684ba1fdea3efc1c.jpg"
                },
                {
                    "id": 40832,
                    "name": "Cross-Platform Multiplayer",
                    "slug": "cross-platform-multiplayer",
                    "language": "eng",
                    "games_count": 2884,
                    "image_background": "https://media.rawg.io/media/games/12e/12ea6b35b65df38258e25885a0a392a6.jpg"
                },
                {
                    "id": 42530,
                    "name": "Кастомизация персонажа",
                    "slug": "kastomizatsiia-personazha",
                    "language": "rus",
                    "games_count": 4895,
                    "image_background": "https://media.rawg.io/media/games/260/26023c855f1769a93411d6a7ea084632.jpeg"
                },
                {
                    "id": 42490,
                    "name": "Приключенческий экшен",
                    "slug": "prikliuchencheskii-ekshen",
                    "language": "rus",
                    "games_count": 11144,
                    "image_background": "https://media.rawg.io/media/games/d1c/d1cd8a226cb224357c1f59605577cbf2.jpg"
                },
                {
                    "id": 121,
                    "name": "Character Customization",
                    "slug": "character-customization",
                    "language": "eng",
                    "games_count": 5667,
                    "image_background": "https://media.rawg.io/media/games/e3d/e3ddc524c6292a435d01d97cc5f42ea7.jpg"
                },
                {
                    "id": 42471,
                    "name": "Хоррор на выживание",
                    "slug": "khorror-na-vyzhivanie",
                    "language": "rus",
                    "games_count": 3813,
                    "image_background": "https://media.rawg.io/media/games/739/73990e3ec9f43a9e8ecafe207fa4f368.jpg"
                },
                {
                    "id": 17,
                    "name": "Survival Horror",
                    "slug": "survival-horror",
                    "language": "eng",
                    "games_count": 9174,
                    "image_background": "https://media.rawg.io/media/games/1be/1be575aa6de86de328433a63fb534d9a.jpg"
                },
                {
                    "id": 42460,
                    "name": "Реализм",
                    "slug": "realizm",
                    "language": "rus",
                    "games_count": 7434,
                    "image_background": "https://media.rawg.io/media/games/c3b/c3be1d5f55cb9324c97ccb7aaaf42ad4.jpg"
                },
                {
                    "id": 77,
                    "name": "Realistic",
                    "slug": "realistic",
                    "language": "eng",
                    "games_count": 7455,
                    "image_background": "https://media.rawg.io/media/games/e44/e445335e611b4ccf03af71fffcbd30a4.jpg"
                },
                {
                    "id": 42551,
                    "name": "Менеджмент",
                    "slug": "menedzhment",
                    "language": "rus",
                    "games_count": 4342,
                    "image_background": "https://media.rawg.io/media/games/000/0002b2686a50b30762fb6040a8d9187f.jpg"
                },
                {
                    "id": 67,
                    "name": "Management",
                    "slug": "management",
                    "language": "eng",
                    "games_count": 8290,
                    "image_background": "https://media.rawg.io/media/games/6cc/6cc68fa183b905ac9d85efb9797776f6.jpg"
                },
                {
                    "id": 42502,
                    "name": "Чёрный юмор",
                    "slug": "chiornyi-iumor",
                    "language": "rus",
                    "games_count": 2064,
                    "image_background": "https://media.rawg.io/media/screenshots/066/066eb1b7a3f332b8089645fbf8c3ebdc.jpg"
                },
                {
                    "id": 148,
                    "name": "Dark Humor",
                    "slug": "dark-humor",
                    "language": "eng",
                    "games_count": 3353,
                    "image_background": "https://media.rawg.io/media/games/a2d/a2d80d32a35281c310a2b9d8cb02e5cf.jpg"
                },
                {
                    "id": 171,
                    "name": "PvE",
                    "slug": "pve",
                    "language": "eng",
                    "games_count": 6399,
                    "image_background": "https://media.rawg.io/media/screenshots/a53/a533bac7350ea700022cf2be8e694c88.jpg"
                },
                {
                    "id": 42567,
                    "name": "Игра против ИИ",
                    "slug": "igra-protiv-ii",
                    "language": "rus",
                    "games_count": 2327,
                    "image_background": "https://media.rawg.io/media/games/82b/82be203e68d737762846203811165933.jpg"
                },
                {
                    "id": 42566,
                    "name": "Альтернативная история",
                    "slug": "alternativnaia-istoriia",
                    "language": "rus",
                    "games_count": 1287,
                    "image_background": "https://media.rawg.io/media/games/c14/c14d85f2ec10e82e3d5cd837c9c0a56d.jpg"
                },
                {
                    "id": 208,
                    "name": "Alternate History",
                    "slug": "alternate-history",
                    "language": "eng",
                    "games_count": 1986,
                    "image_background": "https://media.rawg.io/media/games/275/2759da6fcaa8f81f21800926168c85f6.jpg"
                },
                {
                    "id": 87,
                    "name": "Science",
                    "slug": "science",
                    "language": "eng",
                    "games_count": 1863,
                    "image_background": "https://media.rawg.io/media/games/64d/64d9e33affb7a9a1df62229576d0bd6b.jpg"
                },
                {
                    "id": 291,
                    "name": "Conspiracy",
                    "slug": "conspiracy",
                    "language": "eng",
                    "games_count": 917,
                    "image_background": "https://media.rawg.io/media/games/a12/a12f806432cb385bc286f0935c49cd14.jpg"
                },
                {
                    "id": 42501,
                    "name": "Наука",
                    "slug": "nauka",
                    "language": "rus",
                    "games_count": 885,
                    "image_background": "https://media.rawg.io/media/screenshots/3b1/3b1855db98916d9d473922795f52a25a.jpeg"
                },
                {
                    "id": 272,
                    "name": "Inventory Management",
                    "slug": "inventory-management",
                    "language": "eng",
                    "games_count": 1360,
                    "image_background": "https://media.rawg.io/media/games/3d9/3d9a3ea11db2de2c85083e8fd7f3bb15.jpg"
                },
                {
                    "id": 42641,
                    "name": "Заговор",
                    "slug": "zagovor",
                    "language": "rus",
                    "games_count": 671,
                    "image_background": "https://media.rawg.io/media/screenshots/cdb/cdbb8af8e87a5794be1e767445950ea3.jpg"
                },
                {
                    "id": 42474,
                    "name": "Ячеечный инвентарь",
                    "slug": "iacheechnyi-inventar",
                    "language": "rus",
                    "games_count": 309,
                    "image_background": "https://media.rawg.io/media/screenshots/3f4/3f48cb1479b65cb33262b19e557b22d6.jpg"
                }
            ],
            "esrb_rating": null,
            "user_game": null,
            "reviews_count": 27,
            "saturated_color": "0f0f0f",
            "dominant_color": "0f0f0f",
            "short_screenshots": [
                {
                    "id": -1,
                    "image": "https://media.rawg.io/media/games/cb7/cb79272fea3ffdba3fd48d44cc78d132.jpg"
                },
                {
                    "id": 2981827,
                    "image": "https://media.rawg.io/media/screenshots/a82/a8260777e12a3e68c5e1885d117a533b.jpg"
                },
                {
                    "id": 2981828,
                    "image": "https://media.rawg.io/media/screenshots/376/37667adc0fe9dd8de3761d97d5cad796.jpg"
                },
                {
                    "id": 2981829,
                    "image": "https://media.rawg.io/media/screenshots/332/332bc49a5f65ea47de8f20bcda80cf7b.jpg"
                }
            ],
            "parent_platforms": [
                {
                    "platform": {
                        "id": 1,
                        "name": "PC",
                        "slug": "pc"
                    }
                },
                {
                    "platform": {
                        "id": 3,
                        "name": "Xbox",
                        "slug": "xbox"
                    }
                }
            ],
            "genres": [
                {
                    "id": 51,
                    "name": "Indie",
                    "slug": "indie"
                },
                {
                    "id": 3,
                    "name": "Adventure",
                    "slug": "adventure"
                },
                {
                    "id": 4,
                    "name": "Action",
                    "slug": "action"
                }
            ]
        },
        {
            "slug": "outlast-trinity",
            "name": "Outlast: Trinity",
            "playtime": 0,
            "platforms": [
                {
                    "platform": {
                        "id": 1,
                        "name": "Xbox One",
                        "slug": "xbox-one"
                    }
                },
                {
                    "platform": {
                        "id": 18,
                        "name": "PlayStation 4",
                        "slug": "playstation4"
                    }
                }
            ],
            "stores": [
                {
                    "store": {
                        "id": 3,
                        "name": "PlayStation Store",
                        "slug": "playstation-store"
                    }
                }
            ],
            "released": "2019-05-23",
            "tba": false,
            "background_image": "https://media.rawg.io/media/screenshots/5af/5afa9bb153fc2ded7b4a7eb8ca7865e4.jpg",
            "rating": 0.0,
            "rating_top": 0,
            "ratings": [
                {
                    "id": 1,
                    "title": "skip",
                    "count": 1,
                    "percent": 100.0
                }
            ],
            "ratings_count": 1,
            "reviews_text_count": 0,
            "added": 28,
            "added_by_status": {
                "yet": 1,
                "owned": 5,
                "beaten": 2,
                "toplay": 18,
                "dropped": 1,
                "playing": 1
            },
            "metacritic": null,
            "suggestions_count": 279,
            "updated": "2019-12-09T03:34:03",
            "id": 321343,
            "score": null,
            "clip": null,
            "tags": [
                {
                    "id": 413,
                    "name": "online",
                    "slug": "online",
                    "language": "eng",
                    "games_count": 6556,
                    "image_background": "https://media.rawg.io/media/games/174/1743b3dd185bda4a7be349347d4064df.jpg"
                },
                {
                    "id": 87,
                    "name": "Science",
                    "slug": "science",
                    "language": "eng",
                    "games_count": 1754,
                    "image_background": "https://media.rawg.io/media/screenshots/18c/18c0bf89ecef8170cdd97075dbbadded.jpg"
                },
                {
                    "id": 774,
                    "name": "nature",
                    "slug": "nature",
                    "language": "eng",
                    "games_count": 5967,
                    "image_background": "https://media.rawg.io/media/screenshots/e0b/e0b7df921a951ec97fa4d7c595dac410.jpg"
                },
                {
                    "id": 326,
                    "name": "Investigation",
                    "slug": "investigation",
                    "language": "eng",
                    "games_count": 2455,
                    "image_background": "https://media.rawg.io/media/games/702/7020d1319d09e0c6a840aa08c5ce120f.jpg"
                },
                {
                    "id": 920,
                    "name": "murder",
                    "slug": "murder",
                    "language": "eng",
                    "games_count": 746,
                    "image_background": "https://media.rawg.io/media/screenshots/5bb/5bbc83c6b4789122cc30b62877a9dcf6.jpg"
                },
                {
                    "id": 2074,
                    "name": "desert",
                    "slug": "desert",
                    "language": "eng",
                    "games_count": 1570,
                    "image_background": "https://media.rawg.io/media/screenshots/c75/c7576cd0a344fd7b7a527eaeecf2d69f.jpg"
                },
                {
                    "id": 1120,
                    "name": "red",
                    "slug": "red",
                    "language": "eng",
                    "games_count": 154,
                    "image_background": "https://media.rawg.io/media/screenshots/cba/cba37b72cc916d24bf9fde475dde97d6.jpg"
                }
            ],
            "esrb_rating": {
                "id": 4,
                "name": "Mature",
                "slug": "mature",
                "name_en": "Mature",
                "name_ru": "С 17 лет"
            },
            "user_game": null,
            "reviews_count": 1,
            "community_rating": 0,
            "saturated_color": "0f0f0f",
            "dominant_color": "0f0f0f",
            "short_screenshots": [
                {
                    "id": -1,
                    "image": "https://media.rawg.io/media/screenshots/5af/5afa9bb153fc2ded7b4a7eb8ca7865e4.jpg"
                },
                {
                    "id": 1939052,
                    "image": "https://media.rawg.io/media/screenshots/615/615e7c97e8b8e1a7940e331a4ae2ad61.jpg"
                },
                {
                    "id": 1939053,
                    "image": "https://media.rawg.io/media/screenshots/cb7/cb780b0ea55f19c61d20bdca612fcbac.jpg"
                },
                {
                    "id": 1939054,
                    "image": "https://media.rawg.io/media/screenshots/0c2/0c202159afbd4f8408c7f1b1dcab4e9d.jpg"
                },
                {
                    "id": 1939055,
                    "image": "https://media.rawg.io/media/screenshots/dfc/dfcbce10c29d6e8002995c9c7f71eb9f.jpg"
                },
                {
                    "id": 1939056,
                    "image": "https://media.rawg.io/media/screenshots/5af/5afa9bb153fc2ded7b4a7eb8ca7865e4.jpg"
                }
            ],
            "parent_platforms": [
                {
                    "platform": {
                        "id": 2,
                        "name": "PlayStation",
                        "slug": "playstation"
                    }
                },
                {
                    "platform": {
                        "id": 3,
                        "name": "Xbox",
                        "slug": "xbox"
                    }
                }
            ],
            "genres": [
                {
                    "id": 3,
                    "name": "Adventure",
                    "slug": "adventure"
                },
                {
                    "id": 4,
                    "name": "Action",
                    "slug": "action"
                }
            ]
        }
    ],
    "user_platforms": false
}