{
    "count": 25,
    "next": "https://api.rawg.io/api/games?developers=6294&key=6144c1f5ae184e6a89a3e2b34caf541c&ordering=-rating&page=2&page_size=10",
    "previous": null,
    "results": [
        {
            "slug": "max-payne-ru",
            "name": "Max Payne (RU)",
            "playtime": 3,
            "platforms": [
                {
                    "platform": {
                        "id": 4,
                        "name": "PC",
                        "slug": "pc"
                    }
                }
            ],
            "stores": [
                {
                    "store": {
                        "id": 1,
                        "name": "Steam",
                        "slug": "steam"
                    }
                }
            ],
            "released": "2001-07-23",
            "tba": false,
            "background_image": "https://media.rawg.io/media/games/a70/a70f6d686a1fef938c1390a2d62821dd.jpg",
            "rating": 4.51,
            "rating_top": 5,
            "ratings": [
                {
                    "id": 5,
                    "title": "exceptional",
                    "count": 52,
                    "percent": 60.47
                },
                {
                    "id": 4,
                    "title": "recommended",
                    "count": 30,
                    "percent": 34.88
                },
                {
                    "id": 3,
                    "title": "meh",
                    "count": 2,
                    "percent": 2.33
                },
                {
                    "id": 1,
                    "title": "skip",
                    "count": 2,
                    "percent": 2.33
                }
            ],
            "ratings_count": 85,
            "reviews_text_count": 0,
            "added": 663,
            "added_by_status": {
                "yet": 9,
                "owned": 561,
                "beaten": 75,
                "toplay": 7,
                "dropped": 10,
                "playing": 1
            },
            "metacritic": null,
            "suggestions_count": 0,
            "updated": "2025-01-22T13:52:20",
            "id": 427620,
            "score": null,
            "clip": null,
            "tags": [],
            "esrb_rating": null,
            "user_game": null,
            "reviews_count": 86,
            "saturated_color": "0f0f0f",
            "dominant_color": "0f0f0f",
            "short_screenshots": [
                {
                    "id": -1,
                    "image": "https://media.rawg.io/media/games/a70/a70f6d686a1fef938c1390a2d62821dd.jpg"
                }
            ],
            "parent_platforms": [
                {
                    "platform": {
                        "id": 1,
                        "name": "PC",
                        "slug": "pc"
                    }
                }
            ],
            "genres": [
                {
                    "id": 4,
                    "name": "Action",
                    "slug": "action"
                }
            ]
        },
        {
            "slug": "max-payne",
            "name": "Max Payne",
            "playtime": 2,
            "platforms": [
                {
                    "platform": {
                        "id": 4,
                        "name": "PC",
                        "slug": "pc"
                    }
                },
                {
                    "platform": {
                        "id": 18,
                        "name": "PlayStation 4",
                        "slug": "playstation4"
                    }
                },
                {
                    "platform": {
                        "id": 14,
                        "name": "Xbox 360",
                        "slug": "xbox360"
                    }
                },
                {
                    "platform": {
                        "id": 80,
                        "name": "Xbox",
                        "slug": "xbox-old"
                    }
                },
                {
                    "platform": {
                        "id": 16,
                        "name": "PlayStation 3",
                        "slug": "playstation3"
                    }
                },
                {
                    "platform": {
                        "id": 15,
                        "name": "PlayStation 2",
                        "slug": "playstation2"
                    }
                },
                {
                    "platform": {
                        "id": 55,
                        "name": "Classic Macintosh",
                        "slug": "macintosh"
                    }
                }
            ],
            "stores": [
                {
                    "store": {
                        "id": 1,
                        "name": "Steam",
                        "slug": "steam"
                    }
                },
                {
                    "store": {
                        "id": 3,
                        "name": "PlayStation Store",
                        "slug": "playstation-store"
                    }
                },
                {
                    "store": {
                        "id": 7,
                        "name": "Xbox 360 Store",
                        "slug": "xbox360"
                    }
                }
            ],
            "released": "2001-07-25",
            "tba": false,
            "background_image": "https://media.rawg.io/media/games/2f5/2f5eb72fe45540e93ac2726877551a20.jpg",
            "rating": 4.46,
            "rating_top": 5,
            "ratings": [
                {
                    "id": 5,
                    "title": "exceptional",
                    "count": 1200,
                    "percent": 60.45
                },
                {
                    "id": 4,
                    "title": "recommended",
                    "count": 631,
                    "percent": 31.79
                },
                {
                    "id": 3,
                    "title": "meh",
                    "count": 83,
                    "percent": 4.18
                },
                {
                    "id": 1,
                    "title": "skip",
                    "count": 71,
                    "percent": 3.58
                }
            ],
            "ratings_count": 1964,
            "reviews_text_count": 13,
            "added": 5656,
            "added_by_status": {
                "yet": 221,
                "owned": 2857,
                "beaten": 2048,
                "toplay": 209,
                "dropped": 289,
                "playing": 32
            },
            "metacritic": 89,
            "suggestions_count": 455,
            "updated": "2025-03-12T07:11:48",
            "id": 2518,
            "score": null,
            "clip": null,
            "tags": [
                {
                    "id": 31,
                    "name": "Singleplayer",
                    "slug": "singleplayer",
                    "language": "eng",
                    "games_count": 236808,
                    "image_background": "https://media.rawg.io/media/games/4be/4be6a6ad0364751a96229c56bf69be59.jpg"
                },
                {
                    "id": 42417,
                    "name": "Экшен",
                    "slug": "ekshen",
                    "language": "rus",
                    "games_count": 45143,
                    "image_background": "https://media.rawg.io/media/games/b45/b45575f34285f2c4479c9a5f719d972e.jpg"
                },
                {
                    "id": 42461,
                    "name": "Классика",
                    "slug": "klassika",
                    "language": "rus",
                    "games_count": 1475,
                    "image_background": "https://media.rawg.io/media/games/021/021c4e21a1824d2526f925eff6324653.jpg"
                },
                {
                    "id": 193,
                    "name": "Classic",
                    "slug": "classic",
                    "language": "eng",
                    "games_count": 1811,
                    "image_background": "https://media.rawg.io/media/games/7a2/7a2500ee8b2c0e1ff268bb4479463dea.jpg"
                },
                {
                    "id": 150,
                    "name": "Third-Person Shooter",
                    "slug": "third-person-shooter",
                    "language": "eng",
                    "games_count": 3804,
                    "image_background": "https://media.rawg.io/media/games/d46/d46373f39458670305704ef089387520.jpg"
                },
                {
                    "id": 289,
                    "name": "Noir",
                    "slug": "noir",
                    "language": "eng",
                    "games_count": 1501,
                    "image_background": "https://media.rawg.io/media/games/be0/be084b850302abe81675bc4ffc08a0d0.jpg"
                },
                {
                    "id": 62348,
                    "name": "first person mod",
                    "slug": "first-person-mod",
                    "language": "eng",
                    "games_count": 14,
                    "image_background": "https://media.rawg.io/media/games/6fd/6fd971ffa72faa1758960d25ef6196bc.jpg"
                }
            ],
            "esrb_rating": {
                "id": 4,
                "name": "Mature",
                "slug": "mature",
                "name_en": "Mature",
                "name_ru": "С 17 лет"
            },
            "user_game": null,
            "reviews_count": 1985,
            "saturated_color": "0f0f0f",
            "dominant_color": "0f0f0f",
            "short_screenshots": [
                {
                    "id": -1,
                    "image": "https://media.rawg.io/media/games/2f5/2f5eb72fe45540e93ac2726877551a20.jpg"
                },
                {
                    "id": 180285,
                    "image": "https://media.rawg.io/media/screenshots/fc9/fc9cef07344793d0a5dc7b1eaac1ad5b.jpg"
                },
                {
                    "id": 180286,
                    "image": "https://media.rawg.io/media/screenshots/4b0/4b08a5a364777c17596c4ba37650b170.jpg"
                },
                {
                    "id": 180287,
                    "image": "https://media.rawg.io/media/screenshots/e62/e62caba6d3b00a0d50d00ecd8c0aeb5f.jpg"
                },
                {
                    "id": 180288,
                    "image": "https://media.rawg.io/media/screenshots/685/68549dc3d986365d8349d95959f3eae8.jpg"
                },
                {
                    "id": 180289,
                    "image": "https://media.rawg.io/media/screenshots/14c/14cace877dd6855443408bd28169c12e.jpg"
                },
                {
                    "id": 180290,
                    "image": "https://media.rawg.io/media/screenshots/9b4/9b4589fd5c82fef241b624195770f0fc.jpg"
                }
            ],
            "parent_platforms": [
                {
                    "platform": {
                        "id": 1,
                        "name": "PC",
                        "slug": "pc"
                    }
                },
                {
                    "platform": {
                        "id": 2,
                        "name": "PlayStation",
                        "slug": "playstation"
                    }
                },
                {
                    "platform": {
                        "id": 3,
                        "name": "Xbox",
                        "slug": "xbox"
                    }
                },
                {
                    "platform": {
                        "id": 5,
                        "name": "Apple Macintosh",
                        "slug": "mac"
                    }
                }
            ],
            "genres": [
                {
                    "id": 2,
                    "name": "Shooter",
                    "slug": "shooter"
                },
                {
                    "id": 4,
                    "name": "Action",
                    "slug": "action"
                }
            ]
        },
        {
            "slug": "max-payne-2-the-fall-of-max-payne",
            "name": "Max Payne 2: The Fall of Max Payne",
            "playtime": 3,
            "platforms": [
                {
                    "platform": {
                        "id": 4,
                        "name": "PC",
                        "slug": "pc"
                    }
                },
                {
                    "platform": {
                        "id": 80,
                        "name": "Xbox",
                        "slug": "xbox-old"
                    }
                },
                {
                    "platform": {
                        "id": 15,
                        "name": "PlayStation 2",
                        "slug": "playstation2"
                    }
                }
            ],
            "stores": [
                {
                    "store": {
                        "id": 1,
                        "name": "Steam",
                        "slug": "steam"
                    }
                },
                {
                    "store": {
                        "id": 7,
                        "name": "Xbox 360 Store",
                        "slug": "xbox360"
                    }
                }
            ],
            "released": "2003-10-14",
            "tba": false,
            "background_image": "https://media.rawg.io/media/games/6fd/6fd971ffa72faa1758960d25ef6196bc.jpg",
            "rating": 4.43,
            "rating_top": 5,
            "ratings": [
                {
                    "id": 5,
                    "title": "exceptional",
                    "count": 897,
                    "percent": 56.84
                },
                {
                    "id": 4,
                    "title": "recommended",
                    "count": 567,
                    "percent": 35.93
                },
                {
                    "id": 3,
                    "title": "meh",
                    "count": 64,
                    "percent": 4.06
                },
                {
                    "id": 1,
                    "title": "skip",
                    "count": 50,
                    "percent": 3.17
                }
            ],
            "ratings_count": 1564,
            "reviews_text_count": 8,
            "added": 4764,
            "added_by_status": {
                "yet": 214,
                "owned": 2517,
                "beaten": 1715,
                "toplay": 172,
                "dropped": 125,
                "playing": 21
            },
            "metacritic": 80,
            "suggestions_count": 561,
            "updated": "2025-03-18T13:09:03",
            "id": 29153,
            "score": null,
            "clip": null,
            "tags": [
                {
                    "id": 114,
                    "name": "Physics",
                    "slug": "physics",
                    "language": "eng",
                    "games_count": 20367,
                    "image_background": "https://media.rawg.io/media/games/b34/b3419c2706f8f8dbe40d08e23642ad06.jpg"
                },
                {
                    "id": 406,
                    "name": "Story",
                    "slug": "story",
                    "language": "eng",
                    "games_count": 11490,
                    "image_background": "https://media.rawg.io/media/games/257/257c497aa4060f4a697ccbf5e99ec230.jpg"
                },
                {
                    "id": 209,
                    "name": "Drama",
                    "slug": "drama",
                    "language": "eng",
                    "games_count": 4981,
                    "image_background": "https://media.rawg.io/media/games/efd/efd6b2cb621c41a2b6580d8ac260b8ba.jpg"
                },
                {
                    "id": 51,
                    "name": "Destruction",
                    "slug": "destruction",
                    "language": "eng",
                    "games_count": 3770,
                    "image_background": "https://media.rawg.io/media/games/a44/a444a7628bdb49b24d06a7672f805814.jpg"
                },
                {
                    "id": 808,
                    "name": "character",
                    "slug": "character",
                    "language": "eng",
                    "games_count": 8870,
                    "image_background": "https://media.rawg.io/media/games/a8d/a8d08a70ce7a4f3263bedf5d764fc538.jpg"
                },
                {
                    "id": 217,
                    "name": "Romance",
                    "slug": "romance",
                    "language": "eng",
                    "games_count": 8885,
                    "image_background": "https://media.rawg.io/media/games/3b5/3b56220d6038b8b1ad66c4d05ef95215.jpg"
                },
                {
                    "id": 62348,
                    "name": "first person mod",
                    "slug": "first-person-mod",
                    "language": "eng",
                    "games_count": 14,
                    "image_background": "https://media.rawg.io/media/games/6fd/6fd971ffa72faa1758960d25ef6196bc.jpg"
                },
                {
                    "id": 2906,
                    "name": "police",
                    "slug": "police",
                    "language": "eng",
                    "games_count": 1841,
                    "image_background": "https://media.rawg.io/media/games/d2b/d2b33b26e0d61aca35d434c8a69e3711.jpg"
                },
                {
                    "id": 8234,
                    "name": "fall",
                    "slug": "fall",
                    "language": "eng",
                    "games_count": 3543,
                    "image_background": "https://media.rawg.io/media/games/5f4/5f44810c864fa054da5e0b84dc16267d.jpg"
                }
            ],
            "esrb_rating": {
                "id": 4,
                "name": "Mature",
                "slug": "mature",
                "name_en": "Mature",
                "name_ru": "С 17 лет"
            },
            "user_game": null,
            "reviews_count": 1578,
            "saturated_color": "0f0f0f",
            "dominant_color": "0f0f0f",
            "short_screenshots": [
                {
                    "id": -1,
                    "image": "https://media.rawg.io/media/games/6fd/6fd971ffa72faa1758960d25ef6196bc.jpg"
                },
                {
                    "id": 361049,
                    "image": "https://media.rawg.io/media/screenshots/69f/69f55950ca3dd483cff0e2c74726a520.jpg"
                },
                {
                    "id": 361050,
                    "image": "https://media.rawg.io/media/screenshots/3a1/3a1ffe1d81286a0fa40899e070a128b0.jpg"
                },
                {
                    "id": 361051,
                    "image": "https://media.rawg.io/media/screenshots/0f1/0f175d7cff768e1a20de8340d5aea4f6.jpg"
                },
                {
                    "id": 361052,
                    "image": "https://media.rawg.io/media/screenshots/8de/8de049517ca15e76b846b74349ab7c87.jpg"
                },
                {
                    "id": 361053,
                    "image": "https://media.rawg.io/media/screenshots/1ab/1abb5cbfcced18d50c29d134d57bf528.jpg"
                },
                {
                    "id": 361054,
                    "image": "https://media.rawg.io/media/screenshots/49c/49cd9d491706a7269fecb74d654369fa.jpg"
                }
            ],
            "parent_platforms": [
                {
                    "platform": {
                        "id": 1,
                        "name": "PC",
                        "slug": "pc"
                    }
                },
                {
                    "platform": {
                        "id": 2,
                        "name": "PlayStation",
                        "slug": "playstation"
                    }
                },
                {
                    "platform": {
                        "id": 3,
                        "name": "Xbox",
                        "slug": "xbox"
                    }
                }
            ],
            "genres": [
                {
                    "id": 2,
                    "name": "Shooter",
                    "slug": "shooter"
                },
                {
                    "id": 4,
                    "name": "Action",
                    "slug": "action"
                }
            ]
        },
        {
            "slug": "alan-wake-2",
            "name": "Alan Wake 2",
            "playtime": 0,
            "platforms": [
                {
                    "platform": {
                        "id": 4,
                        "name": "PC",
                        "slug": "pc"
                    }
                },
                {
                    "platform": {
                        "id": 187,
                        "name": "PlayStation 5",
                        "slug": "playstation5"
                    }
                },
                {
                    "platform": {
                        "id": 186,
                        "name": "Xbox Series S/X",
                        "slug": "xbox-series-x"
                    }
                }
            ],
            "stores": [
                {
                    "store": {
                        "id": 3,
                        "name": "PlayStation Store",
                        "slug": "playstation-store"
                    }
                },
                {
                    "store": {
                        "id": 11,
                        "name": "Epic Games",
                        "slug": "epic-games"
                    }
                }
            ],
            "released": "2023-10-27",
            "tba": false,
            "background_image": "https://media.rawg.io/media/games/5b9/5b963d7633cd640fa2dbc4069d1c6377.jpg",
            "rating": 4.41,
            "rating_top": 5,
            "ratings": [
                {
                    "id": 5,
                    "title": "exceptional",
                    "count": 225,
                    "percent": 65.03
                },
                {
                    "id": 4,
                    "title": "recommended",
                    "count": 75,
                    "percent": 21.68
                },
                {
                    "id": 3,
                    "title": "meh",
                    "count": 28,
                    "percent": 8.09
                },
                {
                    "id": 1,
                    "title": "skip",
                    "count": 18,
                    "percent": 5.2
                }
            ],
            "ratings_count": 331,
            "reviews_text_count": 10,
            "added": 1383,
            "added_by_status": {
                "yet": 180,
                "owned": 200,
                "beaten": 323,
                "toplay": 586,
                "dropped": 44,
                "playing": 50
            },
            "metacritic": null,
            "suggestions_count": 522,
            "updated": "2025-03-19T20:20:43",
            "id": 580972,
            "score": null,
            "clip": null,
            "tags": [],
            "esrb_rating": {
                "id": 4,
                "name": "Mature",
                "slug": "mature",
                "name_en": "Mature",
                "name_ru": "С 17 лет"
            },
            "user_game": null,
            "reviews_count": 346,
            "saturated_color": "0f0f0f",
            "dominant_color": "0f0f0f",
            "short_screenshots": [
                {
                    "id": -1,
                    "image": "https://media.rawg.io/media/games/5b9/5b963d7633cd640fa2dbc4069d1c6377.jpg"
                },
                {
                    "id": 3888339,
                    "image": "https://media.rawg.io/media/screenshots/6b8/6b8fe21f070edc4c9184062f9dc714e3.jpg"
                },
                {
                    "id": 3888340,
                    "image": "https://media.rawg.io/media/screenshots/cae/caefb537267fb10f3fe0413f16c733ed.jpg"
                },
                {
                    "id": 3888341,
                    "image": "https://media.rawg.io/media/screenshots/3e0/3e08d7746359b512714b510a1ee30163_WTYwMbp.jpg"
                },
                {
                    "id": 3888342,
                    "image": "https://media.rawg.io/media/screenshots/24c/24ce827e6ddae7317ced5e2d98e11d5e.jpg"
                },
                {
                    "id": 3888343,
                    "image": "https://media.rawg.io/media/screenshots/df2/df20dab4bfbfd611aa496116cca810bc.jpg"
                },
                {
                    "id": 3888344,
                    "image": "https://media.rawg.io/media/screenshots/1eb/1eb720bb7d9eea3f352fbf881666aaeb.jpg"
                }
            ],
            "parent_platforms": [
                {
                    "platform": {
                        "id": 1,
                        "name": "PC",
                        "slug": "pc"
                    }
                },
                {
                    "platform": {
                        "id": 2,
                        "name": "PlayStation",
                        "slug": "playstation"
                    }
                },
                {
                    "platform": {
                        "id": 3,
                        "name": "Xbox",
                        "slug": "xbox"
                    }
                }
            ],
            "genres": [
                {
                    "id": 4,
                    "name": "Action",
                    "slug": "action"
                }
            ]
        },
        {
            "slug": "max-payne-2-ru",
            "name": "Max Payne 2 (RU)",
            "playtime": 5,
            "platforms": [
                {
                    "platform": {
                        "id": 4,
                        "name": "PC",
                        "slug": "pc"
                    }
                }
            ],
            "stores": [
                {
                    "store": {
                        "id": 1,
                        "name": "Steam",
                        "slug": "steam"
                    }
                }
            ],
            "released": "2008-01-04",
            "tba": false,
            "background_image": "https://media.rawg.io/media/games/1c2/1c2f28f822cae8cd2d39e994f2683edd.jpg",
            "rating": 4.33,
            "rating_top": 5,
            "ratings": [
                {
                    "id": 5,
                    "title": "exceptional",
                    "count": 15,
                    "percent": 55.56
                },
                {
                    "id": 4,
                    "title": "recommended",
                    "count": 10,
                    "percent": 37.04
                },
                {
                    "id": 1,
                    "title": "skip",
                    "count": 2,
                    "percent": 7.41
                }
            ],
            "ratings_count": 27,
            "reviews_text_count": 0,
            "added": 396,
            "added_by_status": {
                "yet": 4,
                "owned": 354,
                "beaten": 30,
                "toplay": 6,
                "dropped": 2
            },
            "metacritic": null,
            "suggestions_count": 262,
            "updated": "2025-01-08T20:15:21",
            "id": 796094,
            "score": null,
            "clip": null,
            "tags": [],
            "esrb_rating": null,
            "user_game": null,
            "reviews_count": 27,
            "saturated_color": "0f0f0f",
            "dominant_color": "0f0f0f",
            "short_screenshots": [
                {
                    "id": -1,
                    "image": "https://media.rawg.io/media/games/1c2/1c2f28f822cae8cd2d39e994f2683edd.jpg"
                },
                {
                    "id": 3404028,
                    "image": "https://media.rawg.io/media/screenshots/a1a/a1a1d66c34e1ed12881d10da223cd764.jpg"
                },
                {
                    "id": 3404030,
                    "image": "https://media.rawg.io/media/screenshots/027/027e2dc0c16d0f37e1bd1367a6d3ce89.jpg"
                },
                {
                    "id": 3404031,
                    "image": "https://media.rawg.io/media/screenshots/bb4/bb4c7765300db3425ae2078ef2837899.jpg"
                },
                {
                    "id": 3404033,
                    "image": "https://media.rawg.io/media/screenshots/bf0/bf0e98dccfff1cf62f5c866f867530df.jpg"
                }
            ],
            "parent_platforms": [
                {
                    "platform": {
                        "id": 1,
                        "name": "PC",
                        "slug": "pc"
                    }
                }
            ],
            "genres": [
                {
                    "id": 4,
                    "name": "Action",
                    "slug": "action"
                }
            ]
        },
        {
            "slug": "control-ultimate-edition",
            "name": "Control Ultimate Edition",
            "playtime": 2,
            "platforms": [
                {
                    "platform": {
                        "id": 4,
                        "name": "PC",
                        "slug": "pc"
                    }
                },
                {
                    "platform": {
                        "id": 187,
                        "name": "PlayStation 5",
                        "slug": "playstation5"
                    }
                },
                {
                    "platform": {
                        "id": 1,
                        "name": "Xbox One",
                        "slug": "xbox-one"
                    }
                },
                {
                    "platform": {
                        "id": 18,
                        "name": "PlayStation 4",
                        "slug": "playstation4"
                    }
                },
                {
                    "platform": {
                        "id": 186,
                        "name": "Xbox Series S/X",
                        "slug": "xbox-series-x"
                    }
                }
            ],
            "stores": [
                {
                    "store": {
                        "id": 1,
                        "name": "Steam",
                        "slug": "steam"
                    }
                },
                {
                    "store": {
                        "id": 2,
                        "name": "Xbox Store",
                        "slug": "xbox-store"
                    }
                },
                {
                    "store": {
                        "id": 5,
                        "name": "GOG",
                        "slug": "gog"
                    }
                },
                {
                    "store": {
                        "id": 11,
                        "name": "Epic Games",
                        "slug": "epic-games"
                    }
                }
            ],
            "released": "2020-08-27",
            "tba": false,
            "background_image": "https://media.rawg.io/media/games/a74/a7462cb98ad1ed06f646afd0a5a1454d.jpg",
            "rating": 4.31,
            "rating_top": 5,
            "ratings": [
                {
                    "id": 5,
                    "title": "exceptional",
                    "count": 182,
                    "percent": 53.53
                },
                {
                    "id": 4,
                    "title": "recommended",
                    "count": 115,
                    "percent": 33.82
                },
                {
                    "id": 3,
                    "title": "meh",
                    "count": 27,
                    "percent": 7.94
                },
                {
                    "id": 1,
                    "title": "skip",
                    "count": 16,
                    "percent": 4.71
                }
            ],
            "ratings_count": 332,
            "reviews_text_count": 3,
            "added": 1675,
            "added_by_status": {
                "yet": 179,
                "owned": 943,
                "beaten": 329,
                "toplay": 118,
                "dropped": 70,
                "playing": 36
            },
            "metacritic": 82,
            "suggestions_count": 527,
            "updated": "2025-03-04T05:05:36",
            "id": 479695,
            "score": null,
            "clip": null,
            "tags": [
                {
                    "id": 31,
                    "name": "Singleplayer",
                    "slug": "singleplayer",
                    "language": "eng",
                    "games_count": 236808,
                    "image_background": "https://media.rawg.io/media/games/4be/4be6a6ad0364751a96229c56bf69be59.jpg"
                },
                {
                    "id": 40847,
                    "name": "Steam Achievements",
                    "slug": "steam-achievements",
                    "language": "eng",
                    "games_count": 44261,
                    "image_background": "https://media.rawg.io/media/games/b8c/b8c243eaa0fbac8115e0cdccac3f91dc.jpg"
                },
                {
                    "id": 40836,
                    "name": "Full controller support",
                    "slug": "full-controller-support",
                    "language": "eng",
                    "games_count": 20885,
                    "image_background": "https://media.rawg.io/media/games/562/562553814dd54e001a541e4ee83a591c.jpg"
                },
                {
                    "id": 40849,
                    "name": "Steam Cloud",
                    "slug": "steam-cloud",
                    "language": "eng",
                    "games_count": 21355,
                    "image_background": "https://media.rawg.io/media/games/be0/be01c3d7d8795a45615da139322ca080.jpg"
                },
                {
                    "id": 13,
                    "name": "Atmospheric",
                    "slug": "atmospheric",
                    "language": "eng",
                    "games_count": 36334,
                    "image_background": "https://media.rawg.io/media/games/b45/b45575f34285f2c4479c9a5f719d972e.jpg"
                },
                {
                    "id": 149,
                    "name": "Third Person",
                    "slug": "third-person",
                    "language": "eng",
                    "games_count": 13058,
                    "image_background": "https://media.rawg.io/media/games/6cd/6cd653e0aaef5ff8bbd295bf4bcb12eb.jpg"
                },
                {
                    "id": 32,
                    "name": "Sci-fi",
                    "slug": "sci-fi",
                    "language": "eng",
                    "games_count": 20582,
                    "image_background": "https://media.rawg.io/media/games/587/587588c64afbff80e6f444eb2e46f9da.jpg"
                },
                {
                    "id": 189,
                    "name": "Female Protagonist",
                    "slug": "female-protagonist",
                    "language": "eng",
                    "games_count": 13922,
                    "image_background": "https://media.rawg.io/media/games/bce/bce62fbc7cf74bf6a1a37340993ec148.jpg"
                },
                {
                    "id": 69,
                    "name": "Action-Adventure",
                    "slug": "action-adventure",
                    "language": "eng",
                    "games_count": 18751,
                    "image_background": "https://media.rawg.io/media/games/c50/c5085506fe4b5e20fc7aa5ace842c20b.jpg"
                },
                {
                    "id": 40937,
                    "name": "Steam Trading Cards",
                    "slug": "steam-trading-cards-2",
                    "language": "eng",
                    "games_count": 736,
                    "image_background": "https://media.rawg.io/media/games/473/473bd9a5e9522629d6cb28b701fb836a.jpg"
                },
                {
                    "id": 46,
                    "name": "Surreal",
                    "slug": "surreal",
                    "language": "eng",
                    "games_count": 5950,
                    "image_background": "https://media.rawg.io/media/games/177/1775aacedb915b0e0880476530dc87b4.jpg"
                },
                {
                    "id": 279,
                    "name": "Supernatural",
                    "slug": "supernatural",
                    "language": "eng",
                    "games_count": 2656,
                    "image_background": "https://media.rawg.io/media/games/ceb/ceb68aef14fbe54f0610acd8de480f64.jpg"
                }
            ],
            "esrb_rating": {
                "id": 4,
                "name": "Mature",
                "slug": "mature",
                "name_en": "Mature",
                "name_ru": "С 17 лет"
            },
            "user_game": null,
            "reviews_count": 340,
            "saturated_color": "0f0f0f",
            "dominant_color": "0f0f0f",
            "short_screenshots": [
                {
                    "id": -1,
                    "image": "https://media.rawg.io/media/games/a74/a7462cb98ad1ed06f646afd0a5a1454d.jpg"
                },
                {
                    "id": 2479190,
                    "image": "https://media.rawg.io/media/screenshots/be4/be4165195a3f5e2ab5f84f52159bd691.jpg"
                },
                {
                    "id": 2479191,
                    "image": "https://media.rawg.io/media/screenshots/bc4/bc4ec1d3f113aeaacb6dac8e168f6231.jpg"
                },
                {
                    "id": 2479192,
                    "image": "https://media.rawg.io/media/screenshots/a11/a112ac212337430831b01b3baa92e596.jpg"
                },
                {
                    "id": 2479193,
                    "image": "https://media.rawg.io/media/screenshots/3e4/3e4a5bc5be161d233eb474908f2bf129.jpg"
                },
                {
                    "id": 2479194,
                    "image": "https://media.rawg.io/media/screenshots/0d0/0d08fced47c30507934d6b3564e73269.jpg"
                },
                {
                    "id": 2479195,
                    "image": "https://media.rawg.io/media/screenshots/1a8/1a8defad40cf94dd7794f3013e596c64.jpg"
                }
            ],
            "parent_platforms": [
                {
                    "platform": {
                        "id": 1,
                        "name": "PC",
                        "slug": "pc"
                    }
                },
                {
                    "platform": {
                        "id": 2,
                        "name": "PlayStation",
                        "slug": "playstation"
                    }
                },
                {
                    "platform": {
                        "id": 3,
                        "name": "Xbox",
                        "slug": "xbox"
                    }
                }
            ],
            "genres": [
                {
                    "id": 2,
                    "name": "Shooter",
                    "slug": "shooter"
                },
                {
                    "id": 3,
                    "name": "Adventure",
                    "slug": "adventure"
                },
                {
                    "id": 4,
                    "name": "Action",
                    "slug": "action"
                }
            ]
        },
        {
            "slug": "control",
            "name": "Control",
            "playtime": 6,
            "platforms": [
                {
                    "platform": {
                        "id": 4,
                        "name": "PC",
                        "slug": "pc"
                    }
                },
                {
                    "platform": {
                        "id": 187,
                        "name": "PlayStation 5",
                        "slug": "playstation5"
                    }
                },
                {
                    "platform": {
                        "id": 1,
                        "name": "Xbox One",
                        "slug": "xbox-one"
                    }
                },
                {
                    "platform": {
                        "id": 18,
                        "name": "PlayStation 4",
                        "slug": "playstation4"
                    }
                },
                {
                    "platform": {
                        "id": 186,
                        "name": "Xbox Series S/X",
                        "slug": "xbox-series-x"
                    }
                }
            ],
            "stores": [
                {
                    "store": {
                        "id": 1,
                        "name": "Steam",
                        "slug": "steam"
                    }
                },
                {
                    "store": {
                        "id": 3,
                        "name": "PlayStation Store",
                        "slug": "playstation-store"
                    }
                },
                {
                    "store": {
                        "id": 2,
                        "name": "Xbox Store",
                        "slug": "xbox-store"
                    }
                },
                {
                    "store": {
                        "id": 5,
                        "name": "GOG",
                        "slug": "gog"
                    }
                },
                {
                    "store": {
                        "id": 11,
                        "name": "Epic Games",
                        "slug": "epic-games"
                    }
                }
            ],
            "released": "2019-08-27",
            "tba": false,
            "background_image": "https://media.rawg.io/media/games/253/2534a46f3da7fa7c315f1387515ca393.jpg",
            "rating": 4.15,
            "rating_top": 4,
            "ratings": [
                {
                    "id": 4,
                    "title": "recommended",
                    "count": 897,
                    "percent": 44.69
                },
                {
                    "id": 5,
                    "title": "exceptional",
                    "count": 770,
                    "percent": 38.37
                },
                {
                    "id": 3,
                    "title": "meh",
                    "count": 277,
                    "percent": 13.8
                },
                {
                    "id": 1,
                    "title": "skip",
                    "count": 63,
                    "percent": 3.14
                }
            ],
            "ratings_count": 1960,
            "reviews_text_count": 30,
            "added": 9490,
            "added_by_status": {
                "yet": 712,
                "owned": 5374,
                "beaten": 1648,
                "toplay": 953,
                "dropped": 525,
                "playing": 278
            },
            "metacritic": 84,
            "suggestions_count": 396,
            "updated": "2025-03-18T16:51:51",
            "id": 58812,
            "score": null,
            "clip": null,
            "tags": [
                {
                    "id": 31,
                    "name": "Singleplayer",
                    "slug": "singleplayer",
                    "language": "eng",
                    "games_count": 236808,
                    "image_background": "https://media.rawg.io/media/games/4be/4be6a6ad0364751a96229c56bf69be59.jpg"
                },
                {
                    "id": 42396,
                    "name": "Для одного игрока",
                    "slug": "dlia-odnogo-igroka",
                    "language": "rus",
                    "games_count": 59339,
                    "image_background": "https://media.rawg.io/media/games/49c/49c3dfa4ce2f6f140cc4825868e858cb.jpg"
                },
                {
                    "id": 42417,
                    "name": "Экшен",
                    "slug": "ekshen",
                    "language": "rus",
                    "games_count": 45143,
                    "image_background": "https://media.rawg.io/media/games/b45/b45575f34285f2c4479c9a5f719d972e.jpg"
                },
                {
                    "id": 42392,
                    "name": "Приключение",
                    "slug": "prikliuchenie",
                    "language": "rus",
                    "games_count": 43383,
                    "image_background": "https://media.rawg.io/media/games/d82/d82990b9c67ba0d2d09d4e6fa88885a7.jpg"
                },
                {
                    "id": 40836,
                    "name": "Full controller support",
                    "slug": "full-controller-support",
                    "language": "eng",
                    "games_count": 20885,
                    "image_background": "https://media.rawg.io/media/games/562/562553814dd54e001a541e4ee83a591c.jpg"
                },
                {
                    "id": 13,
                    "name": "Atmospheric",
                    "slug": "atmospheric",
                    "language": "eng",
                    "games_count": 36334,
                    "image_background": "https://media.rawg.io/media/games/b45/b45575f34285f2c4479c9a5f719d972e.jpg"
                },
                {
                    "id": 42400,
                    "name": "Атмосфера",
                    "slug": "atmosfera",
                    "language": "rus",
                    "games_count": 6083,
                    "image_background": "https://media.rawg.io/media/games/7fa/7fa0b586293c5861ee32490e953a4996.jpg"
                },
                {
                    "id": 42441,
                    "name": "От третьего лица",
                    "slug": "ot-tretego-litsa",
                    "language": "rus",
                    "games_count": 8583,
                    "image_background": "https://media.rawg.io/media/games/8a0/8a02f84a5916ede2f923b88d5f8217ba.jpg"
                },
                {
                    "id": 149,
                    "name": "Third Person",
                    "slug": "third-person",
                    "language": "eng",
                    "games_count": 13058,
                    "image_background": "https://media.rawg.io/media/games/6cd/6cd653e0aaef5ff8bbd295bf4bcb12eb.jpg"
                },
                {
                    "id": 42423,
                    "name": "Научная фантастика",
                    "slug": "nauchnaia-fantastika",
                    "language": "rus",
                    "games_count": 9486,
                    "image_background": "https://media.rawg.io/media/games/587/587588c64afbff80e6f444eb2e46f9da.jpg"
                },
                {
                    "id": 32,
                    "name": "Sci-fi",
                    "slug": "sci-fi",
                    "language": "eng",
                    "games_count": 20582,
                    "image_background": "https://media.rawg.io/media/games/587/587588c64afbff80e6f444eb2e46f9da.jpg"
                },
                {
                    "id": 6,
                    "name": "Exploration",
                    "slug": "exploration",
                    "language": "eng",
                    "games_count": 26004,
                    "image_background": "https://media.rawg.io/media/games/737/737ea5662211d2e0bbd6f5989189e4f1.jpg"
                },
                {
                    "id": 189,
                    "name": "Female Protagonist",
                    "slug": "female-protagonist",
                    "language": "eng",
                    "games_count": 13922,
                    "image_background": "https://media.rawg.io/media/games/bce/bce62fbc7cf74bf6a1a37340993ec148.jpg"
                },
                {
                    "id": 42404,
                    "name": "Женщина-протагонист",
                    "slug": "zhenshchina-protagonist",
                    "language": "rus",
                    "games_count": 2413,
                    "image_background": "https://media.rawg.io/media/games/651/651ae84f2d5e36206aad90976a453329.jpg"
                },
                {
                    "id": 69,
                    "name": "Action-Adventure",
                    "slug": "action-adventure",
                    "language": "eng",
                    "games_count": 18751,
                    "image_background": "https://media.rawg.io/media/games/c50/c5085506fe4b5e20fc7aa5ace842c20b.jpg"
                },
                {
                    "id": 42446,
                    "name": "Шутер от третьего лица",
                    "slug": "shuter-ot-tretego-litsa",
                    "language": "rus",
                    "games_count": 2413,
                    "image_background": "https://media.rawg.io/media/games/7ac/7aca7ccf0e70cd0974cb899ab9e5158e.jpg"
                },
                {
                    "id": 110,
                    "name": "Cinematic",
                    "slug": "cinematic",
                    "language": "eng",
                    "games_count": 2758,
                    "image_background": "https://media.rawg.io/media/games/0af/0af85e8edddfa55368e47c539914a220.jpg"
                },
                {
                    "id": 259,
                    "name": "Metroidvania",
                    "slug": "metroidvania",
                    "language": "eng",
                    "games_count": 4509,
                    "image_background": "https://media.rawg.io/media/games/8d4/8d46786ca86b1d95f3dc7e700e2dc4dd.jpg"
                },
                {
                    "id": 478,
                    "name": "3rd-Person Perspective",
                    "slug": "3rd-person-perspective",
                    "language": "eng",
                    "games_count": 87,
                    "image_background": "https://media.rawg.io/media/games/21c/21cc15d233117c6809ec86870559e105.jpg"
                },
                {
                    "id": 142,
                    "name": "Detective",
                    "slug": "detective",
                    "language": "eng",
                    "games_count": 3660,
                    "image_background": "https://media.rawg.io/media/games/310/3106b0e012271c5ffb16497b070be739.jpg"
                },
                {
                    "id": 279,
                    "name": "Supernatural",
                    "slug": "supernatural",
                    "language": "eng",
                    "games_count": 2656,
                    "image_background": "https://media.rawg.io/media/games/ceb/ceb68aef14fbe54f0610acd8de480f64.jpg"
                },
                {
                    "id": 42686,
                    "name": "Сверхъестественное",
                    "slug": "sverkhestestvennoe",
                    "language": "rus",
                    "games_count": 1820,
                    "image_background": "https://media.rawg.io/media/games/ceb/ceb68aef14fbe54f0610acd8de480f64.jpg"
                },
                {
                    "id": 84,
                    "name": "Abstract",
                    "slug": "abstract",
                    "language": "eng",
                    "games_count": 7026,
                    "image_background": "https://media.rawg.io/media/screenshots/982/9822844947262f94178da4139ef8a9a3.jpg"
                },
                {
                    "id": 788,
                    "name": "realism",
                    "slug": "realism",
                    "language": "eng",
                    "games_count": 20,
                    "image_background": "https://media.rawg.io/media/screenshots/015/015d4f8159967cbe6b64558b59f1d09d.jpg"
                },
                {
                    "id": 2468,
                    "name": "paranormal",
                    "slug": "paranormal",
                    "language": "eng",
                    "games_count": 50,
                    "image_background": "https://media.rawg.io/media/screenshots/5f1/5f1772abb0d0048e243a399275a189e6.jpg"
                }
            ],
            "esrb_rating": {
                "id": 4,
                "name": "Mature",
                "slug": "mature",
                "name_en": "Mature",
                "name_ru": "С 17 лет"
            },
            "user_game": null,
            "reviews_count": 2007,
            "saturated_color": "0f0f0f",
            "dominant_color": "0f0f0f",
            "short_screenshots": [
                {
                    "id": -1,
                    "image": "https://media.rawg.io/media/games/253/2534a46f3da7fa7c315f1387515ca393.jpg"
                },
                {
                    "id": 779221,
                    "image": "https://media.rawg.io/media/screenshots/5b2/5b2548a1b1a0ac9fa6469cb8526657e4.jpg"
                },
                {
                    "id": 779316,
                    "image": "https://media.rawg.io/media/screenshots/ec7/ec7724c8ff1c309499b2d356f8763156.jpg"
                },
                {
                    "id": 779317,
                    "image": "https://media.rawg.io/media/screenshots/219/21934e4ab7d99134fc0564b7bbf10ab2.jpg"
                },
                {
                    "id": 779318,
                    "image": "https://media.rawg.io/media/screenshots/151/151ce2dd8a8d7c1bd6e4a7a8862f3097.jpg"
                },
                {
                    "id": 779319,
                    "image": "https://media.rawg.io/media/screenshots/9f4/9f4d8c704ea7711f17d3a5b6a9d94483.jpg"
                },
                {
                    "id": 1785139,
                    "image": "https://media.rawg.io/media/screenshots/4e9/4e97e38a479472b0c7dd7a738d7e34ce.jpg"
                }
            ],
            "parent_platforms": [
                {
                    "platform": {
                        "id": 1,
                        "name": "PC",
                        "slug": "pc"
                    }
                },
                {
                    "platform": {
                        "id": 2,
                        "name": "PlayStation",
                        "slug": "playstation"
                    }
                },
                {
                    "platform": {
                        "id": 3,
                        "name": "Xbox",
                        "slug": "xbox"
                    }
                }
            ],
            "genres": [
                {
                    "id": 2,
                    "name": "Shooter",
                    "slug": "shooter"
                },
                {
                    "id": 3,
                    "name": "Adventure",
                    "slug": "adventure"
                },
                {
                    "id": 4,
                    "name": "Action",
                    "slug": "action"
                }
            ]
        },
        {
            "slug": "alan-wake",
            "name": "Alan Wake",
            "playtime": 5,
            "platforms": [
                {
                    "platform": {
                        "id": 4,
                        "name": "PC",
                        "slug": "pc"
                    }
                },
                {
                    "platform": {
                        "id": 1,
                        "name": "Xbox One",
                        "slug": "xbox-one"
                    }
                },
                {
                    "platform": {
                        "id": 14,
                        "name": "Xbox 360",
                        "slug": "xbox360"
                    }
                }
            ],
            "stores": [
                {
                    "store": {
                        "id": 1,
                        "name": "Steam",
                        "slug": "steam"
                    }
                },
                {
                    "store": {
                        "id": 2,
                        "name": "Xbox Store",
                        "slug": "xbox-store"
                    }
                },
                {
                    "store": {
                        "id": 5,
                        "name": "GOG",
                        "slug": "gog"
                    }
                },
                {
                    "store": {
                        "id": 7,
                        "name": "Xbox 360 Store",
                        "slug": "xbox360"
                    }
                },
                {
                    "store": {
                        "id": 11,
                        "name": "Epic Games",
                        "slug": "epic-games"
                    }
                }
            ],
            "released": "2010-05-14",
            "tba": false,
            "background_image": "https://media.rawg.io/media/games/5c0/5c0dd63002cb23f804aab327d40ef119.jpg",
            "rating": 4.1,
            "rating_top": 4,
            "ratings": [
                {
                    "id": 4,
                    "title": "recommended",
                    "count": 1121,
                    "percent": 49.98
                },
                {
                    "id": 5,
                    "title": "exceptional",
                    "count": 758,
                    "percent": 33.79
                },
                {
                    "id": 3,
                    "title": "meh",
                    "count": 274,
                    "percent": 12.22
                },
                {
                    "id": 1,
                    "title": "skip",
                    "count": 90,
                    "percent": 4.01
                }
            ],
            "ratings_count": 2225,
            "reviews_text_count": 8,
            "added": 10336,
            "added_by_status": {
                "yet": 593,
                "owned": 6747,
                "beaten": 2064,
                "toplay": 313,
                "dropped": 523,
                "playing": 96
            },
            "metacritic": 83,
            "suggestions_count": 532,
            "updated": "2025-03-18T16:27:00",
            "id": 19487,
            "score": null,
            "clip": null,
            "tags": [
                {
                    "id": 31,
                    "name": "Singleplayer",
                    "slug": "singleplayer",
                    "language": "eng",
                    "games_count": 236808,
                    "image_background": "https://media.rawg.io/media/games/4be/4be6a6ad0364751a96229c56bf69be59.jpg"
                },
                {
                    "id": 42396,
                    "name": "Для одного игрока",
                    "slug": "dlia-odnogo-igroka",
                    "language": "rus",
                    "games_count": 59339,
                    "image_background": "https://media.rawg.io/media/games/49c/49c3dfa4ce2f6f140cc4825868e858cb.jpg"
                },
                {
                    "id": 42417,
                    "name": "Экшен",
                    "slug": "ekshen",
                    "language": "rus",
                    "games_count": 45143,
                    "image_background": "https://media.rawg.io/media/games/b45/b45575f34285f2c4479c9a5f719d972e.jpg"
                },
                {
                    "id": 42392,
                    "name": "Приключение",
                    "slug": "prikliuchenie",
                    "language": "rus",
                    "games_count": 43383,
                    "image_background": "https://media.rawg.io/media/games/d82/d82990b9c67ba0d2d09d4e6fa88885a7.jpg"
                },
                {
                    "id": 40847,
                    "name": "Steam Achievements",
                    "slug": "steam-achievements",
                    "language": "eng",
                    "games_count": 44261,
                    "image_background": "https://media.rawg.io/media/games/b8c/b8c243eaa0fbac8115e0cdccac3f91dc.jpg"
                },
                {
                    "id": 40836,
                    "name": "Full controller support",
                    "slug": "full-controller-support",
                    "language": "eng",
                    "games_count": 20885,
                    "image_background": "https://media.rawg.io/media/games/562/562553814dd54e001a541e4ee83a591c.jpg"
                },
                {
                    "id": 40849,
                    "name": "Steam Cloud",
                    "slug": "steam-cloud",
                    "language": "eng",
                    "games_count": 21355,
                    "image_background": "https://media.rawg.io/media/games/be0/be01c3d7d8795a45615da139322ca080.jpg"
                },
                {
                    "id": 13,
                    "name": "Atmospheric",
                    "slug": "atmospheric",
                    "language": "eng",
                    "games_count": 36334,
                    "image_background": "https://media.rawg.io/media/games/b45/b45575f34285f2c4479c9a5f719d972e.jpg"
                },
                {
                    "id": 42400,
                    "name": "Атмосфера",
                    "slug": "atmosfera",
                    "language": "rus",
                    "games_count": 6083,
                    "image_background": "https://media.rawg.io/media/games/7fa/7fa0b586293c5861ee32490e953a4996.jpg"
                },
                {
                    "id": 7808,
                    "name": "steam-trading-cards",
                    "slug": "steam-trading-cards",
                    "language": "eng",
                    "games_count": 7568,
                    "image_background": "https://media.rawg.io/media/games/d58/d588947d4286e7b5e0e12e1bea7d9844.jpg"
                },
                {
                    "id": 42401,
                    "name": "Отличный саундтрек",
                    "slug": "otlichnyi-saundtrek",
                    "language": "rus",
                    "games_count": 4645,
                    "image_background": "https://media.rawg.io/media/games/7cf/7cfc9220b401b7a300e409e539c9afd5.jpg"
                },
                {
                    "id": 42,
                    "name": "Great Soundtrack",
                    "slug": "great-soundtrack",
                    "language": "eng",
                    "games_count": 3421,
                    "image_background": "https://media.rawg.io/media/games/26d/26d4437715bee60138dab4a7c8c59c92.jpg"
                },
                {
                    "id": 42394,
                    "name": "Глубокий сюжет",
                    "slug": "glubokii-siuzhet",
                    "language": "rus",
                    "games_count": 15181,
                    "image_background": "https://media.rawg.io/media/games/b8c/b8c243eaa0fbac8115e0cdccac3f91dc.jpg"
                },
                {
                    "id": 118,
                    "name": "Story Rich",
                    "slug": "story-rich",
                    "language": "eng",
                    "games_count": 24317,
                    "image_background": "https://media.rawg.io/media/games/be0/be01c3d7d8795a45615da139322ca080.jpg"
                },
                {
                    "id": 36,
                    "name": "Open World",
                    "slug": "open-world",
                    "language": "eng",
                    "games_count": 8394,
                    "image_background": "https://media.rawg.io/media/games/00d/00d374f12a3ab5f96c500a2cfa901e15.jpg"
                },
                {
                    "id": 42428,
                    "name": "Шутер",
                    "slug": "shuter",
                    "language": "rus",
                    "games_count": 10481,
                    "image_background": "https://media.rawg.io/media/games/4a0/4a0a1316102366260e6f38fd2a9cfdce.jpg"
                },
                {
                    "id": 42435,
                    "name": "Шедевр",
                    "slug": "shedevr",
                    "language": "rus",
                    "games_count": 1059,
                    "image_background": "https://media.rawg.io/media/games/7cf/7cfc9220b401b7a300e409e539c9afd5.jpg"
                },
                {
                    "id": 42441,
                    "name": "От третьего лица",
                    "slug": "ot-tretego-litsa",
                    "language": "rus",
                    "games_count": 8583,
                    "image_background": "https://media.rawg.io/media/games/8a0/8a02f84a5916ede2f923b88d5f8217ba.jpg"
                },
                {
                    "id": 149,
                    "name": "Third Person",
                    "slug": "third-person",
                    "language": "eng",
                    "games_count": 13058,
                    "image_background": "https://media.rawg.io/media/games/6cd/6cd653e0aaef5ff8bbd295bf4bcb12eb.jpg"
                },
                {
                    "id": 16,
                    "name": "Horror",
                    "slug": "horror",
                    "language": "eng",
                    "games_count": 46748,
                    "image_background": "https://media.rawg.io/media/games/4fb/4fb548e4816c84d1d70f1a228fb167cc.jpg"
                },
                {
                    "id": 1,
                    "name": "Survival",
                    "slug": "survival",
                    "language": "eng",
                    "games_count": 9760,
                    "image_background": "https://media.rawg.io/media/games/d82/d82990b9c67ba0d2d09d4e6fa88885a7.jpg"
                },
                {
                    "id": 42446,
                    "name": "Шутер от третьего лица",
                    "slug": "shuter-ot-tretego-litsa",
                    "language": "rus",
                    "games_count": 2413,
                    "image_background": "https://media.rawg.io/media/games/7ac/7aca7ccf0e70cd0974cb899ab9e5158e.jpg"
                },
                {
                    "id": 150,
                    "name": "Third-Person Shooter",
                    "slug": "third-person-shooter",
                    "language": "eng",
                    "games_count": 3804,
                    "image_background": "https://media.rawg.io/media/games/d46/d46373f39458670305704ef089387520.jpg"
                },
                {
                    "id": 42477,
                    "name": "Мрачная",
                    "slug": "mrachnaia",
                    "language": "rus",
                    "games_count": 6666,
                    "image_background": "https://media.rawg.io/media/games/d9f/d9f982e042df6263684ba1fdea3efc1c.jpg"
                },
                {
                    "id": 41,
                    "name": "Dark",
                    "slug": "dark",
                    "language": "eng",
                    "games_count": 17196,
                    "image_background": "https://media.rawg.io/media/games/d9f/d9f982e042df6263684ba1fdea3efc1c.jpg"
                },
                {
                    "id": 42471,
                    "name": "Хоррор на выживание",
                    "slug": "khorror-na-vyzhivanie",
                    "language": "rus",
                    "games_count": 3813,
                    "image_background": "https://media.rawg.io/media/games/739/73990e3ec9f43a9e8ecafe207fa4f368.jpg"
                },
                {
                    "id": 17,
                    "name": "Survival Horror",
                    "slug": "survival-horror",
                    "language": "eng",
                    "games_count": 9174,
                    "image_background": "https://media.rawg.io/media/games/1be/1be575aa6de86de328433a63fb534d9a.jpg"
                },
                {
                    "id": 42556,
                    "name": "Тайна",
                    "slug": "taina",
                    "language": "rus",
                    "games_count": 6801,
                    "image_background": "https://media.rawg.io/media/games/b28/b28a135fa6133e17b228f46902a4fda4.jpg"
                },
                {
                    "id": 336,
                    "name": "controller support",
                    "slug": "controller-support",
                    "language": "eng",
                    "games_count": 293,
                    "image_background": "https://media.rawg.io/media/games/0b3/0b34647c42271600399b93d19b10f1aa.jpg"
                },
                {
                    "id": 117,
                    "name": "Mystery",
                    "slug": "mystery",
                    "language": "eng",
                    "games_count": 14928,
                    "image_background": "https://media.rawg.io/media/games/54a/54a3e4c617217848dc43c4de9989fe37.jpg"
                },
                {
                    "id": 110,
                    "name": "Cinematic",
                    "slug": "cinematic",
                    "language": "eng",
                    "games_count": 2758,
                    "image_background": "https://media.rawg.io/media/games/0af/0af85e8edddfa55368e47c539914a220.jpg"
                },
                {
                    "id": 42623,
                    "name": "Кинематографичная",
                    "slug": "kinematografichnaia",
                    "language": "rus",
                    "games_count": 2665,
                    "image_background": "https://media.rawg.io/media/games/de6/de66bc4c72b45c3bb906c85d0628112d.jpg"
                },
                {
                    "id": 42445,
                    "name": "Сериал",
                    "slug": "serial-2",
                    "language": "rus",
                    "games_count": 223,
                    "image_background": "https://media.rawg.io/media/games/8d6/8d69eb6c32ed6acfd75f82d532144993.jpg"
                },
                {
                    "id": 232,
                    "name": "Episodic",
                    "slug": "episodic",
                    "language": "eng",
                    "games_count": 495,
                    "image_background": "https://media.rawg.io/media/games/6c1/6c1eecf30e3c34e79bbf86698b1e6515.jpg"
                },
                {
                    "id": 200,
                    "name": "Narration",
                    "slug": "narration",
                    "language": "eng",
                    "games_count": 2519,
                    "image_background": "https://media.rawg.io/media/games/686/686909717c3aa01518bc42ae2bf4259e.jpg"
                },
                {
                    "id": 42627,
                    "name": "Повествование",
                    "slug": "povestvovanie",
                    "language": "rus",
                    "games_count": 677,
                    "image_background": "https://media.rawg.io/media/games/cbd/cbdaa32349be63a57099669be29dc7ca.jpg"
                },
                {
                    "id": 279,
                    "name": "Supernatural",
                    "slug": "supernatural",
                    "language": "eng",
                    "games_count": 2656,
                    "image_background": "https://media.rawg.io/media/games/ceb/ceb68aef14fbe54f0610acd8de480f64.jpg"
                },
                {
                    "id": 42686,
                    "name": "Сверхъестественное",
                    "slug": "sverkhestestvennoe",
                    "language": "rus",
                    "games_count": 1820,
                    "image_background": "https://media.rawg.io/media/games/ceb/ceb68aef14fbe54f0610acd8de480f64.jpg"
                },
                {
                    "id": 42513,
                    "name": "Триллер",
                    "slug": "triller",
                    "language": "rus",
                    "games_count": 2098,
                    "image_background": "https://media.rawg.io/media/games/238/238df3e0dd805f3b0bef671909d22de8.jpg"
                },
                {
                    "id": 183,
                    "name": "Thriller",
                    "slug": "thriller",
                    "language": "eng",
                    "games_count": 3119,
                    "image_background": "https://media.rawg.io/media/games/5c0/5c0dd63002cb23f804aab327d40ef119.jpg"
                },
                {
                    "id": 36002,
                    "name": "psycholoical-horror",
                    "slug": "psycholoical-horror",
                    "language": "eng",
                    "games_count": 4,
                    "image_background": "https://media.rawg.io/media/screenshots/164/1644bbceeced24e8e8d90f9d8739c358.jpg"
                },
                {
                    "id": 7629,
                    "name": "enviroment",
                    "slug": "enviroment",
                    "language": "eng",
                    "games_count": 16,
                    "image_background": "https://media.rawg.io/media/screenshots/363/363eac26816e5f26a574415efebbd582.jpg"
                }
            ],
            "esrb_rating": {
                "id": 3,
                "name": "Teen",
                "slug": "teen",
                "name_en": "Teen",
                "name_ru": "С 13 лет"
            },
            "user_game": null,
            "reviews_count": 2243,
            "saturated_color": "0f0f0f",
            "dominant_color": "0f0f0f",
            "short_screenshots": [
                {
                    "id": -1,
                    "image": "https://media.rawg.io/media/games/5c0/5c0dd63002cb23f804aab327d40ef119.jpg"
                },
                {
                    "id": 182489,
                    "image": "https://media.rawg.io/media/screenshots/8d7/8d7d24df1418efdaba45128e2c855f62.jpg"
                },
                {
                    "id": 182490,
                    "image": "https://media.rawg.io/media/screenshots/5ac/5ac6dd243c0ed41fb1a0b5734bff55f1.jpg"
                },
                {
                    "id": 182491,
                    "image": "https://media.rawg.io/media/screenshots/ad2/ad2e4f73ac71839178ea01ab66d8bf6c.jpg"
                },
                {
                    "id": 182492,
                    "image": "https://media.rawg.io/media/screenshots/b28/b28fd421d570931d83b27213538689df.jpg"
                },
                {
                    "id": 182493,
                    "image": "https://media.rawg.io/media/screenshots/d1e/d1e49ff4902b1bc964262ffc2e08043d.jpg"
                },
                {
                    "id": 182494,
                    "image": "https://media.rawg.io/media/screenshots/02f/02f6cb8534d5434e94559cdcd35aeef7.jpg"
                }
            ],
            "parent_platforms": [
                {
                    "platform": {
                        "id": 1,
                        "name": "PC",
                        "slug": "pc"
                    }
                },
                {
                    "platform": {
                        "id": 3,
                        "name": "Xbox",
                        "slug": "xbox"
                    }
                }
            ],
            "genres": [
                {
                    "id": 2,
                    "name": "Shooter",
                    "slug": "shooter"
                },
                {
                    "id": 3,
                    "name": "Adventure",
                    "slug": "adventure"
                },
                {
                    "id": 4,
                    "name": "Action",
                    "slug": "action"
                }
            ]
        },
        {
            "slug": "alan-wake-the-writer",
            "name": "Alan Wake: The Writer",
            "playtime": 0,
            "platforms": [
                {
                    "platform": {
                        "id": 4,
                        "name": "PC",
                        "slug": "pc"
                    }
                },
                {
                    "platform": {
                        "id": 1,
                        "name": "Xbox One",
                        "slug": "xbox-one"
                    }
                },
                {
                    "platform": {
                        "id": 14,
                        "name": "Xbox 360",
                        "slug": "xbox360"
                    }
                }
            ],
            "stores": null,
            "released": "2010-10-12",
            "tba": false,
            "background_image": "https://media.rawg.io/media/screenshots/789/7892d7192bb66c3c93571852c28d4b5c.jpg",
            "rating": 4.04,
            "rating_top": 4,
            "ratings": [
                {
                    "id": 4,
                    "title": "recommended",
                    "count": 29,
                    "percent": 61.7
                },
                {
                    "id": 5,
                    "title": "exceptional",
                    "count": 10,
                    "percent": 21.28
                },
                {
                    "id": 3,
                    "title": "meh",
                    "count": 8,
                    "percent": 17.02
                }
            ],
            "ratings_count": 47,
            "reviews_text_count": 0,
            "added": 80,
            "added_by_status": {
                "yet": 2,
                "owned": 8,
                "beaten": 60,
                "toplay": 7,
                "playing": 3
            },
            "metacritic": 80,
            "suggestions_count": 10,
            "updated": "2025-03-02T16:28:47",
            "id": 442863,
            "score": null,
            "clip": null,
            "tags": [],
            "esrb_rating": {
                "id": 3,
                "name": "Teen",
                "slug": "teen",
                "name_en": "Teen",
                "name_ru": "С 13 лет"
            },
            "user_game": null,
            "reviews_count": 47,
            "saturated_color": "0f0f0f",
            "dominant_color": "0f0f0f",
            "short_screenshots": [
                {
                    "id": -1,
                    "image": "https://media.rawg.io/media/screenshots/789/7892d7192bb66c3c93571852c28d4b5c.jpg"
                },
                {
                    "id": 2382443,
                    "image": "https://media.rawg.io/media/screenshots/789/7892d7192bb66c3c93571852c28d4b5c.jpg"
                }
            ],
            "parent_platforms": [
                {
                    "platform": {
                        "id": 1,
                        "name": "PC",
                        "slug": "pc"
                    }
                },
                {
                    "platform": {
                        "id": 3,
                        "name": "Xbox",
                        "slug": "xbox"
                    }
                }
            ],
            "genres": [
                {
                    "id": 4,
                    "name": "Action",
                    "slug": "action"
                }
            ]
        },
        {
            "slug": "control-the-foundation",
            "name": "Control: The Foundation",
            "playtime": 0,
            "platforms": [
                {
                    "platform": {
                        "id": 4,
                        "name": "PC",
                        "slug": "pc"
                    }
                },
                {
                    "platform": {
                        "id": 1,
                        "name": "Xbox One",
                        "slug": "xbox-one"
                    }
                },
                {
                    "platform": {
                        "id": 18,
                        "name": "PlayStation 4",
                        "slug": "playstation4"
                    }
                }
            ],
            "stores": [
                {
                    "store": {
                        "id": 11,
                        "name": "Epic Games",
                        "slug": "epic-games"
                    }
                }
            ],
            "released": "2020-03-26",
            "tba": false,
            "background_image": "https://media.rawg.io/media/games/29f/29fe9a8afd1770f11b148b23308a098a.jpg",
            "rating": 4.02,
            "rating_top": 4,
            "ratings": [
                {
                    "id": 4,
                    "title": "recommended",
                    "count": 119,
                    "percent": 63.3
                },
                {
                    "id": 5,
                    "title": "exceptional",
                    "count": 42,
                    "percent": 22.34
                },
                {
                    "id": 3,
                    "title": "meh",
                    "count": 21,
                    "percent": 11.17
                },
                {
                    "id": 1,
                    "title": "skip",
                    "count": 6,
                    "percent": 3.19
                }
            ],
            "ratings_count": 183,
            "reviews_text_count": 3,
            "added": 439,
            "added_by_status": {
                "yet": 48,
                "owned": 54,
                "beaten": 193,
                "toplay": 118,
                "dropped": 20,
                "playing": 6
            },
            "metacritic": 78,
            "suggestions_count": 265,
            "updated": "2025-01-10T21:57:18",
            "id": 388313,
            "score": null,
            "clip": null,
            "tags": [],
            "esrb_rating": {
                "id": 4,
                "name": "Mature",
                "slug": "mature",
                "name_en": "Mature",
                "name_ru": "С 17 лет"
            },
            "user_game": null,
            "reviews_count": 188,
            "saturated_color": "0f0f0f",
            "dominant_color": "0f0f0f",
            "short_screenshots": [
                {
                    "id": -1,
                    "image": "https://media.rawg.io/media/games/29f/29fe9a8afd1770f11b148b23308a098a.jpg"
                },
                {
                    "id": 2324248,
                    "image": "https://media.rawg.io/media/screenshots/8e4/8e499e46c791c28025c8027de2c9fa86.jpg"
                },
                {
                    "id": 2324249,
                    "image": "https://media.rawg.io/media/screenshots/941/9416f2f64956f296242a3de5ada9d7bb.jpg"
                },
                {
                    "id": 2324250,
                    "image": "https://media.rawg.io/media/screenshots/da1/da1025791c29688f89e03081e62afc43.jpg"
                },
                {
                    "id": 2324251,
                    "image": "https://media.rawg.io/media/screenshots/ca9/ca9bc4a9632db7d9afdf5343d7729119.jpg"
                },
                {
                    "id": 2324252,
                    "image": "https://media.rawg.io/media/screenshots/37f/37f5ceb2211801eded3c7d0aeb69eefb.jpg"
                }
            ],
            "parent_platforms": [
                {
                    "platform": {
                        "id": 1,
                        "name": "PC",
                        "slug": "pc"
                    }
                },
                {
                    "platform": {
                        "id": 2,
                        "name": "PlayStation",
                        "slug": "playstation"
                    }
                },
                {
                    "platform": {
                        "id": 3,
                        "name": "Xbox",
                        "slug": "xbox"
                    }
                }
            ],
            "genres": [
                {
                    "id": 2,
                    "name": "Shooter",
                    "slug": "shooter"
                },
                {
                    "id": 3,
                    "name": "Adventure",
                    "slug": "adventure"
                },
                {
                    "id": 4,
                    "name": "Action",
                    "slug": "action"
                }
            ]
        }
    ],
    "user_platforms": false
}