{
    "count": 3,
    "next": null,
    "previous": null,
    "results": [
        {
            "slug": "god-of-war-2",
            "name": "God of War (2018)",
            "playtime": 14,
            "platforms": [
                {
                    "platform": {
                        "id": 4,
                        "name": "PC",
                        "slug": "pc"
                    }
                },
                {
                    "platform": {
                        "id": 18,
                        "name": "PlayStation 4",
                        "slug": "playstation4"
                    }
                }
            ],
            "stores": [
                {
                    "store": {
                        "id": 1,
                        "name": "Steam",
                        "slug": "steam"
                    }
                },
                {
                    "store": {
                        "id": 3,
                        "name": "PlayStation Store",
                        "slug": "playstation-store"
                    }
                },
                {
                    "store": {
                        "id": 5,
                        "name": "GOG",
                        "slug": "gog"
                    }
                },
                {
                    "store": {
                        "id": 11,
                        "name": "Epic Games",
                        "slug": "epic-games"
                    }
                }
            ],
            "released": "2018-04-20",
            "tba": false,
            "background_image": "https://media.rawg.io/media/games/4be/4be6a6ad0364751a96229c56bf69be59.jpg",
            "rating": 4.56,
            "rating_top": 5,
            "ratings": [
                {
                    "id": 5,
                    "title": "exceptional",
                    "count": 3546,
                    "percent": 70.74
                },
                {
                    "id": 4,
                    "title": "recommended",
                    "count": 1050,
                    "percent": 20.95
                },
                {
                    "id": 3,
                    "title": "meh",
                    "count": 246,
                    "percent": 4.91
                },
                {
                    "id": 1,
                    "title": "skip",
                    "count": 171,
                    "percent": 3.41
                }
            ],
            "ratings_count": 4908,
            "reviews_text_count": 73,
            "added": 14041,
            "added_by_status": {
                "yet": 705,
                "owned": 7178,
                "beaten": 4190,
                "toplay": 1185,
                "dropped": 366,
                "playing": 417
            },
            "metacritic": 94,
            "suggestions_count": 602,
            "updated": "2025-03-19T20:23:15",
            "id": 58175,
            "score": null,
            "clip": null,
            "tags": [
                {
                    "id": 31,
                    "name": "Singleplayer",
                    "slug": "singleplayer",
                    "language": "eng",
                    "games_count": 236808,
                    "image_background": "https://media.rawg.io/media/games/4be/4be6a6ad0364751a96229c56bf69be59.jpg"
                },
                {
                    "id": 42396,
                    "name": "Для одного игрока",
                    "slug": "dlia-odnogo-igroka",
                    "language": "rus",
                    "games_count": 59339,
                    "image_background": "https://media.rawg.io/media/games/49c/49c3dfa4ce2f6f140cc4825868e858cb.jpg"
                },
                {
                    "id": 42417,
                    "name": "Экшен",
                    "slug": "ekshen",
                    "language": "rus",
                    "games_count": 45143,
                    "image_background": "https://media.rawg.io/media/games/b45/b45575f34285f2c4479c9a5f719d972e.jpg"
                },
                {
                    "id": 42392,
                    "name": "Приключение",
                    "slug": "prikliuchenie",
                    "language": "rus",
                    "games_count": 43383,
                    "image_background": "https://media.rawg.io/media/games/d82/d82990b9c67ba0d2d09d4e6fa88885a7.jpg"
                },
                {
                    "id": 40847,
                    "name": "Steam Achievements",
                    "slug": "steam-achievements",
                    "language": "eng",
                    "games_count": 44261,
                    "image_background": "https://media.rawg.io/media/games/b8c/b8c243eaa0fbac8115e0cdccac3f91dc.jpg"
                },
                {
                    "id": 40836,
                    "name": "Full controller support",
                    "slug": "full-controller-support",
                    "language": "eng",
                    "games_count": 20885,
                    "image_background": "https://media.rawg.io/media/games/562/562553814dd54e001a541e4ee83a591c.jpg"
                },
                {
                    "id": 40849,
                    "name": "Steam Cloud",
                    "slug": "steam-cloud",
                    "language": "eng",
                    "games_count": 21355,
                    "image_background": "https://media.rawg.io/media/games/be0/be01c3d7d8795a45615da139322ca080.jpg"
                },
                {
                    "id": 13,
                    "name": "Atmospheric",
                    "slug": "atmospheric",
                    "language": "eng",
                    "games_count": 36334,
                    "image_background": "https://media.rawg.io/media/games/b45/b45575f34285f2c4479c9a5f719d972e.jpg"
                },
                {
                    "id": 42394,
                    "name": "Глубокий сюжет",
                    "slug": "glubokii-siuzhet",
                    "language": "rus",
                    "games_count": 15181,
                    "image_background": "https://media.rawg.io/media/games/b8c/b8c243eaa0fbac8115e0cdccac3f91dc.jpg"
                },
                {
                    "id": 24,
                    "name": "RPG",
                    "slug": "rpg",
                    "language": "eng",
                    "games_count": 23789,
                    "image_background": "https://media.rawg.io/media/games/618/618c2031a07bbff6b4f611f10b6bcdbc.jpg"
                },
                {
                    "id": 42412,
                    "name": "Ролевая игра",
                    "slug": "rolevaia-igra",
                    "language": "rus",
                    "games_count": 20193,
                    "image_background": "https://media.rawg.io/media/games/ee3/ee3e10193aafc3230ba1cae426967d10.jpg"
                },
                {
                    "id": 118,
                    "name": "Story Rich",
                    "slug": "story-rich",
                    "language": "eng",
                    "games_count": 24317,
                    "image_background": "https://media.rawg.io/media/games/be0/be01c3d7d8795a45615da139322ca080.jpg"
                },
                {
                    "id": 42441,
                    "name": "От третьего лица",
                    "slug": "ot-tretego-litsa",
                    "language": "rus",
                    "games_count": 8583,
                    "image_background": "https://media.rawg.io/media/games/8a0/8a02f84a5916ede2f923b88d5f8217ba.jpg"
                },
                {
                    "id": 149,
                    "name": "Third Person",
                    "slug": "third-person",
                    "language": "eng",
                    "games_count": 13058,
                    "image_background": "https://media.rawg.io/media/games/6cd/6cd653e0aaef5ff8bbd295bf4bcb12eb.jpg"
                },
                {
                    "id": 42480,
                    "name": "Фэнтези",
                    "slug": "fentezi",
                    "language": "rus",
                    "games_count": 14087,
                    "image_background": "https://media.rawg.io/media/games/6fc/6fcf4cd3b17c288821388e6085bb0fc9.jpg"
                },
                {
                    "id": 64,
                    "name": "Fantasy",
                    "slug": "fantasy",
                    "language": "eng",
                    "games_count": 30331,
                    "image_background": "https://media.rawg.io/media/games/04a/04a7e7e185fb51493bdcbe1693a8b3dc.jpg"
                },
                {
                    "id": 42491,
                    "name": "Мясо",
                    "slug": "miaso",
                    "language": "rus",
                    "games_count": 4962,
                    "image_background": "https://media.rawg.io/media/games/9dd/9ddabb34840ea9227556670606cf8ea3.jpg"
                },
                {
                    "id": 26,
                    "name": "Gore",
                    "slug": "gore",
                    "language": "eng",
                    "games_count": 6148,
                    "image_background": "https://media.rawg.io/media/games/c6b/c6bfece1daf8d06bc0a60632ac78e5bf.jpg"
                },
                {
                    "id": 6,
                    "name": "Exploration",
                    "slug": "exploration",
                    "language": "eng",
                    "games_count": 26004,
                    "image_background": "https://media.rawg.io/media/games/737/737ea5662211d2e0bbd6f5989189e4f1.jpg"
                },
                {
                    "id": 42402,
                    "name": "Насилие",
                    "slug": "nasilie",
                    "language": "rus",
                    "games_count": 6168,
                    "image_background": "https://media.rawg.io/media/games/0af/0af85e8edddfa55368e47c539914a220.jpg"
                },
                {
                    "id": 34,
                    "name": "Violent",
                    "slug": "violent",
                    "language": "eng",
                    "games_count": 7206,
                    "image_background": "https://media.rawg.io/media/games/a0e/a0ef08621301a1eab5e04fa5c96978fa.jpeg"
                },
                {
                    "id": 69,
                    "name": "Action-Adventure",
                    "slug": "action-adventure",
                    "language": "eng",
                    "games_count": 18751,
                    "image_background": "https://media.rawg.io/media/games/c50/c5085506fe4b5e20fc7aa5ace842c20b.jpg"
                },
                {
                    "id": 97,
                    "name": "Action RPG",
                    "slug": "action-rpg",
                    "language": "eng",
                    "games_count": 7860,
                    "image_background": "https://media.rawg.io/media/games/7cf/7cfc9220b401b7a300e409e539c9afd5.jpg"
                },
                {
                    "id": 42489,
                    "name": "Ролевой экшен",
                    "slug": "rolevoi-ekshen",
                    "language": "rus",
                    "games_count": 4851,
                    "image_background": "https://media.rawg.io/media/games/21c/21cc15d233117c6809ec86870559e105.jpg"
                },
                {
                    "id": 42487,
                    "name": "Слэшер",
                    "slug": "slesher",
                    "language": "rus",
                    "games_count": 3283,
                    "image_background": "https://media.rawg.io/media/games/4be/4be6a6ad0364751a96229c56bf69be59.jpg"
                },
                {
                    "id": 68,
                    "name": "Hack and Slash",
                    "slug": "hack-and-slash",
                    "language": "eng",
                    "games_count": 4773,
                    "image_background": "https://media.rawg.io/media/games/559/559bc0768f656ad0c63c54b80a82d680.jpg"
                },
                {
                    "id": 37796,
                    "name": "exclusive",
                    "slug": "exclusive",
                    "language": "eng",
                    "games_count": 4491,
                    "image_background": "https://media.rawg.io/media/games/f24/f2493ea338fe7bd3c7d73750a85a0959.jpeg"
                },
                {
                    "id": 571,
                    "name": "3D",
                    "slug": "3d",
                    "language": "eng",
                    "games_count": 88426,
                    "image_background": "https://media.rawg.io/media/games/baf/baf9905270314e07e6850cffdb51df41.jpg"
                },
                {
                    "id": 125,
                    "name": "Crafting",
                    "slug": "crafting",
                    "language": "eng",
                    "games_count": 4829,
                    "image_background": "https://media.rawg.io/media/games/b4e/b4e4c73d5aa4ec66bbf75375c4847a2b.jpg"
                },
                {
                    "id": 42497,
                    "name": "Крафтинг",
                    "slug": "krafting",
                    "language": "rus",
                    "games_count": 3531,
                    "image_background": "https://media.rawg.io/media/games/46d/46d98e6910fbc0706e2948a7cc9b10c5.jpg"
                },
                {
                    "id": 1465,
                    "name": "combat",
                    "slug": "combat",
                    "language": "eng",
                    "games_count": 14182,
                    "image_background": "https://media.rawg.io/media/games/737/737ea5662211d2e0bbd6f5989189e4f1.jpg"
                },
                {
                    "id": 37797,
                    "name": "true exclusive",
                    "slug": "true-exclusive",
                    "language": "eng",
                    "games_count": 3980,
                    "image_background": "https://media.rawg.io/media/games/4be/4be6a6ad0364751a96229c56bf69be59.jpg"
                },
                {
                    "id": 58132,
                    "name": "Атмосферная",
                    "slug": "atmosfernaia",
                    "language": "rus",
                    "games_count": 12034,
                    "image_background": "https://media.rawg.io/media/games/044/044b2ee023930ca138deda151f40c18c.jpg"
                },
                {
                    "id": 478,
                    "name": "3rd-Person Perspective",
                    "slug": "3rd-person-perspective",
                    "language": "eng",
                    "games_count": 87,
                    "image_background": "https://media.rawg.io/media/games/21c/21cc15d233117c6809ec86870559e105.jpg"
                },
                {
                    "id": 270,
                    "name": "Blood",
                    "slug": "blood",
                    "language": "eng",
                    "games_count": 2102,
                    "image_background": "https://media.rawg.io/media/games/a79/a79d2fc90c4dbf07a8580b19600fd61d.jpg"
                },
                {
                    "id": 171,
                    "name": "PvE",
                    "slug": "pve",
                    "language": "eng",
                    "games_count": 6399,
                    "image_background": "https://media.rawg.io/media/screenshots/a53/a533bac7350ea700022cf2be8e694c88.jpg"
                },
                {
                    "id": 66533,
                    "name": "Исследования",
                    "slug": "issledovaniia",
                    "language": "rus",
                    "games_count": 11324,
                    "image_background": "https://media.rawg.io/media/games/b6f/b6fa0cde8a1204c7d6edc2ec3c753df9.jpg"
                },
                {
                    "id": 42691,
                    "name": "Эмоциональная",
                    "slug": "emotsionalnaia",
                    "language": "rus",
                    "games_count": 3510,
                    "image_background": "https://media.rawg.io/media/games/473/473bd9a5e9522629d6cb28b701fb836a.jpg"
                },
                {
                    "id": 58127,
                    "name": "Бой",
                    "slug": "boi-2",
                    "language": "rus",
                    "games_count": 9029,
                    "image_background": "https://media.rawg.io/media/games/af2/af2b640fa820e8a8135948a4cd399539.jpg"
                },
                {
                    "id": 42567,
                    "name": "Игра против ИИ",
                    "slug": "igra-protiv-ii",
                    "language": "rus",
                    "games_count": 2327,
                    "image_background": "https://media.rawg.io/media/games/82b/82be203e68d737762846203811165933.jpg"
                },
                {
                    "id": 42592,
                    "name": "Похожа на Dark Souls",
                    "slug": "pokhozha-na-dark-souls",
                    "language": "rus",
                    "games_count": 1222,
                    "image_background": "https://media.rawg.io/media/games/a3e/a3ea71c18e81d54ebaf982dadb9a8738.jpg"
                },
                {
                    "id": 572,
                    "name": "Emotional",
                    "slug": "emotional",
                    "language": "eng",
                    "games_count": 3624,
                    "image_background": "https://media.rawg.io/media/games/4be/4be6a6ad0364751a96229c56bf69be59.jpg"
                },
                {
                    "id": 580,
                    "name": "Souls-like",
                    "slug": "souls-like",
                    "language": "eng",
                    "games_count": 1625,
                    "image_background": "https://media.rawg.io/media/games/b29/b294fdd866dcdb643e7bab370a552855.jpg"
                },
                {
                    "id": 108,
                    "name": "Mythology",
                    "slug": "mythology",
                    "language": "eng",
                    "games_count": 2243,
                    "image_background": "https://media.rawg.io/media/games/88a/88af17cc08783ccdd1608ae63c47eeac.jpg"
                },
                {
                    "id": 42610,
                    "name": "Мифология",
                    "slug": "mifologiia",
                    "language": "rus",
                    "games_count": 1223,
                    "image_background": "https://media.rawg.io/media/games/6e9/6e9136f09bb9daaaed5a0e6d508028b4.jpg"
                },
                {
                    "id": 43374,
                    "name": "Remote Play on TV",
                    "slug": "remote-play-on-tv",
                    "language": "eng",
                    "games_count": 536,
                    "image_background": "https://media.rawg.io/media/games/473/473bd9a5e9522629d6cb28b701fb836a.jpg"
                }
            ],
            "esrb_rating": {
                "id": 4,
                "name": "Mature",
                "slug": "mature",
                "name_en": "Mature",
                "name_ru": "С 17 лет"
            },
            "user_game": null,
            "reviews_count": 5013,
            "saturated_color": "0f0f0f",
            "dominant_color": "0f0f0f",
            "short_screenshots": [
                {
                    "id": -1,
                    "image": "https://media.rawg.io/media/games/4be/4be6a6ad0364751a96229c56bf69be59.jpg"
                },
                {
                    "id": 766263,
                    "image": "https://media.rawg.io/media/screenshots/d68/d6868e5f7bce66e326bd48b11ba24b13.jpeg"
                },
                {
                    "id": 766264,
                    "image": "https://media.rawg.io/media/screenshots/928/928cdaf4ae204f202d177bbd65e911b3.jpeg"
                },
                {
                    "id": 766265,
                    "image": "https://media.rawg.io/media/screenshots/a54/a549a06ebe89c570cabb57308c4c42a5.jpeg"
                },
                {
                    "id": 766266,
                    "image": "https://media.rawg.io/media/screenshots/f02/f0279f8199da3e91134078e737e5fbcf.jpg"
                },
                {
                    "id": 766267,
                    "image": "https://media.rawg.io/media/screenshots/e87/e87c57660c7c37fe973c6dd6ebcc1ac6.jpeg"
                },
                {
                    "id": 766268,
                    "image": "https://media.rawg.io/media/screenshots/5b7/5b7280fe437c39d3ce501a867c46a998.jpeg"
                }
            ],
            "parent_platforms": [
                {
                    "platform": {
                        "id": 1,
                        "name": "PC",
                        "slug": "pc"
                    }
                },
                {
                    "platform": {
                        "id": 2,
                        "name": "PlayStation",
                        "slug": "playstation"
                    }
                }
            ],
            "genres": [
                {
                    "id": 4,
                    "name": "Action",
                    "slug": "action"
                }
            ]
        },
        {
            "slug": "god-of-war-iii-remastered",
            "name": "God of War III Remastered",
            "playtime": 6,
            "platforms": [
                {
                    "platform": {
                        "id": 18,
                        "name": "PlayStation 4",
                        "slug": "playstation4"
                    }
                }
            ],
            "stores": [
                {
                    "store": {
                        "id": 3,
                        "name": "PlayStation Store",
                        "slug": "playstation-store"
                    }
                }
            ],
            "released": "2015-07-14",
            "tba": false,
            "background_image": "https://media.rawg.io/media/games/4b6/4b67558bf04c7211aabeff179271bdd8.jpg",
            "rating": 4.11,
            "rating_top": 4,
            "ratings": [
                {
                    "id": 4,
                    "title": "recommended",
                    "count": 551,
                    "percent": 52.68
                },
                {
                    "id": 5,
                    "title": "exceptional",
                    "count": 345,
                    "percent": 32.98
                },
                {
                    "id": 3,
                    "title": "meh",
                    "count": 112,
                    "percent": 10.71
                },
                {
                    "id": 1,
                    "title": "skip",
                    "count": 38,
                    "percent": 3.63
                }
            ],
            "ratings_count": 1037,
            "reviews_text_count": 5,
            "added": 4163,
            "added_by_status": {
                "yet": 200,
                "owned": 2821,
                "beaten": 819,
                "toplay": 95,
                "dropped": 179,
                "playing": 49
            },
            "metacritic": 81,
            "suggestions_count": 600,
            "updated": "2025-03-06T13:38:55",
            "id": 3265,
            "score": null,
            "clip": null,
            "tags": [
                {
                    "id": 37796,
                    "name": "exclusive",
                    "slug": "exclusive",
                    "language": "eng",
                    "games_count": 4491,
                    "image_background": "https://media.rawg.io/media/games/f24/f2493ea338fe7bd3c7d73750a85a0959.jpeg"
                }
            ],
            "esrb_rating": {
                "id": 4,
                "name": "Mature",
                "slug": "mature",
                "name_en": "Mature",
                "name_ru": "С 17 лет"
            },
            "user_game": null,
            "reviews_count": 1046,
            "saturated_color": "0f0f0f",
            "dominant_color": "0f0f0f",
            "short_screenshots": [
                {
                    "id": -1,
                    "image": "https://media.rawg.io/media/games/4b6/4b67558bf04c7211aabeff179271bdd8.jpg"
                },
                {
                    "id": 29800,
                    "image": "https://media.rawg.io/media/screenshots/f5c/f5c350154ffae3f3db693bf3229f5c0d.jpg"
                },
                {
                    "id": 29801,
                    "image": "https://media.rawg.io/media/screenshots/12d/12df62aed1c53582482ad273595d33b3.jpg"
                },
                {
                    "id": 29802,
                    "image": "https://media.rawg.io/media/screenshots/a89/a89d3ce8afcbc70ad7b1bbd8256970e7.jpg"
                },
                {
                    "id": 29803,
                    "image": "https://media.rawg.io/media/screenshots/0cc/0cc16490edc983d6157676710e45a867.jpg"
                },
                {
                    "id": 29804,
                    "image": "https://media.rawg.io/media/screenshots/90d/90d11d5ed2e77f1d6799ac53903fa919.jpg"
                },
                {
                    "id": 29805,
                    "image": "https://media.rawg.io/media/screenshots/80e/80e487168e88410a210b461717a9150f.jpg"
                }
            ],
            "parent_platforms": [
                {
                    "platform": {
                        "id": 2,
                        "name": "PlayStation",
                        "slug": "playstation"
                    }
                }
            ],
            "genres": [
                {
                    "id": 3,
                    "name": "Adventure",
                    "slug": "adventure"
                },
                {
                    "id": 4,
                    "name": "Action",
                    "slug": "action"
                }
            ]
        },
        {
            "slug": "god-of-war-ragnarok-2",
            "name": "God of War Ragnarök",
            "playtime": 13,
            "platforms": [
                {
                    "platform": {
                        "id": 4,
                        "name": "PC",
                        "slug": "pc"
                    }
                }
            ],
            "stores": [
                {
                    "store": {
                        "id": 1,
                        "name": "Steam",
                        "slug": "steam"
                    }
                }
            ],
            "released": null,
            "tba": false,
            "background_image": "https://media.rawg.io/media/screenshots/3c4/3c4c51b66741363d83b56ce66b1240ec.jpg",
            "rating": 0.0,
            "rating_top": 0,
            "ratings": [
                {
                    "id": 5,
                    "title": "exceptional",
                    "count": 2,
                    "percent": 66.67
                },
                {
                    "id": 4,
                    "title": "recommended",
                    "count": 1,
                    "percent": 33.33
                }
            ],
            "ratings_count": 3,
            "reviews_text_count": 0,
            "added": 47,
            "added_by_status": {
                "yet": 2,
                "owned": 41,
                "beaten": 4
            },
            "metacritic": null,
            "suggestions_count": 0,
            "updated": "2025-02-09T12:43:31",
            "id": 989140,
            "score": null,
            "clip": null,
            "tags": [
                {
                    "id": 31,
                    "name": "Singleplayer",
                    "slug": "singleplayer",
                    "language": "eng",
                    "games_count": 236808,
                    "image_background": "https://media.rawg.io/media/games/4be/4be6a6ad0364751a96229c56bf69be59.jpg"
                },
                {
                    "id": 42396,
                    "name": "Для одного игрока",
                    "slug": "dlia-odnogo-igroka",
                    "language": "rus",
                    "games_count": 59339,
                    "image_background": "https://media.rawg.io/media/games/49c/49c3dfa4ce2f6f140cc4825868e858cb.jpg"
                },
                {
                    "id": 42417,
                    "name": "Экшен",
                    "slug": "ekshen",
                    "language": "rus",
                    "games_count": 45143,
                    "image_background": "https://media.rawg.io/media/games/b45/b45575f34285f2c4479c9a5f719d972e.jpg"
                },
                {
                    "id": 42392,
                    "name": "Приключение",
                    "slug": "prikliuchenie",
                    "language": "rus",
                    "games_count": 43383,
                    "image_background": "https://media.rawg.io/media/games/d82/d82990b9c67ba0d2d09d4e6fa88885a7.jpg"
                },
                {
                    "id": 40847,
                    "name": "Steam Achievements",
                    "slug": "steam-achievements",
                    "language": "eng",
                    "games_count": 44261,
                    "image_background": "https://media.rawg.io/media/games/b8c/b8c243eaa0fbac8115e0cdccac3f91dc.jpg"
                },
                {
                    "id": 40836,
                    "name": "Full controller support",
                    "slug": "full-controller-support",
                    "language": "eng",
                    "games_count": 20885,
                    "image_background": "https://media.rawg.io/media/games/562/562553814dd54e001a541e4ee83a591c.jpg"
                },
                {
                    "id": 40849,
                    "name": "Steam Cloud",
                    "slug": "steam-cloud",
                    "language": "eng",
                    "games_count": 21355,
                    "image_background": "https://media.rawg.io/media/games/be0/be01c3d7d8795a45615da139322ca080.jpg"
                },
                {
                    "id": 13,
                    "name": "Atmospheric",
                    "slug": "atmospheric",
                    "language": "eng",
                    "games_count": 36334,
                    "image_background": "https://media.rawg.io/media/games/b45/b45575f34285f2c4479c9a5f719d972e.jpg"
                },
                {
                    "id": 42394,
                    "name": "Глубокий сюжет",
                    "slug": "glubokii-siuzhet",
                    "language": "rus",
                    "games_count": 15181,
                    "image_background": "https://media.rawg.io/media/games/b8c/b8c243eaa0fbac8115e0cdccac3f91dc.jpg"
                },
                {
                    "id": 24,
                    "name": "RPG",
                    "slug": "rpg",
                    "language": "eng",
                    "games_count": 23789,
                    "image_background": "https://media.rawg.io/media/games/618/618c2031a07bbff6b4f611f10b6bcdbc.jpg"
                },
                {
                    "id": 42412,
                    "name": "Ролевая игра",
                    "slug": "rolevaia-igra",
                    "language": "rus",
                    "games_count": 20193,
                    "image_background": "https://media.rawg.io/media/games/ee3/ee3e10193aafc3230ba1cae426967d10.jpg"
                },
                {
                    "id": 118,
                    "name": "Story Rich",
                    "slug": "story-rich",
                    "language": "eng",
                    "games_count": 24317,
                    "image_background": "https://media.rawg.io/media/games/be0/be01c3d7d8795a45615da139322ca080.jpg"
                },
                {
                    "id": 42442,
                    "name": "Открытый мир",
                    "slug": "otkrytyi-mir",
                    "language": "rus",
                    "games_count": 6580,
                    "image_background": "https://media.rawg.io/media/games/ee3/ee3e10193aafc3230ba1cae426967d10.jpg"
                },
                {
                    "id": 36,
                    "name": "Open World",
                    "slug": "open-world",
                    "language": "eng",
                    "games_count": 8394,
                    "image_background": "https://media.rawg.io/media/games/00d/00d374f12a3ab5f96c500a2cfa901e15.jpg"
                },
                {
                    "id": 42441,
                    "name": "От третьего лица",
                    "slug": "ot-tretego-litsa",
                    "language": "rus",
                    "games_count": 8583,
                    "image_background": "https://media.rawg.io/media/games/8a0/8a02f84a5916ede2f923b88d5f8217ba.jpg"
                },
                {
                    "id": 149,
                    "name": "Third Person",
                    "slug": "third-person",
                    "language": "eng",
                    "games_count": 13058,
                    "image_background": "https://media.rawg.io/media/games/6cd/6cd653e0aaef5ff8bbd295bf4bcb12eb.jpg"
                },
                {
                    "id": 42480,
                    "name": "Фэнтези",
                    "slug": "fentezi",
                    "language": "rus",
                    "games_count": 14087,
                    "image_background": "https://media.rawg.io/media/games/6fc/6fcf4cd3b17c288821388e6085bb0fc9.jpg"
                },
                {
                    "id": 64,
                    "name": "Fantasy",
                    "slug": "fantasy",
                    "language": "eng",
                    "games_count": 30331,
                    "image_background": "https://media.rawg.io/media/games/04a/04a7e7e185fb51493bdcbe1693a8b3dc.jpg"
                },
                {
                    "id": 42491,
                    "name": "Мясо",
                    "slug": "miaso",
                    "language": "rus",
                    "games_count": 4962,
                    "image_background": "https://media.rawg.io/media/games/9dd/9ddabb34840ea9227556670606cf8ea3.jpg"
                },
                {
                    "id": 26,
                    "name": "Gore",
                    "slug": "gore",
                    "language": "eng",
                    "games_count": 6148,
                    "image_background": "https://media.rawg.io/media/games/c6b/c6bfece1daf8d06bc0a60632ac78e5bf.jpg"
                },
                {
                    "id": 69,
                    "name": "Action-Adventure",
                    "slug": "action-adventure",
                    "language": "eng",
                    "games_count": 18751,
                    "image_background": "https://media.rawg.io/media/games/c50/c5085506fe4b5e20fc7aa5ace842c20b.jpg"
                },
                {
                    "id": 97,
                    "name": "Action RPG",
                    "slug": "action-rpg",
                    "language": "eng",
                    "games_count": 7860,
                    "image_background": "https://media.rawg.io/media/games/7cf/7cfc9220b401b7a300e409e539c9afd5.jpg"
                },
                {
                    "id": 42489,
                    "name": "Ролевой экшен",
                    "slug": "rolevoi-ekshen",
                    "language": "rus",
                    "games_count": 4851,
                    "image_background": "https://media.rawg.io/media/games/21c/21cc15d233117c6809ec86870559e105.jpg"
                },
                {
                    "id": 42487,
                    "name": "Слэшер",
                    "slug": "slesher",
                    "language": "rus",
                    "games_count": 3283,
                    "image_background": "https://media.rawg.io/media/games/4be/4be6a6ad0364751a96229c56bf69be59.jpg"
                },
                {
                    "id": 68,
                    "name": "Hack and Slash",
                    "slug": "hack-and-slash",
                    "language": "eng",
                    "games_count": 4773,
                    "image_background": "https://media.rawg.io/media/games/559/559bc0768f656ad0c63c54b80a82d680.jpg"
                },
                {
                    "id": 42490,
                    "name": "Приключенческий экшен",
                    "slug": "prikliuchencheskii-ekshen",
                    "language": "rus",
                    "games_count": 11144,
                    "image_background": "https://media.rawg.io/media/games/d1c/d1cd8a226cb224357c1f59605577cbf2.jpg"
                },
                {
                    "id": 571,
                    "name": "3D",
                    "slug": "3d",
                    "language": "eng",
                    "games_count": 88426,
                    "image_background": "https://media.rawg.io/media/games/baf/baf9905270314e07e6850cffdb51df41.jpg"
                },
                {
                    "id": 110,
                    "name": "Cinematic",
                    "slug": "cinematic",
                    "language": "eng",
                    "games_count": 2758,
                    "image_background": "https://media.rawg.io/media/games/0af/0af85e8edddfa55368e47c539914a220.jpg"
                },
                {
                    "id": 1465,
                    "name": "combat",
                    "slug": "combat",
                    "language": "eng",
                    "games_count": 14182,
                    "image_background": "https://media.rawg.io/media/games/737/737ea5662211d2e0bbd6f5989189e4f1.jpg"
                },
                {
                    "id": 42623,
                    "name": "Кинематографичная",
                    "slug": "kinematografichnaia",
                    "language": "rus",
                    "games_count": 2665,
                    "image_background": "https://media.rawg.io/media/games/de6/de66bc4c72b45c3bb906c85d0628112d.jpg"
                },
                {
                    "id": 58132,
                    "name": "Атмосферная",
                    "slug": "atmosfernaia",
                    "language": "rus",
                    "games_count": 12034,
                    "image_background": "https://media.rawg.io/media/games/044/044b2ee023930ca138deda151f40c18c.jpg"
                },
                {
                    "id": 209,
                    "name": "Drama",
                    "slug": "drama",
                    "language": "eng",
                    "games_count": 4981,
                    "image_background": "https://media.rawg.io/media/games/efd/efd6b2cb621c41a2b6580d8ac260b8ba.jpg"
                },
                {
                    "id": 171,
                    "name": "PvE",
                    "slug": "pve",
                    "language": "eng",
                    "games_count": 6399,
                    "image_background": "https://media.rawg.io/media/screenshots/a53/a533bac7350ea700022cf2be8e694c88.jpg"
                },
                {
                    "id": 42691,
                    "name": "Эмоциональная",
                    "slug": "emotsionalnaia",
                    "language": "rus",
                    "games_count": 3510,
                    "image_background": "https://media.rawg.io/media/games/473/473bd9a5e9522629d6cb28b701fb836a.jpg"
                },
                {
                    "id": 58127,
                    "name": "Бой",
                    "slug": "boi-2",
                    "language": "rus",
                    "games_count": 9029,
                    "image_background": "https://media.rawg.io/media/games/af2/af2b640fa820e8a8135948a4cd399539.jpg"
                },
                {
                    "id": 42650,
                    "name": "Драма",
                    "slug": "drama-2",
                    "language": "rus",
                    "games_count": 4370,
                    "image_background": "https://media.rawg.io/media/screenshots/e97/e97020b39abc864e3cdf4e7e564c402c.jpg"
                },
                {
                    "id": 572,
                    "name": "Emotional",
                    "slug": "emotional",
                    "language": "eng",
                    "games_count": 3624,
                    "image_background": "https://media.rawg.io/media/games/4be/4be6a6ad0364751a96229c56bf69be59.jpg"
                },
                {
                    "id": 108,
                    "name": "Mythology",
                    "slug": "mythology",
                    "language": "eng",
                    "games_count": 2243,
                    "image_background": "https://media.rawg.io/media/games/88a/88af17cc08783ccdd1608ae63c47eeac.jpg"
                },
                {
                    "id": 42610,
                    "name": "Мифология",
                    "slug": "mifologiia",
                    "language": "rus",
                    "games_count": 1223,
                    "image_background": "https://media.rawg.io/media/games/6e9/6e9136f09bb9daaaed5a0e6d508028b4.jpg"
                },
                {
                    "id": 91686,
                    "name": "Family Sharing",
                    "slug": "family-sharing",
                    "language": "eng",
                    "games_count": 16129,
                    "image_background": "https://media.rawg.io/media/games/369/36925f823ec3e9e28a91729c88bf31ec.jpg"
                },
                {
                    "id": 87088,
                    "name": "Игрок против ИИ",
                    "slug": "igrok-protiv-ii",
                    "language": "rus",
                    "games_count": 3882,
                    "image_background": "https://media.rawg.io/media/games/eac/eac17db790a988f47e5700d176497694.jpg"
                },
                {
                    "id": 91537,
                    "name": "HDR available",
                    "slug": "hdr-available",
                    "language": "eng",
                    "games_count": 114,
                    "image_background": "https://media.rawg.io/media/games/27d/27d2f9f7ee2c49d21c9c21e74cf98749.jpg"
                }
            ],
            "esrb_rating": {
                "id": 4,
                "name": "Mature",
                "slug": "mature",
                "name_en": "Mature",
                "name_ru": "С 17 лет"
            },
            "user_game": null,
            "reviews_count": 3,
            "community_rating": 0,
            "saturated_color": "0f0f0f",
            "dominant_color": "0f0f0f",
            "short_screenshots": [
                {
                    "id": -1,
                    "image": "https://media.rawg.io/media/screenshots/3c4/3c4c51b66741363d83b56ce66b1240ec.jpg"
                },
                {
                    "id": 4095750,
                    "image": "https://media.rawg.io/media/screenshots/aad/aada0fd878dfa93ce00081f23c680452.jpg"
                },
                {
                    "id": 4095751,
                    "image": "https://media.rawg.io/media/screenshots/38f/38f081b185ac3d0e88634b87ebf8b071.jpg"
                },
                {
                    "id": 4095752,
                    "image": "https://media.rawg.io/media/screenshots/5ab/5ab0310e3e7156b1ef3361b8b60dcf58.jpg"
                },
                {
                    "id": 4095753,
                    "image": "https://media.rawg.io/media/screenshots/31c/31c896282baad3145d7e2a589870ca77.jpg"
                },
                {
                    "id": 4095754,
                    "image": "https://media.rawg.io/media/screenshots/23b/23b5bbc7cca6cbaae190300e1fc8e9ad.jpg"
                },
                {
                    "id": 4095755,
                    "image": "https://media.rawg.io/media/screenshots/8b7/8b7000cc99343433581dfc8719015520.jpg"
                }
            ],
            "parent_platforms": [
                {
                    "platform": {
                        "id": 1,
                        "name": "PC",
                        "slug": "pc"
                    }
                }
            ],
            "genres": [
                {
                    "id": 3,
                    "name": "Adventure",
                    "slug": "adventure"
                },
                {
                    "id": 4,
                    "name": "Action",
                    "slug": "action"
                },
                {
                    "id": 5,
                    "name": "RPG",
                    "slug": "role-playing-games-rpg"
                }
            ]
        }
    ],
    "user_platforms": false
}