{
    "count": 527,
    "next": "https://api.rawg.io/api/games?developers=6&key=6144c1f5ae184e6a89a3e2b34caf541c&ordering=-rating&page=2&page_size=10",
    "previous": null,
    "results": [
        {
            "slug": "chess",
            "name": "Chess",
            "playtime": 1,
            "platforms": [
                {
                    "platform": {
                        "id": 4,
                        "name": "PC",
                        "slug": "pc"
                    }
                },
                {
                    "platform": {
                        "id": 7,
                        "name": "Nintendo Switch",
                        "slug": "nintendo-switch"
                    }
                },
                {
                    "platform": {
                        "id": 3,
                        "name": "iOS",
                        "slug": "ios"
                    }
                },
                {
                    "platform": {
                        "id": 21,
                        "name": "Android",
                        "slug": "android"
                    }
                },
                {
                    "platform": {
                        "id": 5,
                        "name": "macOS",
                        "slug": "macos"
                    }
                },
                {
                    "platform": {
                        "id": 6,
                        "name": "Linux",
                        "slug": "linux"
                    }
                },
                {
                    "platform": {
                        "id": 16,
                        "name": "PlayStation 3",
                        "slug": "playstation3"
                    }
                },
                {
                    "platform": {
                        "id": 19,
                        "name": "PS Vita",
                        "slug": "ps-vita"
                    }
                },
                {
                    "platform": {
                        "id": 17,
                        "name": "PSP",
                        "slug": "psp"
                    }
                }
            ],
            "stores": [
                {
                    "store": {
                        "id": 1,
                        "name": "Steam",
                        "slug": "steam"
                    }
                },
                {
                    "store": {
                        "id": 3,
                        "name": "PlayStation Store",
                        "slug": "playstation-store"
                    }
                },
                {
                    "store": {
                        "id": 4,
                        "name": "App Store",
                        "slug": "apple-appstore"
                    }
                },
                {
                    "store": {
                        "id": 6,
                        "name": "Nintendo Store",
                        "slug": "nintendo"
                    }
                },
                {
                    "store": {
                        "id": 8,
                        "name": "Google Play",
                        "slug": "google-play"
                    }
                }
            ],
            "released": "2009-06-13",
            "tba": false,
            "background_image": "https://media.rawg.io/media/screenshots/82f/82fd11bcce59cfcdb54da09b5eae2f0c.jpg",
            "rating": 4.56,
            "rating_top": 5,
            "ratings": [
                {
                    "id": 5,
                    "title": "exceptional",
                    "count": 8,
                    "percent": 88.89
                },
                {
                    "id": 1,
                    "title": "skip",
                    "count": 1,
                    "percent": 11.11
                }
            ],
            "ratings_count": 9,
            "reviews_text_count": 0,
            "added": 24,
            "added_by_status": {
                "yet": 2,
                "owned": 17,
                "beaten": 2,
                "toplay": 1,
                "dropped": 2
            },
            "metacritic": null,
            "suggestions_count": 111,
            "updated": "2024-05-27T08:19:27",
            "id": 3482,
            "score": null,
            "clip": null,
            "tags": [
                {
                    "id": 31,
                    "name": "Singleplayer",
                    "slug": "singleplayer",
                    "language": "eng",
                    "games_count": 236808,
                    "image_background": "https://media.rawg.io/media/games/4be/4be6a6ad0364751a96229c56bf69be59.jpg"
                },
                {
                    "id": 42396,
                    "name": "Для одного игрока",
                    "slug": "dlia-odnogo-igroka",
                    "language": "rus",
                    "games_count": 59339,
                    "image_background": "https://media.rawg.io/media/games/49c/49c3dfa4ce2f6f140cc4825868e858cb.jpg"
                },
                {
                    "id": 42398,
                    "name": "Инди",
                    "slug": "indi-2",
                    "language": "rus",
                    "games_count": 61346,
                    "image_background": "https://media.rawg.io/media/games/562/562553814dd54e001a541e4ee83a591c.jpg"
                },
                {
                    "id": 7,
                    "name": "Multiplayer",
                    "slug": "multiplayer",
                    "language": "eng",
                    "games_count": 40265,
                    "image_background": "https://media.rawg.io/media/games/021/021c4e21a1824d2526f925eff6324653.jpg"
                },
                {
                    "id": 42421,
                    "name": "Стратегия",
                    "slug": "strategiia",
                    "language": "rus",
                    "games_count": 21623,
                    "image_background": "https://media.rawg.io/media/games/af7/af7a831001c5c32c46e950cc883b8cb7.jpg"
                },
                {
                    "id": 42399,
                    "name": "Казуальная игра",
                    "slug": "kazualnaia-igra",
                    "language": "rus",
                    "games_count": 47619,
                    "image_background": "https://media.rawg.io/media/games/baf/baf9905270314e07e6850cffdb51df41.jpg"
                },
                {
                    "id": 45,
                    "name": "2D",
                    "slug": "2d",
                    "language": "eng",
                    "games_count": 201371,
                    "image_background": "https://media.rawg.io/media/games/9fa/9fa63622543e5d4f6d99aa9d73b043de.jpg"
                },
                {
                    "id": 42413,
                    "name": "Симулятор",
                    "slug": "simuliator",
                    "language": "rus",
                    "games_count": 22400,
                    "image_background": "https://media.rawg.io/media/screenshots/f2f/f2f3c93d6153da7aee590f3ab8ccd803.jpg"
                },
                {
                    "id": 79,
                    "name": "Free to Play",
                    "slug": "free-to-play",
                    "language": "eng",
                    "games_count": 8323,
                    "image_background": "https://media.rawg.io/media/games/35b/35b47c4d85cd6e08f3e2ca43ea5ce7bb.jpg"
                },
                {
                    "id": 42538,
                    "name": "Бесплатная игра",
                    "slug": "besplatnaia-igra",
                    "language": "rus",
                    "games_count": 8311,
                    "image_background": "https://media.rawg.io/media/games/26b/26b27e1da9e3727fcb12e3e4e86c8c19.jpg"
                },
                {
                    "id": 397,
                    "name": "Online multiplayer",
                    "slug": "online-multiplayer",
                    "language": "eng",
                    "games_count": 3804,
                    "image_background": "https://media.rawg.io/media/games/f46/f466571d536f2e3ea9e815ad17177501.jpg"
                },
                {
                    "id": 198,
                    "name": "Split Screen",
                    "slug": "split-screen",
                    "language": "eng",
                    "games_count": 7359,
                    "image_background": "https://media.rawg.io/media/games/12e/12ea6b35b65df38258e25885a0a392a6.jpg"
                },
                {
                    "id": 42449,
                    "name": "Локальный мультиплеер",
                    "slug": "lokalnyi-multipleer",
                    "language": "rus",
                    "games_count": 4025,
                    "image_background": "https://media.rawg.io/media/games/d1a/d1a1202a378607b6c635c8f18ace95dd.jpg"
                },
                {
                    "id": 72,
                    "name": "Local Multiplayer",
                    "slug": "local-multiplayer",
                    "language": "eng",
                    "games_count": 13574,
                    "image_background": "https://media.rawg.io/media/screenshots/4f4/4f4722571e32954af43a4508607c1748.jpg"
                },
                {
                    "id": 157,
                    "name": "PvP",
                    "slug": "pvp",
                    "language": "eng",
                    "games_count": 10659,
                    "image_background": "https://media.rawg.io/media/games/9c4/9c47f320eb73c9a02d462e12f6206b26.jpg"
                },
                {
                    "id": 40832,
                    "name": "Cross-Platform Multiplayer",
                    "slug": "cross-platform-multiplayer",
                    "language": "eng",
                    "games_count": 2884,
                    "image_background": "https://media.rawg.io/media/games/12e/12ea6b35b65df38258e25885a0a392a6.jpg"
                },
                {
                    "id": 42434,
                    "name": "Игрок против игрока",
                    "slug": "igrok-protiv-igroka",
                    "language": "rus",
                    "games_count": 6127,
                    "image_background": "https://media.rawg.io/media/games/48e/48e63bbddeddbe9ba81942772b156664.jpg"
                },
                {
                    "id": 42531,
                    "name": "Спортивная игра",
                    "slug": "sportivnaia-igra",
                    "language": "rus",
                    "games_count": 4672,
                    "image_background": "https://media.rawg.io/media/screenshots/c02/c02c64324edc2045ea1fc0601cdaaa0c.jpg"
                },
                {
                    "id": 42568,
                    "name": "Пошаговые сражения",
                    "slug": "poshagovye-srazheniia",
                    "language": "rus",
                    "games_count": 3635,
                    "image_background": "https://media.rawg.io/media/screenshots/c8a/c8a2d3c82dc11dcec380103d92580af2.jpeg"
                },
                {
                    "id": 42546,
                    "name": "Пошаговая тактика",
                    "slug": "poshagovaia-taktika",
                    "language": "rus",
                    "games_count": 3800,
                    "image_background": "https://media.rawg.io/media/games/172/172dd929a1f2fcca13c3da3d83605f06.jpeg"
                },
                {
                    "id": 175,
                    "name": "Turn-Based Combat",
                    "slug": "turn-based-combat",
                    "language": "eng",
                    "games_count": 5638,
                    "image_background": "https://media.rawg.io/media/games/b2c/b2c9c6115114c8f7d461b5430e8a7d4a.jpg"
                },
                {
                    "id": 176,
                    "name": "Turn-Based Tactics",
                    "slug": "turn-based-tactics",
                    "language": "eng",
                    "games_count": 3666,
                    "image_background": "https://media.rawg.io/media/games/424/424facd40f4eb1f2794fe4b4bb28a277.jpg"
                },
                {
                    "id": 42622,
                    "name": "Нуар",
                    "slug": "nuar",
                    "language": "rus",
                    "games_count": 908,
                    "image_background": "https://media.rawg.io/media/games/b51/b51c46cccb277e6451e2a67e4213a820.jpg"
                },
                {
                    "id": 289,
                    "name": "Noir",
                    "slug": "noir",
                    "language": "eng",
                    "games_count": 1501,
                    "image_background": "https://media.rawg.io/media/games/be0/be084b850302abe81675bc4ffc08a0d0.jpg"
                },
                {
                    "id": 162,
                    "name": "Board Game",
                    "slug": "board-game",
                    "language": "eng",
                    "games_count": 4241,
                    "image_background": "https://media.rawg.io/media/screenshots/768/768e36d4b62a1481fef737c6920fbfc7.jpg"
                },
                {
                    "id": 45201,
                    "name": "Remote Play Together",
                    "slug": "remote-play-together",
                    "language": "eng",
                    "games_count": 3422,
                    "image_background": "https://media.rawg.io/media/games/9c7/9c7dd09596246993169b356d7c1facf0.jpg"
                },
                {
                    "id": 49959,
                    "name": "2D Platformer",
                    "slug": "2d-platformer-3",
                    "language": "eng",
                    "games_count": 7861,
                    "image_background": "https://media.rawg.io/media/games/a53/a53575214f12dadb9f6d7dca9b24cda4.jpg"
                },
                {
                    "id": 49995,
                    "name": "2D-платформер",
                    "slug": "2d-platformer-4",
                    "language": "eng",
                    "games_count": 7816,
                    "image_background": "https://media.rawg.io/media/screenshots/a92/a92587515cbbfbd6a28929cb473268e3.jpg"
                },
                {
                    "id": 91686,
                    "name": "Family Sharing",
                    "slug": "family-sharing",
                    "language": "eng",
                    "games_count": 16129,
                    "image_background": "https://media.rawg.io/media/games/369/36925f823ec3e9e28a91729c88bf31ec.jpg"
                },
                {
                    "id": 42700,
                    "name": "Логика",
                    "slug": "logika",
                    "language": "rus",
                    "games_count": 4672,
                    "image_background": "https://media.rawg.io/media/screenshots/a2e/a2ecf055ac9339d3a58808842c44a9b7.jpg"
                },
                {
                    "id": 46114,
                    "name": "Shared/Split Screen PvP",
                    "slug": "sharedsplit-screen-pvp",
                    "language": "eng",
                    "games_count": 2488,
                    "image_background": "https://media.rawg.io/media/games/6df/6df25df71825f338195c69cd7ae07b85.jpg"
                },
                {
                    "id": 575,
                    "name": "Logic",
                    "slug": "logic",
                    "language": "eng",
                    "games_count": 5415,
                    "image_background": "https://media.rawg.io/media/games/186/1864ee956f171b4c3d5791b82c15df2f.jpg"
                },
                {
                    "id": 42693,
                    "name": "Шахматы",
                    "slug": "shakhmaty",
                    "language": "rus",
                    "games_count": 235,
                    "image_background": "https://media.rawg.io/media/screenshots/1e9/1e9f7792109d944485f066a8a4ac02d2.jpg"
                },
                {
                    "id": 253,
                    "name": "Chess",
                    "slug": "chess",
                    "language": "eng",
                    "games_count": 1919,
                    "image_background": "https://media.rawg.io/media/screenshots/8b4/8b4e94a2cccc7a07d623e0571013a01d.jpg"
                },
                {
                    "id": 59463,
                    "name": "Настольная с полем",
                    "slug": "nastolnaia-s-polem",
                    "language": "rus",
                    "games_count": 1705,
                    "image_background": "https://media.rawg.io/media/screenshots/286/286a939d311b552e8f516b12518ec924.jpg"
                },
                {
                    "id": 55322,
                    "name": "Roguelike Deckbuilder",
                    "slug": "roguelike-deckbuilder",
                    "language": "eng",
                    "games_count": 339,
                    "image_background": "https://media.rawg.io/media/screenshots/ba8/ba84d2419858e03e12cc180e90f560fa.jpg"
                },
                {
                    "id": 60342,
                    "name": "Карточный рогалик",
                    "slug": "kartochnyi-rogalik",
                    "language": "rus",
                    "games_count": 337,
                    "image_background": "https://media.rawg.io/media/screenshots/26d/26d6a10eb258cf1240f5404735aa47d4.jpg"
                }
            ],
            "esrb_rating": {
                "id": 1,
                "name": "Everyone",
                "slug": "everyone",
                "name_en": "Everyone",
                "name_ru": "Для всех"
            },
            "user_game": null,
            "reviews_count": 9,
            "saturated_color": "0f0f0f",
            "dominant_color": "0f0f0f",
            "short_screenshots": [
                {
                    "id": -1,
                    "image": "https://media.rawg.io/media/screenshots/82f/82fd11bcce59cfcdb54da09b5eae2f0c.jpg"
                },
                {
                    "id": 655302,
                    "image": "https://media.rawg.io/media/screenshots/e9b/e9b0d4b2a8137502914f3e8bf4477e08.jpg"
                },
                {
                    "id": 655303,
                    "image": "https://media.rawg.io/media/screenshots/097/0974137581418316c49facbf44f771d8.jpg"
                },
                {
                    "id": 655304,
                    "image": "https://media.rawg.io/media/screenshots/fb2/fb285521ff35bf39f5a8399b9c1cd785.jpg"
                },
                {
                    "id": 655305,
                    "image": "https://media.rawg.io/media/screenshots/42b/42b80272a8c8b396343e7ba7d0db55b3.jpg"
                },
                {
                    "id": 655306,
                    "image": "https://media.rawg.io/media/screenshots/82f/82fd11bcce59cfcdb54da09b5eae2f0c.jpg"
                }
            ],
            "parent_platforms": [
                {
                    "platform": {
                        "id": 1,
                        "name": "PC",
                        "slug": "pc"
                    }
                },
                {
                    "platform": {
                        "id": 2,
                        "name": "PlayStation",
                        "slug": "playstation"
                    }
                },
                {
                    "platform": {
                        "id": 4,
                        "name": "iOS",
                        "slug": "ios"
                    }
                },
                {
                    "platform": {
                        "id": 8,
                        "name": "Android",
                        "slug": "android"
                    }
                },
                {
                    "platform": {
                        "id": 5,
                        "name": "Apple Macintosh",
                        "slug": "mac"
                    }
                },
                {
                    "platform": {
                        "id": 6,
                        "name": "Linux",
                        "slug": "linux"
                    }
                },
                {
                    "platform": {
                        "id": 7,
                        "name": "Nintendo",
                        "slug": "nintendo"
                    }
                }
            ],
            "genres": [
                {
                    "id": 7,
                    "name": "Puzzle",
                    "slug": "puzzle"
                },
                {
                    "id": 40,
                    "name": "Casual",
                    "slug": "casual"
                },
                {
                    "id": 10,
                    "name": "Strategy",
                    "slug": "strategy"
                },
                {
                    "id": 14,
                    "name": "Simulation",
                    "slug": "simulation"
                },
                {
                    "id": 15,
                    "name": "Sports",
                    "slug": "sports"
                },
                {
                    "id": 51,
                    "name": "Indie",
                    "slug": "indie"
                },
                {
                    "id": 28,
                    "name": "Board Games",
                    "slug": "board-games"
                }
            ]
        },
        {
            "slug": "capcom-vs-snk-2-mark-of-the-millennium-2001",
            "name": "Capcom vs. SNK 2: Mark of the Millennium 2001",
            "playtime": 0,
            "platforms": [
                {
                    "platform": {
                        "id": 80,
                        "name": "Xbox",
                        "slug": "xbox-old"
                    }
                },
                {
                    "platform": {
                        "id": 16,
                        "name": "PlayStation 3",
                        "slug": "playstation3"
                    }
                },
                {
                    "platform": {
                        "id": 15,
                        "name": "PlayStation 2",
                        "slug": "playstation2"
                    }
                },
                {
                    "platform": {
                        "id": 105,
                        "name": "GameCube",
                        "slug": "gamecube"
                    }
                },
                {
                    "platform": {
                        "id": 106,
                        "name": "Dreamcast",
                        "slug": "dreamcast"
                    }
                }
            ],
            "stores": [
                {
                    "store": {
                        "id": 3,
                        "name": "PlayStation Store",
                        "slug": "playstation-store"
                    }
                }
            ],
            "released": "2013-07-16",
            "tba": false,
            "background_image": "https://media.rawg.io/media/games/0bb/0bb8641872130c9fc0cecd730f2733c8.jpg",
            "rating": 4.5,
            "rating_top": 5,
            "ratings": [
                {
                    "id": 5,
                    "title": "exceptional",
                    "count": 4,
                    "percent": 66.67
                },
                {
                    "id": 4,
                    "title": "recommended",
                    "count": 1,
                    "percent": 16.67
                },
                {
                    "id": 3,
                    "title": "meh",
                    "count": 1,
                    "percent": 16.67
                }
            ],
            "ratings_count": 5,
            "reviews_text_count": 1,
            "added": 25,
            "added_by_status": {
                "yet": 1,
                "owned": 8,
                "beaten": 8,
                "toplay": 4,
                "dropped": 4
            },
            "metacritic": null,
            "suggestions_count": 354,
            "updated": "2023-10-30T18:23:06",
            "id": 3957,
            "score": null,
            "clip": null,
            "tags": [
                {
                    "id": 1221,
                    "name": "history",
                    "slug": "history",
                    "language": "eng",
                    "games_count": 2373,
                    "image_background": "https://media.rawg.io/media/games/e11/e11c5c049bbb63a19789a28755c667bf.jpg"
                }
            ],
            "esrb_rating": {
                "id": 3,
                "name": "Teen",
                "slug": "teen",
                "name_en": "Teen",
                "name_ru": "С 13 лет"
            },
            "user_game": null,
            "reviews_count": 6,
            "saturated_color": "0f0f0f",
            "dominant_color": "0f0f0f",
            "short_screenshots": [
                {
                    "id": -1,
                    "image": "https://media.rawg.io/media/games/0bb/0bb8641872130c9fc0cecd730f2733c8.jpg"
                },
                {
                    "id": 1737518,
                    "image": "https://media.rawg.io/media/screenshots/53d/53d750e489acc68953bcda09340037dc_LUJszoB.jpg"
                },
                {
                    "id": 1737519,
                    "image": "https://media.rawg.io/media/screenshots/ec8/ec819ec3ad39b09a54d3798e680c3d5a_1HBtLnn.jpg"
                },
                {
                    "id": 1737520,
                    "image": "https://media.rawg.io/media/screenshots/7d4/7d43617a1d718129657b36fd45adf774.jpg"
                },
                {
                    "id": 1737521,
                    "image": "https://media.rawg.io/media/screenshots/376/376afa33652fc6f8ea486e21365aa60c.jpg"
                },
                {
                    "id": 1737522,
                    "image": "https://media.rawg.io/media/screenshots/9ed/9ed1d37e420b5944b23e8f5053177468.jpg"
                },
                {
                    "id": 1737523,
                    "image": "https://media.rawg.io/media/screenshots/54d/54d1691c8920bf7835f5a587f64bf059.jpg"
                }
            ],
            "parent_platforms": [
                {
                    "platform": {
                        "id": 2,
                        "name": "PlayStation",
                        "slug": "playstation"
                    }
                },
                {
                    "platform": {
                        "id": 3,
                        "name": "Xbox",
                        "slug": "xbox"
                    }
                },
                {
                    "platform": {
                        "id": 7,
                        "name": "Nintendo",
                        "slug": "nintendo"
                    }
                },
                {
                    "platform": {
                        "id": 11,
                        "name": "SEGA",
                        "slug": "sega"
                    }
                }
            ],
            "genres": [
                {
                    "id": 6,
                    "name": "Fighting",
                    "slug": "fighting"
                }
            ]
        },
        {
            "slug": "darkstalkers",
            "name": "DARKSTALKERS",
            "playtime": 0,
            "platforms": [
                {
                    "platform": {
                        "id": 16,
                        "name": "PlayStation 3",
                        "slug": "playstation3"
                    }
                },
                {
                    "platform": {
                        "id": 19,
                        "name": "PS Vita",
                        "slug": "ps-vita"
                    }
                },
                {
                    "platform": {
                        "id": 17,
                        "name": "PSP",
                        "slug": "psp"
                    }
                }
            ],
            "stores": [
                {
                    "store": {
                        "id": 3,
                        "name": "PlayStation Store",
                        "slug": "playstation-store"
                    }
                }
            ],
            "released": "2011-11-29",
            "tba": false,
            "background_image": "https://media.rawg.io/media/screenshots/3c7/3c75ac4404cfba3bc1beea2f2bcb53a9.jpg",
            "rating": 4.5,
            "rating_top": 5,
            "ratings": [
                {
                    "id": 5,
                    "title": "exceptional",
                    "count": 4,
                    "percent": 50.0
                },
                {
                    "id": 4,
                    "title": "recommended",
                    "count": 4,
                    "percent": 50.0
                }
            ],
            "ratings_count": 8,
            "reviews_text_count": 0,
            "added": 50,
            "added_by_status": {
                "yet": 4,
                "owned": 27,
                "beaten": 6,
                "toplay": 7,
                "dropped": 6
            },
            "metacritic": null,
            "suggestions_count": 215,
            "updated": "2022-11-14T14:50:02",
            "id": 4528,
            "score": null,
            "clip": null,
            "tags": [
                {
                    "id": 7,
                    "name": "Multiplayer",
                    "slug": "multiplayer",
                    "language": "eng",
                    "games_count": 39675,
                    "image_background": "https://media.rawg.io/media/games/736/73619bd336c894d6941d926bfd563946.jpg"
                },
                {
                    "id": 115,
                    "name": "Controller",
                    "slug": "controller",
                    "language": "eng",
                    "games_count": 12821,
                    "image_background": "https://media.rawg.io/media/games/35b/35b47c4d85cd6e08f3e2ca43ea5ce7bb.jpg"
                },
                {
                    "id": 981,
                    "name": "battle",
                    "slug": "battle",
                    "language": "eng",
                    "games_count": 10673,
                    "image_background": "https://media.rawg.io/media/screenshots/a06/a06ad4fb44d5031dcfa262ffc1759b47.jpg"
                },
                {
                    "id": 1652,
                    "name": "night",
                    "slug": "night",
                    "language": "eng",
                    "games_count": 4484,
                    "image_background": "https://media.rawg.io/media/games/2ee/2eeed8524931b4fae1e4a40d0e5443b5.jpg"
                },
                {
                    "id": 3728,
                    "name": "memory",
                    "slug": "memory",
                    "language": "eng",
                    "games_count": 3235,
                    "image_background": "https://media.rawg.io/media/screenshots/6ae/6ae63d3a127362ec8172868756d4cee5.jpg"
                },
                {
                    "id": 7082,
                    "name": "fighter",
                    "slug": "fighter",
                    "language": "eng",
                    "games_count": 1483,
                    "image_background": "https://media.rawg.io/media/games/1b9/1b9b1b82d204e9656019f73c577cb804.jpg"
                },
                {
                    "id": 486,
                    "name": "versus",
                    "slug": "versus",
                    "language": "eng",
                    "games_count": 1796,
                    "image_background": "https://media.rawg.io/media/screenshots/27a/27ab5d706a13441faad8d02148dff5ae.jpg"
                }
            ],
            "esrb_rating": {
                "id": 3,
                "name": "Teen",
                "slug": "teen",
                "name_en": "Teen",
                "name_ru": "С 13 лет"
            },
            "user_game": null,
            "reviews_count": 8,
            "saturated_color": "0f0f0f",
            "dominant_color": "0f0f0f",
            "short_screenshots": [
                {
                    "id": -1,
                    "image": "https://media.rawg.io/media/screenshots/3c7/3c75ac4404cfba3bc1beea2f2bcb53a9.jpg"
                },
                {
                    "id": 2300577,
                    "image": "https://media.rawg.io/media/screenshots/602/60208750b7fa95211c3def244a3098bc.jpg"
                },
                {
                    "id": 2300578,
                    "image": "https://media.rawg.io/media/screenshots/627/6279db47c8edf0a41820158fcd423767.jpg"
                },
                {
                    "id": 2300579,
                    "image": "https://media.rawg.io/media/screenshots/2cc/2cc56a986f4d01fc0f992306044ffd79.jpg"
                },
                {
                    "id": 2300580,
                    "image": "https://media.rawg.io/media/screenshots/3c7/3c75ac4404cfba3bc1beea2f2bcb53a9.jpg"
                }
            ],
            "parent_platforms": [
                {
                    "platform": {
                        "id": 2,
                        "name": "PlayStation",
                        "slug": "playstation"
                    }
                }
            ],
            "genres": [
                {
                    "id": 6,
                    "name": "Fighting",
                    "slug": "fighting"
                }
            ]
        },
        {
            "slug": "disgaea-hour-of-darkness",
            "name": "Disgaea: Hour of Darkness",
            "playtime": 0,
            "platforms": [
                {
                    "platform": {
                        "id": 16,
                        "name": "PlayStation 3",
                        "slug": "playstation3"
                    }
                },
                {
                    "platform": {
                        "id": 15,
                        "name": "PlayStation 2",
                        "slug": "playstation2"
                    }
                }
            ],
            "stores": [
                {
                    "store": {
                        "id": 3,
                        "name": "PlayStation Store",
                        "slug": "playstation-store"
                    }
                }
            ],
            "released": "2013-01-15",
            "tba": false,
            "background_image": "https://media.rawg.io/media/screenshots/00c/00c84f49a6c003402968c9bb60cf6c56.jpeg",
            "rating": 4.5,
            "rating_top": 5,
            "ratings": [
                {
                    "id": 5,
                    "title": "exceptional",
                    "count": 3,
                    "percent": 50.0
                },
                {
                    "id": 4,
                    "title": "recommended",
                    "count": 3,
                    "percent": 50.0
                }
            ],
            "ratings_count": 6,
            "reviews_text_count": 0,
            "added": 30,
            "added_by_status": {
                "yet": 5,
                "owned": 6,
                "beaten": 7,
                "toplay": 9,
                "dropped": 3
            },
            "metacritic": null,
            "suggestions_count": 47,
            "updated": "2023-01-11T03:46:01",
            "id": 4136,
            "score": null,
            "clip": null,
            "tags": [
                {
                    "id": 7,
                    "name": "Multiplayer",
                    "slug": "multiplayer",
                    "language": "eng",
                    "games_count": 40195,
                    "image_background": "https://media.rawg.io/media/games/6c5/6c55e22185876626881b76c11922b073.jpg"
                },
                {
                    "id": 24,
                    "name": "RPG",
                    "slug": "rpg",
                    "language": "eng",
                    "games_count": 23724,
                    "image_background": "https://media.rawg.io/media/games/bc0/bc06a29ceac58652b684deefe7d56099.jpg"
                },
                {
                    "id": 5816,
                    "name": "console",
                    "slug": "console",
                    "language": "eng",
                    "games_count": 1390,
                    "image_background": "https://media.rawg.io/media/games/faa/faa6a4a7a2e57faf2960329630aee211.jpg"
                },
                {
                    "id": 486,
                    "name": "versus",
                    "slug": "versus",
                    "language": "eng",
                    "games_count": 1796,
                    "image_background": "https://media.rawg.io/media/screenshots/27a/27ab5d706a13441faad8d02148dff5ae.jpg"
                }
            ],
            "esrb_rating": {
                "id": 3,
                "name": "Teen",
                "slug": "teen",
                "name_en": "Teen",
                "name_ru": "С 13 лет"
            },
            "user_game": null,
            "reviews_count": 6,
            "saturated_color": "0f0f0f",
            "dominant_color": "0f0f0f",
            "short_screenshots": [
                {
                    "id": -1,
                    "image": "https://media.rawg.io/media/screenshots/00c/00c84f49a6c003402968c9bb60cf6c56.jpeg"
                },
                {
                    "id": 3995409,
                    "image": "https://media.rawg.io/media/screenshots/00c/00c84f49a6c003402968c9bb60cf6c56.jpeg"
                }
            ],
            "parent_platforms": [
                {
                    "platform": {
                        "id": 2,
                        "name": "PlayStation",
                        "slug": "playstation"
                    }
                }
            ],
            "genres": [
                {
                    "id": 5,
                    "name": "RPG",
                    "slug": "role-playing-games-rpg"
                }
            ]
        },
        {
            "slug": "the-sly-collection",
            "name": "The Sly Collection",
            "playtime": 1,
            "platforms": [
                {
                    "platform": {
                        "id": 16,
                        "name": "PlayStation 3",
                        "slug": "playstation3"
                    }
                },
                {
                    "platform": {
                        "id": 19,
                        "name": "PS Vita",
                        "slug": "ps-vita"
                    }
                }
            ],
            "stores": [
                {
                    "store": {
                        "id": 3,
                        "name": "PlayStation Store",
                        "slug": "playstation-store"
                    }
                }
            ],
            "released": "2010-11-09",
            "tba": false,
            "background_image": "https://media.rawg.io/media/screenshots/d8d/d8df4fbe7f2e60ae1f824c3d4cc38676.jpg",
            "rating": 4.46,
            "rating_top": 4,
            "ratings": [
                {
                    "id": 4,
                    "title": "recommended",
                    "count": 13,
                    "percent": 54.17
                },
                {
                    "id": 5,
                    "title": "exceptional",
                    "count": 11,
                    "percent": 45.83
                }
            ],
            "ratings_count": 21,
            "reviews_text_count": 3,
            "added": 76,
            "added_by_status": {
                "yet": 6,
                "owned": 20,
                "beaten": 26,
                "toplay": 20,
                "dropped": 2,
                "playing": 2
            },
            "metacritic": 85,
            "suggestions_count": 483,
            "updated": "2024-03-02T17:18:39",
            "id": 4534,
            "score": null,
            "clip": null,
            "tags": [
                {
                    "id": 6,
                    "name": "Exploration",
                    "slug": "exploration",
                    "language": "eng",
                    "games_count": 25436,
                    "image_background": "https://media.rawg.io/media/games/4cf/4cfc6b7f1850590a4634b08bfab308ab.jpg"
                },
                {
                    "id": 15,
                    "name": "Stealth",
                    "slug": "stealth",
                    "language": "eng",
                    "games_count": 6602,
                    "image_background": "https://media.rawg.io/media/games/62c/62c7c8b28a27b83680b22fb9d33fc619.jpg"
                },
                {
                    "id": 1465,
                    "name": "combat",
                    "slug": "combat",
                    "language": "eng",
                    "games_count": 13781,
                    "image_background": "https://media.rawg.io/media/games/044/044b2ee023930ca138deda151f40c18c.jpg"
                },
                {
                    "id": 413,
                    "name": "online",
                    "slug": "online",
                    "language": "eng",
                    "games_count": 6553,
                    "image_background": "https://media.rawg.io/media/games/9f1/9f1891779cb20f44de93cef33b067e50.jpg"
                },
                {
                    "id": 744,
                    "name": "friends",
                    "slug": "friends",
                    "language": "eng",
                    "games_count": 15170,
                    "image_background": "https://media.rawg.io/media/screenshots/ea8/ea82ea0e91daeafd6b98d22166c0913b.jpg"
                },
                {
                    "id": 1626,
                    "name": "collection",
                    "slug": "collection",
                    "language": "eng",
                    "games_count": 3687,
                    "image_background": "https://media.rawg.io/media/screenshots/3e7/3e728c858ebd673e099cab3558a47d42.jpg"
                }
            ],
            "esrb_rating": {
                "id": 2,
                "name": "Everyone 10+",
                "slug": "everyone-10-plus",
                "name_en": "Everyone 10+",
                "name_ru": "С 10 лет"
            },
            "user_game": null,
            "reviews_count": 24,
            "saturated_color": "0f0f0f",
            "dominant_color": "0f0f0f",
            "short_screenshots": [
                {
                    "id": -1,
                    "image": "https://media.rawg.io/media/screenshots/d8d/d8df4fbe7f2e60ae1f824c3d4cc38676.jpg"
                },
                {
                    "id": 558014,
                    "image": "https://media.rawg.io/media/screenshots/296/296f2e53ecb33646bcf7277845cbfb0e.jpg"
                },
                {
                    "id": 558015,
                    "image": "https://media.rawg.io/media/screenshots/df0/df07f13077173903b282fbe658fc5e65.jpg"
                },
                {
                    "id": 558016,
                    "image": "https://media.rawg.io/media/screenshots/98c/98ca699f72224c2514c347e6897d7b58.jpg"
                },
                {
                    "id": 558017,
                    "image": "https://media.rawg.io/media/screenshots/b94/b94cd718a6430eef1365de0369897fb1.jpg"
                },
                {
                    "id": 558018,
                    "image": "https://media.rawg.io/media/screenshots/62d/62deb6e68ded14d74624faa93f6af8e7.jpg"
                },
                {
                    "id": 558019,
                    "image": "https://media.rawg.io/media/screenshots/70d/70d1b8b36b99ea3328d3e1532a3f4d7c.jpg"
                }
            ],
            "parent_platforms": [
                {
                    "platform": {
                        "id": 2,
                        "name": "PlayStation",
                        "slug": "playstation"
                    }
                }
            ],
            "genres": [
                {
                    "id": 11,
                    "name": "Arcade",
                    "slug": "arcade"
                },
                {
                    "id": 3,
                    "name": "Adventure",
                    "slug": "adventure"
                },
                {
                    "id": 4,
                    "name": "Action",
                    "slug": "action"
                }
            ]
        },
        {
            "slug": "bloodborne-game-of-the-year-edition",
            "name": "Bloodborne: Game of the Year Edition",
            "playtime": 0,
            "platforms": [
                {
                    "platform": {
                        "id": 18,
                        "name": "PlayStation 4",
                        "slug": "playstation4"
                    }
                }
            ],
            "stores": null,
            "released": "2015-11-27",
            "tba": false,
            "background_image": "https://media.rawg.io/media/screenshots/42a/42a82ea02cab8f902d83bb33b666a0b3.jpg",
            "rating": 4.42,
            "rating_top": 5,
            "ratings": [
                {
                    "id": 5,
                    "title": "exceptional",
                    "count": 19,
                    "percent": 73.08
                },
                {
                    "id": 4,
                    "title": "recommended",
                    "count": 3,
                    "percent": 11.54
                },
                {
                    "id": 3,
                    "title": "meh",
                    "count": 2,
                    "percent": 7.69
                },
                {
                    "id": 1,
                    "title": "skip",
                    "count": 2,
                    "percent": 7.69
                }
            ],
            "ratings_count": 26,
            "reviews_text_count": 0,
            "added": 56,
            "added_by_status": {
                "yet": 5,
                "owned": 4,
                "beaten": 30,
                "toplay": 12,
                "dropped": 3,
                "playing": 2
            },
            "metacritic": null,
            "suggestions_count": 579,
            "updated": "2025-03-01T10:20:54",
            "id": 836449,
            "score": null,
            "clip": null,
            "tags": [],
            "esrb_rating": {
                "id": 4,
                "name": "Mature",
                "slug": "mature",
                "name_en": "Mature",
                "name_ru": "С 17 лет"
            },
            "user_game": null,
            "reviews_count": 26,
            "saturated_color": "0f0f0f",
            "dominant_color": "0f0f0f",
            "short_screenshots": [
                {
                    "id": -1,
                    "image": "https://media.rawg.io/media/screenshots/42a/42a82ea02cab8f902d83bb33b666a0b3.jpg"
                },
                {
                    "id": 3521021,
                    "image": "https://media.rawg.io/media/screenshots/591/59193ec48b7571fbfa89b2652d7b9196.jpg"
                },
                {
                    "id": 3521022,
                    "image": "https://media.rawg.io/media/screenshots/a8c/a8c8e5df61af095f7eb69c4be759e650.jpg"
                },
                {
                    "id": 3521023,
                    "image": "https://media.rawg.io/media/screenshots/6d1/6d180f8cf5ce3efcdb48eb2f98bf4ff1.jpeg"
                },
                {
                    "id": 3521025,
                    "image": "https://media.rawg.io/media/screenshots/a11/a1143ec027c697af66c7229b4e29bd0e.jpeg"
                },
                {
                    "id": 3521026,
                    "image": "https://media.rawg.io/media/screenshots/59b/59b6efd3fec81b66635e8089e405e5cc.jpg"
                },
                {
                    "id": 3521027,
                    "image": "https://media.rawg.io/media/screenshots/c73/c7387c3eb45d5131da01047d5fa65684.jpeg"
                }
            ],
            "parent_platforms": [
                {
                    "platform": {
                        "id": 2,
                        "name": "PlayStation",
                        "slug": "playstation"
                    }
                }
            ],
            "genres": [
                {
                    "id": 4,
                    "name": "Action",
                    "slug": "action"
                },
                {
                    "id": 5,
                    "name": "RPG",
                    "slug": "role-playing-games-rpg"
                }
            ]
        },
        {
            "slug": "pursuit-force-extreme-justice",
            "name": "Pursuit Force: Extreme Justice",
            "playtime": 0,
            "platforms": [
                {
                    "platform": {
                        "id": 15,
                        "name": "PlayStation 2",
                        "slug": "playstation2"
                    }
                },
                {
                    "platform": {
                        "id": 17,
                        "name": "PSP",
                        "slug": "psp"
                    }
                }
            ],
            "stores": [
                {
                    "store": {
                        "id": 3,
                        "name": "PlayStation Store",
                        "slug": "playstation-store"
                    }
                }
            ],
            "released": "2007-05-14",
            "tba": false,
            "background_image": "https://media.rawg.io/media/games/d6f/d6f558ca3fec9eb08032de33653b7bea.jpg",
            "rating": 4.42,
            "rating_top": 5,
            "ratings": [
                {
                    "id": 5,
                    "title": "exceptional",
                    "count": 6,
                    "percent": 50.0
                },
                {
                    "id": 4,
                    "title": "recommended",
                    "count": 5,
                    "percent": 41.67
                },
                {
                    "id": 3,
                    "title": "meh",
                    "count": 1,
                    "percent": 8.33
                }
            ],
            "ratings_count": 11,
            "reviews_text_count": 0,
            "added": 27,
            "added_by_status": {
                "yet": 2,
                "owned": 7,
                "beaten": 14,
                "toplay": 2,
                "dropped": 1,
                "playing": 1
            },
            "metacritic": 73,
            "suggestions_count": 39,
            "updated": "2024-08-17T19:43:01",
            "id": 5351,
            "score": null,
            "clip": null,
            "tags": [
                {
                    "id": 37796,
                    "name": "exclusive",
                    "slug": "exclusive",
                    "language": "eng",
                    "games_count": 4491,
                    "image_background": "https://media.rawg.io/media/games/f24/f2493ea338fe7bd3c7d73750a85a0959.jpeg"
                },
                {
                    "id": 37797,
                    "name": "true exclusive",
                    "slug": "true-exclusive",
                    "language": "eng",
                    "games_count": 3980,
                    "image_background": "https://media.rawg.io/media/games/4be/4be6a6ad0364751a96229c56bf69be59.jpg"
                }
            ],
            "esrb_rating": {
                "id": 3,
                "name": "Teen",
                "slug": "teen",
                "name_en": "Teen",
                "name_ru": "С 13 лет"
            },
            "user_game": null,
            "reviews_count": 12,
            "saturated_color": "0f0f0f",
            "dominant_color": "0f0f0f",
            "short_screenshots": [
                {
                    "id": -1,
                    "image": "https://media.rawg.io/media/games/d6f/d6f558ca3fec9eb08032de33653b7bea.jpg"
                },
                {
                    "id": 1807139,
                    "image": "https://media.rawg.io/media/screenshots/660/6600515032b309b9fc3549b047f4627a.jpg"
                },
                {
                    "id": 1807140,
                    "image": "https://media.rawg.io/media/screenshots/a1d/a1d7581f35a15874ec92b44cc8d04556.jpg"
                },
                {
                    "id": 1807141,
                    "image": "https://media.rawg.io/media/screenshots/1ea/1ea7ca6ee15652f20da2b567064d255a.jpg"
                }
            ],
            "parent_platforms": [
                {
                    "platform": {
                        "id": 2,
                        "name": "PlayStation",
                        "slug": "playstation"
                    }
                }
            ],
            "genres": [
                {
                    "id": 1,
                    "name": "Racing",
                    "slug": "racing"
                },
                {
                    "id": 4,
                    "name": "Action",
                    "slug": "action"
                }
            ]
        },
        {
            "slug": "the-legend-of-dragoon",
            "name": "The Legend of Dragoon",
            "playtime": 1,
            "platforms": [
                {
                    "platform": {
                        "id": 27,
                        "name": "PlayStation",
                        "slug": "playstation1"
                    }
                }
            ],
            "stores": [
                {
                    "store": {
                        "id": 3,
                        "name": "PlayStation Store",
                        "slug": "playstation-store"
                    }
                }
            ],
            "released": "1999-12-02",
            "tba": false,
            "background_image": "https://media.rawg.io/media/screenshots/4d7/4d7606b1a32d022beaf845920b389be9.jpg",
            "rating": 4.41,
            "rating_top": 5,
            "ratings": [
                {
                    "id": 5,
                    "title": "exceptional",
                    "count": 38,
                    "percent": 59.38
                },
                {
                    "id": 4,
                    "title": "recommended",
                    "count": 18,
                    "percent": 28.12
                },
                {
                    "id": 3,
                    "title": "meh",
                    "count": 6,
                    "percent": 9.38
                },
                {
                    "id": 1,
                    "title": "skip",
                    "count": 2,
                    "percent": 3.12
                }
            ],
            "ratings_count": 62,
            "reviews_text_count": 2,
            "added": 187,
            "added_by_status": {
                "yet": 25,
                "owned": 52,
                "beaten": 54,
                "toplay": 35,
                "dropped": 17,
                "playing": 4
            },
            "metacritic": 74,
            "suggestions_count": 464,
            "updated": "2024-12-13T19:12:14",
            "id": 53089,
            "score": null,
            "clip": null,
            "tags": [
                {
                    "id": 31,
                    "name": "Singleplayer",
                    "slug": "singleplayer",
                    "language": "eng",
                    "games_count": 236399,
                    "image_background": "https://media.rawg.io/media/games/20a/20aa03a10cda45239fe22d035c0ebe64.jpg"
                },
                {
                    "id": 37796,
                    "name": "exclusive",
                    "slug": "exclusive",
                    "language": "eng",
                    "games_count": 4491,
                    "image_background": "https://media.rawg.io/media/games/f24/f2493ea338fe7bd3c7d73750a85a0959.jpeg"
                }
            ],
            "esrb_rating": {
                "id": 3,
                "name": "Teen",
                "slug": "teen",
                "name_en": "Teen",
                "name_ru": "С 13 лет"
            },
            "user_game": null,
            "reviews_count": 64,
            "saturated_color": "0f0f0f",
            "dominant_color": "0f0f0f",
            "short_screenshots": [
                {
                    "id": -1,
                    "image": "https://media.rawg.io/media/screenshots/4d7/4d7606b1a32d022beaf845920b389be9.jpg"
                },
                {
                    "id": 730538,
                    "image": "https://media.rawg.io/media/screenshots/089/089dc4a023adc561ec7facda0c86bdae.jpg"
                },
                {
                    "id": 730539,
                    "image": "https://media.rawg.io/media/screenshots/da1/da106af59a2b4b0040e21be49223320b.jpg"
                },
                {
                    "id": 730540,
                    "image": "https://media.rawg.io/media/screenshots/efe/efe40211a8b928b2480559c797196eda.jpg"
                },
                {
                    "id": 730541,
                    "image": "https://media.rawg.io/media/screenshots/4b5/4b587d5e9bec5ebd4cf9e47756b5c676.jpg"
                },
                {
                    "id": 730542,
                    "image": "https://media.rawg.io/media/screenshots/aa4/aa468a9ebb38f791353219c3c5e0c015.jpg"
                },
                {
                    "id": 730543,
                    "image": "https://media.rawg.io/media/screenshots/e6a/e6ab58750fbf53ad95f51f86ae8d74dd.jpg"
                }
            ],
            "parent_platforms": [
                {
                    "platform": {
                        "id": 2,
                        "name": "PlayStation",
                        "slug": "playstation"
                    }
                }
            ],
            "genres": [
                {
                    "id": 5,
                    "name": "RPG",
                    "slug": "role-playing-games-rpg"
                }
            ]
        },
        {
            "slug": "ratchet-and-clank-a-crack-in-time",
            "name": "Ratchet and Clank: A Crack in Time",
            "playtime": 0,
            "platforms": [
                {
                    "platform": {
                        "id": 16,
                        "name": "PlayStation 3",
                        "slug": "playstation3"
                    }
                }
            ],
            "stores": [
                {
                    "store": {
                        "id": 3,
                        "name": "PlayStation Store",
                        "slug": "playstation-store"
                    }
                }
            ],
            "released": "2009-10-27",
            "tba": false,
            "background_image": "https://media.rawg.io/media/games/5dd/5dd4309687ef8ec5019072bc52b61c7f.jpg",
            "rating": 4.4,
            "rating_top": 5,
            "ratings": [
                {
                    "id": 5,
                    "title": "exceptional",
                    "count": 56,
                    "percent": 56.0
                },
                {
                    "id": 4,
                    "title": "recommended",
                    "count": 34,
                    "percent": 34.0
                },
                {
                    "id": 3,
                    "title": "meh",
                    "count": 7,
                    "percent": 7.0
                },
                {
                    "id": 1,
                    "title": "skip",
                    "count": 3,
                    "percent": 3.0
                }
            ],
            "ratings_count": 97,
            "reviews_text_count": 3,
            "added": 238,
            "added_by_status": {
                "yet": 23,
                "owned": 36,
                "beaten": 122,
                "toplay": 40,
                "dropped": 13,
                "playing": 4
            },
            "metacritic": 87,
            "suggestions_count": 575,
            "updated": "2025-01-23T22:29:52",
            "id": 39405,
            "score": null,
            "clip": null,
            "tags": [
                {
                    "id": 37796,
                    "name": "exclusive",
                    "slug": "exclusive",
                    "language": "eng",
                    "games_count": 4491,
                    "image_background": "https://media.rawg.io/media/games/f24/f2493ea338fe7bd3c7d73750a85a0959.jpeg"
                },
                {
                    "id": 37797,
                    "name": "true exclusive",
                    "slug": "true-exclusive",
                    "language": "eng",
                    "games_count": 3980,
                    "image_background": "https://media.rawg.io/media/screenshots/0f5/0f585fa72f534f62f9e5da051179f5de.jpg"
                }
            ],
            "esrb_rating": {
                "id": 2,
                "name": "Everyone 10+",
                "slug": "everyone-10-plus",
                "name_en": "Everyone 10+",
                "name_ru": "С 10 лет"
            },
            "user_game": null,
            "reviews_count": 100,
            "saturated_color": "0f0f0f",
            "dominant_color": "0f0f0f",
            "short_screenshots": [
                {
                    "id": -1,
                    "image": "https://media.rawg.io/media/games/5dd/5dd4309687ef8ec5019072bc52b61c7f.jpg"
                },
                {
                    "id": 524928,
                    "image": "https://media.rawg.io/media/screenshots/585/5856b1aaa2bb27bcf2759d64b0220bc7.jpg"
                },
                {
                    "id": 524929,
                    "image": "https://media.rawg.io/media/screenshots/ce8/ce802a9f725f1d8107af236818270e14.jpg"
                },
                {
                    "id": 524930,
                    "image": "https://media.rawg.io/media/screenshots/ec7/ec76e1c1254bd18bacc3771c980768f3.jpg"
                },
                {
                    "id": 524931,
                    "image": "https://media.rawg.io/media/screenshots/291/2911f468a8c5e858bf6eecb8d39c91df.jpg"
                },
                {
                    "id": 524932,
                    "image": "https://media.rawg.io/media/screenshots/443/4437617fa73de9ff4d565a0c21592f4a.jpg"
                },
                {
                    "id": 524933,
                    "image": "https://media.rawg.io/media/screenshots/578/578c88073c1d4f4db94117c06e454f01.jpg"
                }
            ],
            "parent_platforms": [
                {
                    "platform": {
                        "id": 2,
                        "name": "PlayStation",
                        "slug": "playstation"
                    }
                }
            ],
            "genres": [
                {
                    "id": 11,
                    "name": "Arcade",
                    "slug": "arcade"
                },
                {
                    "id": 4,
                    "name": "Action",
                    "slug": "action"
                }
            ]
        },
        {
            "slug": "hogs-of-war",
            "name": "Hogs of War",
            "playtime": 1,
            "platforms": [
                {
                    "platform": {
                        "id": 4,
                        "name": "PC",
                        "slug": "pc"
                    }
                },
                {
                    "platform": {
                        "id": 27,
                        "name": "PlayStation",
                        "slug": "playstation1"
                    }
                }
            ],
            "stores": [
                {
                    "store": {
                        "id": 1,
                        "name": "Steam",
                        "slug": "steam"
                    }
                },
                {
                    "store": {
                        "id": 3,
                        "name": "PlayStation Store",
                        "slug": "playstation-store"
                    }
                },
                {
                    "store": {
                        "id": 5,
                        "name": "GOG",
                        "slug": "gog"
                    }
                }
            ],
            "released": "2000-06-07",
            "tba": false,
            "background_image": "https://media.rawg.io/media/games/08b/08b3a9c1ec12eb4ef058bf0600d2b906.jpg",
            "rating": 4.39,
            "rating_top": 5,
            "ratings": [
                {
                    "id": 5,
                    "title": "exceptional",
                    "count": 39,
                    "percent": 51.32
                },
                {
                    "id": 4,
                    "title": "recommended",
                    "count": 30,
                    "percent": 39.47
                },
                {
                    "id": 3,
                    "title": "meh",
                    "count": 6,
                    "percent": 7.89
                },
                {
                    "id": 1,
                    "title": "skip",
                    "count": 1,
                    "percent": 1.32
                }
            ],
            "ratings_count": 76,
            "reviews_text_count": 0,
            "added": 231,
            "added_by_status": {
                "yet": 9,
                "owned": 111,
                "beaten": 66,
                "toplay": 12,
                "dropped": 31,
                "playing": 2
            },
            "metacritic": null,
            "suggestions_count": 297,
            "updated": "2024-12-13T21:47:29",
            "id": 4074,
            "score": null,
            "clip": null,
            "tags": [
                {
                    "id": 31,
                    "name": "Singleplayer",
                    "slug": "singleplayer",
                    "language": "eng",
                    "games_count": 235265,
                    "image_background": "https://media.rawg.io/media/games/f87/f87457e8347484033cb34cde6101d08d.jpg"
                },
                {
                    "id": 42417,
                    "name": "Экшен",
                    "slug": "ekshen",
                    "language": "rus",
                    "games_count": 44522,
                    "image_background": "https://media.rawg.io/media/games/490/49016e06ae2103881ff6373248843069.jpg"
                },
                {
                    "id": 7,
                    "name": "Multiplayer",
                    "slug": "multiplayer",
                    "language": "eng",
                    "games_count": 39999,
                    "image_background": "https://media.rawg.io/media/games/713/713269608dc8f2f40f5a670a14b2de94.jpg"
                },
                {
                    "id": 42421,
                    "name": "Стратегия",
                    "slug": "strategiia",
                    "language": "rus",
                    "games_count": 21276,
                    "image_background": "https://media.rawg.io/media/games/25c/25c4776ab5723d5d735d8bf617ca12d9.jpg"
                },
                {
                    "id": 42482,
                    "name": "Смешная",
                    "slug": "smeshnaia",
                    "language": "rus",
                    "games_count": 10554,
                    "image_background": "https://media.rawg.io/media/games/49c/49c3dfa4ce2f6f140cc4825868e858cb.jpg"
                },
                {
                    "id": 4,
                    "name": "Funny",
                    "slug": "funny",
                    "language": "eng",
                    "games_count": 26543,
                    "image_background": "https://media.rawg.io/media/games/ec3/ec3a7db7b8ab5a71aad622fe7c62632f.jpg"
                },
                {
                    "id": 42461,
                    "name": "Классика",
                    "slug": "klassika",
                    "language": "rus",
                    "games_count": 1473,
                    "image_background": "https://media.rawg.io/media/games/be0/be01c3d7d8795a45615da139322ca080.jpg"
                },
                {
                    "id": 193,
                    "name": "Classic",
                    "slug": "classic",
                    "language": "eng",
                    "games_count": 1809,
                    "image_background": "https://media.rawg.io/media/games/baf/baf9905270314e07e6850cffdb51df41.jpg"
                },
                {
                    "id": 42481,
                    "name": "Юмор",
                    "slug": "iumor",
                    "language": "rus",
                    "games_count": 6781,
                    "image_background": "https://media.rawg.io/media/games/295/295eb868c241e6ad32ac033b8e6a2ede.jpg"
                },
                {
                    "id": 123,
                    "name": "Comedy",
                    "slug": "comedy",
                    "language": "eng",
                    "games_count": 13441,
                    "image_background": "https://media.rawg.io/media/games/8ca/8ca40b562a755d6a0e30d48e6c74b178.jpg"
                },
                {
                    "id": 42467,
                    "name": "Ретро",
                    "slug": "retro-2",
                    "language": "rus",
                    "games_count": 9023,
                    "image_background": "https://media.rawg.io/media/games/2ae/2aedae90b1377a0f3e5ce54d24f8e41a.jpg"
                },
                {
                    "id": 74,
                    "name": "Retro",
                    "slug": "retro",
                    "language": "eng",
                    "games_count": 42819,
                    "image_background": "https://media.rawg.io/media/games/ffe/ffed87105b14f5beff72ff44a7793fd5.jpg"
                },
                {
                    "id": 42424,
                    "name": "Пошаговая",
                    "slug": "poshagovaia",
                    "language": "rus",
                    "games_count": 1823,
                    "image_background": "https://media.rawg.io/media/games/63c/63cb04333dea1726e90b38dc3d10258f.jpg"
                },
                {
                    "id": 70,
                    "name": "War",
                    "slug": "war",
                    "language": "eng",
                    "games_count": 9651,
                    "image_background": "https://media.rawg.io/media/games/b49/b4912b5dbfc7ed8927b65f05b8507f6c.jpg"
                },
                {
                    "id": 102,
                    "name": "Turn-Based",
                    "slug": "turn-based",
                    "language": "eng",
                    "games_count": 5444,
                    "image_background": "https://media.rawg.io/media/screenshots/7f8/7f8b58994fc420fefaa5fb9992335a11.jpg"
                },
                {
                    "id": 37796,
                    "name": "exclusive",
                    "slug": "exclusive",
                    "language": "eng",
                    "games_count": 4491,
                    "image_background": "https://media.rawg.io/media/games/f24/f2493ea338fe7bd3c7d73750a85a0959.jpeg"
                },
                {
                    "id": 42430,
                    "name": "Война",
                    "slug": "voina",
                    "language": "rus",
                    "games_count": 2749,
                    "image_background": "https://media.rawg.io/media/games/d7d/d7d33daa1892e2468cd0263d5dfc957e.jpg"
                },
                {
                    "id": 42649,
                    "name": "Военные конфликты",
                    "slug": "voennye-konflikty",
                    "language": "rus",
                    "games_count": 1569,
                    "image_background": "https://media.rawg.io/media/games/c3b/c3be1d5f55cb9324c97ccb7aaaf42ad4.jpg"
                },
                {
                    "id": 104,
                    "name": "Wargame",
                    "slug": "wargame",
                    "language": "eng",
                    "games_count": 1626,
                    "image_background": "https://media.rawg.io/media/screenshots/e44/e44ff4680f9490220bfa5c45c153eed5.jpg"
                }
            ],
            "esrb_rating": {
                "id": 3,
                "name": "Teen",
                "slug": "teen",
                "name_en": "Teen",
                "name_ru": "С 13 лет"
            },
            "user_game": null,
            "reviews_count": 76,
            "saturated_color": "0f0f0f",
            "dominant_color": "0f0f0f",
            "short_screenshots": [
                {
                    "id": -1,
                    "image": "https://media.rawg.io/media/games/08b/08b3a9c1ec12eb4ef058bf0600d2b906.jpg"
                },
                {
                    "id": 197400,
                    "image": "https://media.rawg.io/media/screenshots/c82/c8292fd6048b6149884e57cd134ad14a.jpg"
                },
                {
                    "id": 197401,
                    "image": "https://media.rawg.io/media/screenshots/09c/09cca682ec1f35cf3edd6033ef7e7336.jpg"
                },
                {
                    "id": 197402,
                    "image": "https://media.rawg.io/media/screenshots/397/39706ff1616642de54c840d75d2df39c.jpg"
                },
                {
                    "id": 197403,
                    "image": "https://media.rawg.io/media/screenshots/8fa/8fa27cf6b3800e7783bb846376a0e94a.jpg"
                },
                {
                    "id": 197404,
                    "image": "https://media.rawg.io/media/screenshots/034/0343b053bc3b55e45f66562c5ad018c3.jpg"
                },
                {
                    "id": 197405,
                    "image": "https://media.rawg.io/media/screenshots/5b9/5b9ea5ab459cb4397aed115be25a0cfb.jpg"
                }
            ],
            "parent_platforms": [
                {
                    "platform": {
                        "id": 1,
                        "name": "PC",
                        "slug": "pc"
                    }
                },
                {
                    "platform": {
                        "id": 2,
                        "name": "PlayStation",
                        "slug": "playstation"
                    }
                }
            ],
            "genres": [
                {
                    "id": 10,
                    "name": "Strategy",
                    "slug": "strategy"
                },
                {
                    "id": 4,
                    "name": "Action",
                    "slug": "action"
                }
            ]
        }
    ],
    "user_platforms": false
}