{
    "count": 15,
    "next": "https://api.rawg.io/api/games?developers=18487&key=6144c1f5ae184e6a89a3e2b34caf541c&ordering=-rating&page=2&page_size=10",
    "previous": null,
    "results": [
        {
            "slug": "ghost-of-tsushima-directors-cut",
            "name": "Ghost of Tsushima Director's Cut",
            "playtime": 4,
            "platforms": [
                {
                    "platform": {
                        "id": 4,
                        "name": "PC",
                        "slug": "pc"
                    }
                },
                {
                    "platform": {
                        "id": 187,
                        "name": "PlayStation 5",
                        "slug": "playstation5"
                    }
                },
                {
                    "platform": {
                        "id": 18,
                        "name": "PlayStation 4",
                        "slug": "playstation4"
                    }
                }
            ],
            "stores": [
                {
                    "store": {
                        "id": 1,
                        "name": "Steam",
                        "slug": "steam"
                    }
                },
                {
                    "store": {
                        "id": 3,
                        "name": "PlayStation Store",
                        "slug": "playstation-store"
                    }
                },
                {
                    "store": {
                        "id": 11,
                        "name": "Epic Games",
                        "slug": "epic-games"
                    }
                }
            ],
            "released": "2021-08-20",
            "tba": false,
            "background_image": "https://media.rawg.io/media/games/193/193c9fe23ca026914fdf41d551ff3df9.jpg",
            "rating": 4.59,
            "rating_top": 5,
            "ratings": [
                {
                    "id": 5,
                    "title": "exceptional",
                    "count": 192,
                    "percent": 67.61
                },
                {
                    "id": 4,
                    "title": "recommended",
                    "count": 78,
                    "percent": 27.46
                },
                {
                    "id": 3,
                    "title": "meh",
                    "count": 9,
                    "percent": 3.17
                },
                {
                    "id": 1,
                    "title": "skip",
                    "count": 5,
                    "percent": 1.76
                }
            ],
            "ratings_count": 272,
            "reviews_text_count": 9,
            "added": 839,
            "added_by_status": {
                "yet": 75,
                "owned": 116,
                "beaten": 319,
                "toplay": 233,
                "dropped": 39,
                "playing": 57
            },
            "metacritic": null,
            "suggestions_count": 518,
            "updated": "2025-03-21T10:08:54",
            "id": 638650,
            "score": null,
            "clip": null,
            "tags": [],
            "esrb_rating": {
                "id": 4,
                "name": "Mature",
                "slug": "mature",
                "name_en": "Mature",
                "name_ru": "С 17 лет"
            },
            "user_game": null,
            "reviews_count": 284,
            "saturated_color": "0f0f0f",
            "dominant_color": "0f0f0f",
            "short_screenshots": [
                {
                    "id": -1,
                    "image": "https://media.rawg.io/media/games/193/193c9fe23ca026914fdf41d551ff3df9.jpg"
                },
                {
                    "id": 3883730,
                    "image": "https://media.rawg.io/media/screenshots/1cd/1cdf1d9089d53f415a97bf1c35a15b0d.jpg"
                },
                {
                    "id": 3883731,
                    "image": "https://media.rawg.io/media/screenshots/b7e/b7efca7c5c4489a13a19e6d1ced1a50d.jpg"
                },
                {
                    "id": 3883732,
                    "image": "https://media.rawg.io/media/screenshots/738/738d80f1a79b15b4374aeb5e855d5dbf.jpg"
                },
                {
                    "id": 3883733,
                    "image": "https://media.rawg.io/media/screenshots/d51/d517f8bad0e83cef487e21bbb58e1012.jpg"
                },
                {
                    "id": 3883734,
                    "image": "https://media.rawg.io/media/screenshots/97e/97e69ff05e89c0f77e3d5b01798a945b.jpg"
                },
                {
                    "id": 3883735,
                    "image": "https://media.rawg.io/media/screenshots/81e/81ea0e76c5d671735410f29b1fb934ee.jpg"
                }
            ],
            "parent_platforms": [
                {
                    "platform": {
                        "id": 1,
                        "name": "PC",
                        "slug": "pc"
                    }
                },
                {
                    "platform": {
                        "id": 2,
                        "name": "PlayStation",
                        "slug": "playstation"
                    }
                }
            ],
            "genres": [
                {
                    "id": 3,
                    "name": "Adventure",
                    "slug": "adventure"
                },
                {
                    "id": 4,
                    "name": "Action",
                    "slug": "action"
                },
                {
                    "id": 5,
                    "name": "RPG",
                    "slug": "role-playing-games-rpg"
                }
            ]
        },
        {
            "slug": "the-sly-collection",
            "name": "The Sly Collection",
            "playtime": 1,
            "platforms": [
                {
                    "platform": {
                        "id": 16,
                        "name": "PlayStation 3",
                        "slug": "playstation3"
                    }
                },
                {
                    "platform": {
                        "id": 19,
                        "name": "PS Vita",
                        "slug": "ps-vita"
                    }
                }
            ],
            "stores": [
                {
                    "store": {
                        "id": 3,
                        "name": "PlayStation Store",
                        "slug": "playstation-store"
                    }
                }
            ],
            "released": "2010-11-09",
            "tba": false,
            "background_image": "https://media.rawg.io/media/screenshots/d8d/d8df4fbe7f2e60ae1f824c3d4cc38676.jpg",
            "rating": 4.46,
            "rating_top": 4,
            "ratings": [
                {
                    "id": 4,
                    "title": "recommended",
                    "count": 13,
                    "percent": 54.17
                },
                {
                    "id": 5,
                    "title": "exceptional",
                    "count": 11,
                    "percent": 45.83
                }
            ],
            "ratings_count": 21,
            "reviews_text_count": 3,
            "added": 76,
            "added_by_status": {
                "yet": 6,
                "owned": 20,
                "beaten": 26,
                "toplay": 20,
                "dropped": 2,
                "playing": 2
            },
            "metacritic": 85,
            "suggestions_count": 483,
            "updated": "2024-03-02T17:18:39",
            "id": 4534,
            "score": null,
            "clip": null,
            "tags": [
                {
                    "id": 6,
                    "name": "Exploration",
                    "slug": "exploration",
                    "language": "eng",
                    "games_count": 25436,
                    "image_background": "https://media.rawg.io/media/games/4cf/4cfc6b7f1850590a4634b08bfab308ab.jpg"
                },
                {
                    "id": 15,
                    "name": "Stealth",
                    "slug": "stealth",
                    "language": "eng",
                    "games_count": 6602,
                    "image_background": "https://media.rawg.io/media/games/62c/62c7c8b28a27b83680b22fb9d33fc619.jpg"
                },
                {
                    "id": 1465,
                    "name": "combat",
                    "slug": "combat",
                    "language": "eng",
                    "games_count": 13781,
                    "image_background": "https://media.rawg.io/media/games/044/044b2ee023930ca138deda151f40c18c.jpg"
                },
                {
                    "id": 413,
                    "name": "online",
                    "slug": "online",
                    "language": "eng",
                    "games_count": 6553,
                    "image_background": "https://media.rawg.io/media/games/9f1/9f1891779cb20f44de93cef33b067e50.jpg"
                },
                {
                    "id": 744,
                    "name": "friends",
                    "slug": "friends",
                    "language": "eng",
                    "games_count": 15170,
                    "image_background": "https://media.rawg.io/media/screenshots/ea8/ea82ea0e91daeafd6b98d22166c0913b.jpg"
                },
                {
                    "id": 1626,
                    "name": "collection",
                    "slug": "collection",
                    "language": "eng",
                    "games_count": 3687,
                    "image_background": "https://media.rawg.io/media/screenshots/3e7/3e728c858ebd673e099cab3558a47d42.jpg"
                }
            ],
            "esrb_rating": {
                "id": 2,
                "name": "Everyone 10+",
                "slug": "everyone-10-plus",
                "name_en": "Everyone 10+",
                "name_ru": "С 10 лет"
            },
            "user_game": null,
            "reviews_count": 24,
            "saturated_color": "0f0f0f",
            "dominant_color": "0f0f0f",
            "short_screenshots": [
                {
                    "id": -1,
                    "image": "https://media.rawg.io/media/screenshots/d8d/d8df4fbe7f2e60ae1f824c3d4cc38676.jpg"
                },
                {
                    "id": 558014,
                    "image": "https://media.rawg.io/media/screenshots/296/296f2e53ecb33646bcf7277845cbfb0e.jpg"
                },
                {
                    "id": 558015,
                    "image": "https://media.rawg.io/media/screenshots/df0/df07f13077173903b282fbe658fc5e65.jpg"
                },
                {
                    "id": 558016,
                    "image": "https://media.rawg.io/media/screenshots/98c/98ca699f72224c2514c347e6897d7b58.jpg"
                },
                {
                    "id": 558017,
                    "image": "https://media.rawg.io/media/screenshots/b94/b94cd718a6430eef1365de0369897fb1.jpg"
                },
                {
                    "id": 558018,
                    "image": "https://media.rawg.io/media/screenshots/62d/62deb6e68ded14d74624faa93f6af8e7.jpg"
                },
                {
                    "id": 558019,
                    "image": "https://media.rawg.io/media/screenshots/70d/70d1b8b36b99ea3328d3e1532a3f4d7c.jpg"
                }
            ],
            "parent_platforms": [
                {
                    "platform": {
                        "id": 2,
                        "name": "PlayStation",
                        "slug": "playstation"
                    }
                }
            ],
            "genres": [
                {
                    "id": 11,
                    "name": "Arcade",
                    "slug": "arcade"
                },
                {
                    "id": 3,
                    "name": "Adventure",
                    "slug": "adventure"
                },
                {
                    "id": 4,
                    "name": "Action",
                    "slug": "action"
                }
            ]
        },
        {
            "slug": "ghost-of-tsushima",
            "name": "Ghost of Tsushima",
            "playtime": 0,
            "platforms": [
                {
                    "platform": {
                        "id": 4,
                        "name": "PC",
                        "slug": "pc"
                    }
                },
                {
                    "platform": {
                        "id": 187,
                        "name": "PlayStation 5",
                        "slug": "playstation5"
                    }
                },
                {
                    "platform": {
                        "id": 18,
                        "name": "PlayStation 4",
                        "slug": "playstation4"
                    }
                }
            ],
            "stores": [
                {
                    "store": {
                        "id": 1,
                        "name": "Steam",
                        "slug": "steam"
                    }
                },
                {
                    "store": {
                        "id": 3,
                        "name": "PlayStation Store",
                        "slug": "playstation-store"
                    }
                }
            ],
            "released": "2020-07-17",
            "tba": false,
            "background_image": "https://media.rawg.io/media/games/f24/f2493ea338fe7bd3c7d73750a85a0959.jpeg",
            "rating": 4.42,
            "rating_top": 5,
            "ratings": [
                {
                    "id": 5,
                    "title": "exceptional",
                    "count": 635,
                    "percent": 59.4
                },
                {
                    "id": 4,
                    "title": "recommended",
                    "count": 325,
                    "percent": 30.4
                },
                {
                    "id": 3,
                    "title": "meh",
                    "count": 70,
                    "percent": 6.55
                },
                {
                    "id": 1,
                    "title": "skip",
                    "count": 39,
                    "percent": 3.65
                }
            ],
            "ratings_count": 1037,
            "reviews_text_count": 20,
            "added": 5798,
            "added_by_status": {
                "yet": 375,
                "owned": 3003,
                "beaten": 934,
                "toplay": 1170,
                "dropped": 137,
                "playing": 179
            },
            "metacritic": 83,
            "suggestions_count": 462,
            "updated": "2025-03-19T20:22:12",
            "id": 58550,
            "score": null,
            "clip": null,
            "tags": [
                {
                    "id": 31,
                    "name": "Singleplayer",
                    "slug": "singleplayer",
                    "language": "eng",
                    "games_count": 236808,
                    "image_background": "https://media.rawg.io/media/games/4be/4be6a6ad0364751a96229c56bf69be59.jpg"
                },
                {
                    "id": 13,
                    "name": "Atmospheric",
                    "slug": "atmospheric",
                    "language": "eng",
                    "games_count": 36334,
                    "image_background": "https://media.rawg.io/media/games/b45/b45575f34285f2c4479c9a5f719d972e.jpg"
                },
                {
                    "id": 24,
                    "name": "RPG",
                    "slug": "rpg",
                    "language": "eng",
                    "games_count": 23789,
                    "image_background": "https://media.rawg.io/media/games/618/618c2031a07bbff6b4f611f10b6bcdbc.jpg"
                },
                {
                    "id": 36,
                    "name": "Open World",
                    "slug": "open-world",
                    "language": "eng",
                    "games_count": 8394,
                    "image_background": "https://media.rawg.io/media/games/00d/00d374f12a3ab5f96c500a2cfa901e15.jpg"
                },
                {
                    "id": 149,
                    "name": "Third Person",
                    "slug": "third-person",
                    "language": "eng",
                    "games_count": 13058,
                    "image_background": "https://media.rawg.io/media/games/6cd/6cd653e0aaef5ff8bbd295bf4bcb12eb.jpg"
                },
                {
                    "id": 69,
                    "name": "Action-Adventure",
                    "slug": "action-adventure",
                    "language": "eng",
                    "games_count": 18751,
                    "image_background": "https://media.rawg.io/media/games/c50/c5085506fe4b5e20fc7aa5ace842c20b.jpg"
                },
                {
                    "id": 37796,
                    "name": "exclusive",
                    "slug": "exclusive",
                    "language": "eng",
                    "games_count": 4491,
                    "image_background": "https://media.rawg.io/media/games/f24/f2493ea338fe7bd3c7d73750a85a0959.jpeg"
                },
                {
                    "id": 1752,
                    "name": "japanese",
                    "slug": "japanese",
                    "language": "eng",
                    "games_count": 406,
                    "image_background": "https://media.rawg.io/media/games/6e9/6e90dffd2376031356c0ddc6701f7be1.jpg"
                }
            ],
            "esrb_rating": {
                "id": 4,
                "name": "Mature",
                "slug": "mature",
                "name_en": "Mature",
                "name_ru": "С 17 лет"
            },
            "user_game": null,
            "reviews_count": 1069,
            "saturated_color": "0f0f0f",
            "dominant_color": "0f0f0f",
            "short_screenshots": [
                {
                    "id": -1,
                    "image": "https://media.rawg.io/media/games/f24/f2493ea338fe7bd3c7d73750a85a0959.jpeg"
                },
                {
                    "id": 777610,
                    "image": "https://media.rawg.io/media/screenshots/2e7/2e7a9e16cae5ba5daca74029981029c3.jpg"
                },
                {
                    "id": 777611,
                    "image": "https://media.rawg.io/media/screenshots/ba0/ba09edd0dc18e56a3b62aba32b9c3ed6.jpg"
                },
                {
                    "id": 777612,
                    "image": "https://media.rawg.io/media/screenshots/7a6/7a6d792781b4ee1414cdb0649a2e56ac.jpg"
                },
                {
                    "id": 777613,
                    "image": "https://media.rawg.io/media/screenshots/aa5/aa543c81d5f342a7d3aecc55df89f66e.jpg"
                },
                {
                    "id": 777614,
                    "image": "https://media.rawg.io/media/screenshots/547/5476a303d0ec920c29264ff18da5741a.jpg"
                }
            ],
            "parent_platforms": [
                {
                    "platform": {
                        "id": 1,
                        "name": "PC",
                        "slug": "pc"
                    }
                },
                {
                    "platform": {
                        "id": 2,
                        "name": "PlayStation",
                        "slug": "playstation"
                    }
                }
            ],
            "genres": [
                {
                    "id": 3,
                    "name": "Adventure",
                    "slug": "adventure"
                },
                {
                    "id": 4,
                    "name": "Action",
                    "slug": "action"
                },
                {
                    "id": 5,
                    "name": "RPG",
                    "slug": "role-playing-games-rpg"
                }
            ]
        },
        {
            "slug": "sly-2-band-of-thieves",
            "name": "Sly 2: Band of Thieves",
            "playtime": 0,
            "platforms": [
                {
                    "platform": {
                        "id": 187,
                        "name": "PlayStation 5",
                        "slug": "playstation5"
                    }
                },
                {
                    "platform": {
                        "id": 16,
                        "name": "PlayStation 3",
                        "slug": "playstation3"
                    }
                },
                {
                    "platform": {
                        "id": 15,
                        "name": "PlayStation 2",
                        "slug": "playstation2"
                    }
                },
                {
                    "platform": {
                        "id": 19,
                        "name": "PS Vita",
                        "slug": "ps-vita"
                    }
                }
            ],
            "stores": [
                {
                    "store": {
                        "id": 3,
                        "name": "PlayStation Store",
                        "slug": "playstation-store"
                    }
                }
            ],
            "released": "2004-09-14",
            "tba": false,
            "background_image": "https://media.rawg.io/media/games/b5b/b5b1243abc5dbbc441dcde08409cf8c7.jpg",
            "rating": 4.39,
            "rating_top": 5,
            "ratings": [
                {
                    "id": 5,
                    "title": "exceptional",
                    "count": 47,
                    "percent": 54.02
                },
                {
                    "id": 4,
                    "title": "recommended",
                    "count": 31,
                    "percent": 35.63
                },
                {
                    "id": 3,
                    "title": "meh",
                    "count": 7,
                    "percent": 8.05
                },
                {
                    "id": 1,
                    "title": "skip",
                    "count": 2,
                    "percent": 2.3
                }
            ],
            "ratings_count": 81,
            "reviews_text_count": 6,
            "added": 219,
            "added_by_status": {
                "yet": 14,
                "owned": 50,
                "beaten": 101,
                "toplay": 33,
                "dropped": 17,
                "playing": 4
            },
            "metacritic": 88,
            "suggestions_count": 213,
            "updated": "2025-03-17T22:10:08",
            "id": 4531,
            "score": null,
            "clip": null,
            "tags": [
                {
                    "id": 144,
                    "name": "Crime",
                    "slug": "crime",
                    "language": "eng",
                    "games_count": 3056,
                    "image_background": "https://media.rawg.io/media/games/345/3452d9d4483686c602372e0e6b3bb4cc.jpg"
                },
                {
                    "id": 209,
                    "name": "Drama",
                    "slug": "drama",
                    "language": "eng",
                    "games_count": 4981,
                    "image_background": "https://media.rawg.io/media/games/efd/efd6b2cb621c41a2b6580d8ac260b8ba.jpg"
                },
                {
                    "id": 217,
                    "name": "Romance",
                    "slug": "romance",
                    "language": "eng",
                    "games_count": 8885,
                    "image_background": "https://media.rawg.io/media/games/3b5/3b56220d6038b8b1ad66c4d05ef95215.jpg"
                },
                {
                    "id": 2631,
                    "name": "cat",
                    "slug": "cat",
                    "language": "eng",
                    "games_count": 2378,
                    "image_background": "https://media.rawg.io/media/games/e5f/e5fb7285083112e095317b78bcceba1c.jpg"
                }
            ],
            "esrb_rating": {
                "id": 2,
                "name": "Everyone 10+",
                "slug": "everyone-10-plus",
                "name_en": "Everyone 10+",
                "name_ru": "С 10 лет"
            },
            "user_game": null,
            "reviews_count": 87,
            "saturated_color": "0f0f0f",
            "dominant_color": "0f0f0f",
            "short_screenshots": [
                {
                    "id": -1,
                    "image": "https://media.rawg.io/media/games/b5b/b5b1243abc5dbbc441dcde08409cf8c7.jpg"
                },
                {
                    "id": 766873,
                    "image": "https://media.rawg.io/media/screenshots/b2e/b2e274eb507974d9a74f50a1eb75a67c.jpg"
                },
                {
                    "id": 766874,
                    "image": "https://media.rawg.io/media/screenshots/7a7/7a7cad9310d0cc99c94480e6c5c3c4cb.jpg"
                },
                {
                    "id": 766875,
                    "image": "https://media.rawg.io/media/screenshots/d47/d47d34b344010c70f7be04670ddbf3b7.jpg"
                },
                {
                    "id": 766876,
                    "image": "https://media.rawg.io/media/screenshots/07f/07fb6f66c4fad0b269ae5de6e9c5efff.jpg"
                }
            ],
            "parent_platforms": [
                {
                    "platform": {
                        "id": 2,
                        "name": "PlayStation",
                        "slug": "playstation"
                    }
                }
            ],
            "genres": [
                {
                    "id": 83,
                    "name": "Platformer",
                    "slug": "platformer"
                },
                {
                    "id": 3,
                    "name": "Adventure",
                    "slug": "adventure"
                },
                {
                    "id": 4,
                    "name": "Action",
                    "slug": "action"
                }
            ]
        },
        {
            "slug": "ghost-of-tsushima-iki-island",
            "name": "Ghost of Tsushima - Iki Island",
            "playtime": 0,
            "platforms": [
                {
                    "platform": {
                        "id": 4,
                        "name": "PC",
                        "slug": "pc"
                    }
                },
                {
                    "platform": {
                        "id": 187,
                        "name": "PlayStation 5",
                        "slug": "playstation5"
                    }
                },
                {
                    "platform": {
                        "id": 18,
                        "name": "PlayStation 4",
                        "slug": "playstation4"
                    }
                }
            ],
            "stores": null,
            "released": "2021-08-20",
            "tba": false,
            "background_image": "https://media.rawg.io/media/screenshots/087/087876d258c96caae4146b989b0a19dd.jpg",
            "rating": 4.34,
            "rating_top": 5,
            "ratings": [
                {
                    "id": 5,
                    "title": "exceptional",
                    "count": 17,
                    "percent": 44.74
                },
                {
                    "id": 4,
                    "title": "recommended",
                    "count": 17,
                    "percent": 44.74
                },
                {
                    "id": 3,
                    "title": "meh",
                    "count": 4,
                    "percent": 10.53
                }
            ],
            "ratings_count": 37,
            "reviews_text_count": 1,
            "added": 65,
            "added_by_status": {
                "yet": 5,
                "owned": 7,
                "beaten": 42,
                "toplay": 3,
                "dropped": 5,
                "playing": 3
            },
            "metacritic": null,
            "suggestions_count": 212,
            "updated": "2025-02-05T22:02:37",
            "id": 799253,
            "score": null,
            "clip": null,
            "tags": [],
            "esrb_rating": {
                "id": 4,
                "name": "Mature",
                "slug": "mature",
                "name_en": "Mature",
                "name_ru": "С 17 лет"
            },
            "user_game": null,
            "reviews_count": 38,
            "saturated_color": "0f0f0f",
            "dominant_color": "0f0f0f",
            "short_screenshots": [
                {
                    "id": -1,
                    "image": "https://media.rawg.io/media/screenshots/087/087876d258c96caae4146b989b0a19dd.jpg"
                },
                {
                    "id": 3978533,
                    "image": "https://media.rawg.io/media/screenshots/fdf/fdf38f4f8895b45ecf83494038a41d78.jpg"
                },
                {
                    "id": 3978534,
                    "image": "https://media.rawg.io/media/screenshots/0df/0dfb3156cde295e58f6e41571eca17a6.jpg"
                },
                {
                    "id": 3978535,
                    "image": "https://media.rawg.io/media/screenshots/87e/87e6d1da9e73441b91adfa72cc3a6f84.jpg"
                },
                {
                    "id": 3978536,
                    "image": "https://media.rawg.io/media/screenshots/5e2/5e2edfe0ecba8e8092aa0270d7912b5a.jpg"
                },
                {
                    "id": 3978537,
                    "image": "https://media.rawg.io/media/screenshots/f9d/f9de73f2938bfccc70c423e11b9c3a3c.jpg"
                },
                {
                    "id": 3978538,
                    "image": "https://media.rawg.io/media/screenshots/087/087876d258c96caae4146b989b0a19dd.jpg"
                }
            ],
            "parent_platforms": [
                {
                    "platform": {
                        "id": 1,
                        "name": "PC",
                        "slug": "pc"
                    }
                },
                {
                    "platform": {
                        "id": 2,
                        "name": "PlayStation",
                        "slug": "playstation"
                    }
                }
            ],
            "genres": [
                {
                    "id": 3,
                    "name": "Adventure",
                    "slug": "adventure"
                },
                {
                    "id": 4,
                    "name": "Action",
                    "slug": "action"
                },
                {
                    "id": 5,
                    "name": "RPG",
                    "slug": "role-playing-games-rpg"
                }
            ]
        },
        {
            "slug": "sly-3-honor-among-thieves",
            "name": "Sly 3: Honor Among Thieves",
            "playtime": 0,
            "platforms": [
                {
                    "platform": {
                        "id": 187,
                        "name": "PlayStation 5",
                        "slug": "playstation5"
                    }
                },
                {
                    "platform": {
                        "id": 18,
                        "name": "PlayStation 4",
                        "slug": "playstation4"
                    }
                },
                {
                    "platform": {
                        "id": 16,
                        "name": "PlayStation 3",
                        "slug": "playstation3"
                    }
                },
                {
                    "platform": {
                        "id": 15,
                        "name": "PlayStation 2",
                        "slug": "playstation2"
                    }
                },
                {
                    "platform": {
                        "id": 19,
                        "name": "PS Vita",
                        "slug": "ps-vita"
                    }
                }
            ],
            "stores": [
                {
                    "store": {
                        "id": 3,
                        "name": "PlayStation Store",
                        "slug": "playstation-store"
                    }
                }
            ],
            "released": "2005-09-26",
            "tba": false,
            "background_image": "https://media.rawg.io/media/games/051/051b2a4fd94069e786e4b4299f70f843.jpg",
            "rating": 4.26,
            "rating_top": 4,
            "ratings": [
                {
                    "id": 4,
                    "title": "recommended",
                    "count": 30,
                    "percent": 46.15
                },
                {
                    "id": 5,
                    "title": "exceptional",
                    "count": 29,
                    "percent": 44.62
                },
                {
                    "id": 3,
                    "title": "meh",
                    "count": 3,
                    "percent": 4.62
                },
                {
                    "id": 1,
                    "title": "skip",
                    "count": 3,
                    "percent": 4.62
                }
            ],
            "ratings_count": 63,
            "reviews_text_count": 2,
            "added": 175,
            "added_by_status": {
                "yet": 20,
                "owned": 28,
                "beaten": 86,
                "toplay": 27,
                "dropped": 13,
                "playing": 1
            },
            "metacritic": 83,
            "suggestions_count": 274,
            "updated": "2025-01-23T14:14:32",
            "id": 4532,
            "score": null,
            "clip": null,
            "tags": [
                {
                    "id": 406,
                    "name": "Story",
                    "slug": "story",
                    "language": "eng",
                    "games_count": 11490,
                    "image_background": "https://media.rawg.io/media/games/257/257c497aa4060f4a697ccbf5e99ec230.jpg"
                },
                {
                    "id": 1709,
                    "name": "work",
                    "slug": "work",
                    "language": "eng",
                    "games_count": 9268,
                    "image_background": "https://media.rawg.io/media/games/bfb/bfb28df4f345165327555507c955a62a.jpg"
                },
                {
                    "id": 1715,
                    "name": "fox",
                    "slug": "fox",
                    "language": "eng",
                    "games_count": 614,
                    "image_background": "https://media.rawg.io/media/screenshots/c55/c55cacce9da8f6d094d4355557f5904a.jpg"
                }
            ],
            "esrb_rating": {
                "id": 2,
                "name": "Everyone 10+",
                "slug": "everyone-10-plus",
                "name_en": "Everyone 10+",
                "name_ru": "С 10 лет"
            },
            "user_game": null,
            "reviews_count": 65,
            "saturated_color": "0f0f0f",
            "dominant_color": "0f0f0f",
            "short_screenshots": [
                {
                    "id": -1,
                    "image": "https://media.rawg.io/media/games/051/051b2a4fd94069e786e4b4299f70f843.jpg"
                },
                {
                    "id": 766878,
                    "image": "https://media.rawg.io/media/screenshots/62b/62b6bfbba7453cbed731be4f84b90d4e.jpg"
                },
                {
                    "id": 766879,
                    "image": "https://media.rawg.io/media/screenshots/73d/73d2b1d04169d61cf037606528fba50d.jpg"
                },
                {
                    "id": 2300589,
                    "image": "https://media.rawg.io/media/screenshots/f3e/f3e01b87e291725578c169178aaa540d.jpg"
                },
                {
                    "id": 2300590,
                    "image": "https://media.rawg.io/media/screenshots/6dc/6dcdb908ed13ca9bb2160d178442fd93.jpg"
                }
            ],
            "parent_platforms": [
                {
                    "platform": {
                        "id": 2,
                        "name": "PlayStation",
                        "slug": "playstation"
                    }
                }
            ],
            "genres": [
                {
                    "id": 83,
                    "name": "Platformer",
                    "slug": "platformer"
                },
                {
                    "id": 3,
                    "name": "Adventure",
                    "slug": "adventure"
                },
                {
                    "id": 4,
                    "name": "Action",
                    "slug": "action"
                }
            ]
        },
        {
            "slug": "sly-cooper-and-the-thievius-raccoonus",
            "name": "Sly Cooper and the Thievius Raccoonus",
            "playtime": 1,
            "platforms": [
                {
                    "platform": {
                        "id": 16,
                        "name": "PlayStation 3",
                        "slug": "playstation3"
                    }
                },
                {
                    "platform": {
                        "id": 15,
                        "name": "PlayStation 2",
                        "slug": "playstation2"
                    }
                },
                {
                    "platform": {
                        "id": 19,
                        "name": "PS Vita",
                        "slug": "ps-vita"
                    }
                }
            ],
            "stores": [
                {
                    "store": {
                        "id": 3,
                        "name": "PlayStation Store",
                        "slug": "playstation-store"
                    }
                }
            ],
            "released": "2002-09-23",
            "tba": false,
            "background_image": "https://media.rawg.io/media/games/189/189457decc788f6bb4a40974aafe775d.jpg",
            "rating": 4.15,
            "rating_top": 4,
            "ratings": [
                {
                    "id": 4,
                    "title": "recommended",
                    "count": 62,
                    "percent": 69.66
                },
                {
                    "id": 5,
                    "title": "exceptional",
                    "count": 20,
                    "percent": 22.47
                },
                {
                    "id": 3,
                    "title": "meh",
                    "count": 7,
                    "percent": 7.87
                }
            ],
            "ratings_count": 84,
            "reviews_text_count": 5,
            "added": 221,
            "added_by_status": {
                "yet": 12,
                "owned": 33,
                "beaten": 118,
                "toplay": 33,
                "dropped": 22,
                "playing": 3
            },
            "metacritic": 86,
            "suggestions_count": 253,
            "updated": "2025-03-17T22:10:01",
            "id": 4533,
            "score": null,
            "clip": null,
            "tags": [
                {
                    "id": 2489,
                    "name": "dodge",
                    "slug": "dodge",
                    "language": "eng",
                    "games_count": 2980,
                    "image_background": "https://media.rawg.io/media/games/189/189457decc788f6bb4a40974aafe775d.jpg"
                },
                {
                    "id": 3654,
                    "name": "lasers",
                    "slug": "lasers",
                    "language": "eng",
                    "games_count": 760,
                    "image_background": "https://media.rawg.io/media/screenshots/5bb/5bbd71548240703f3bc42cee7c87972d.jpg"
                }
            ],
            "esrb_rating": {
                "id": 2,
                "name": "Everyone 10+",
                "slug": "everyone-10-plus",
                "name_en": "Everyone 10+",
                "name_ru": "С 10 лет"
            },
            "user_game": null,
            "reviews_count": 89,
            "saturated_color": "0f0f0f",
            "dominant_color": "0f0f0f",
            "short_screenshots": [
                {
                    "id": -1,
                    "image": "https://media.rawg.io/media/games/189/189457decc788f6bb4a40974aafe775d.jpg"
                },
                {
                    "id": 807780,
                    "image": "https://media.rawg.io/media/screenshots/be4/be47583f396f5998741d139015adee8e.jpg"
                },
                {
                    "id": 807781,
                    "image": "https://media.rawg.io/media/screenshots/664/664f85995f05434039a1b33e4328a51d.jpg"
                },
                {
                    "id": 807782,
                    "image": "https://media.rawg.io/media/screenshots/67f/67fd4af59f4755c648e8d1f171852bc5.jpg"
                },
                {
                    "id": 807783,
                    "image": "https://media.rawg.io/media/screenshots/956/95671acd30360ee7c959dfb19d33eb79.jpg"
                },
                {
                    "id": 807784,
                    "image": "https://media.rawg.io/media/screenshots/627/62723baac5fca6cbcfd11fad38ae14cb.jpg"
                }
            ],
            "parent_platforms": [
                {
                    "platform": {
                        "id": 2,
                        "name": "PlayStation",
                        "slug": "playstation"
                    }
                }
            ],
            "genres": [
                {
                    "id": 3,
                    "name": "Adventure",
                    "slug": "adventure"
                },
                {
                    "id": 4,
                    "name": "Action",
                    "slug": "action"
                }
            ]
        },
        {
            "slug": "infamous-2",
            "name": "inFAMOUS 2",
            "playtime": 13,
            "platforms": [
                {
                    "platform": {
                        "id": 16,
                        "name": "PlayStation 3",
                        "slug": "playstation3"
                    }
                }
            ],
            "stores": [
                {
                    "store": {
                        "id": 3,
                        "name": "PlayStation Store",
                        "slug": "playstation-store"
                    }
                }
            ],
            "released": "2011-06-07",
            "tba": false,
            "background_image": "https://media.rawg.io/media/games/c97/c979baea7e59e0bc857c0836052373dd.jpg",
            "rating": 4.13,
            "rating_top": 4,
            "ratings": [
                {
                    "id": 4,
                    "title": "recommended",
                    "count": 326,
                    "percent": 61.39
                },
                {
                    "id": 5,
                    "title": "exceptional",
                    "count": 146,
                    "percent": 27.5
                },
                {
                    "id": 3,
                    "title": "meh",
                    "count": 51,
                    "percent": 9.6
                },
                {
                    "id": 1,
                    "title": "skip",
                    "count": 8,
                    "percent": 1.51
                }
            ],
            "ratings_count": 529,
            "reviews_text_count": 2,
            "added": 2107,
            "added_by_status": {
                "yet": 62,
                "owned": 1305,
                "beaten": 541,
                "toplay": 100,
                "dropped": 88,
                "playing": 11
            },
            "metacritic": 83,
            "suggestions_count": 647,
            "updated": "2024-12-28T09:06:08",
            "id": 4671,
            "score": null,
            "clip": null,
            "tags": [
                {
                    "id": 37796,
                    "name": "exclusive",
                    "slug": "exclusive",
                    "language": "eng",
                    "games_count": 4491,
                    "image_background": "https://media.rawg.io/media/games/f24/f2493ea338fe7bd3c7d73750a85a0959.jpeg"
                },
                {
                    "id": 37797,
                    "name": "true exclusive",
                    "slug": "true-exclusive",
                    "language": "eng",
                    "games_count": 3980,
                    "image_background": "https://media.rawg.io/media/games/4be/4be6a6ad0364751a96229c56bf69be59.jpg"
                }
            ],
            "esrb_rating": {
                "id": 3,
                "name": "Teen",
                "slug": "teen",
                "name_en": "Teen",
                "name_ru": "С 13 лет"
            },
            "user_game": null,
            "reviews_count": 531,
            "saturated_color": "0f0f0f",
            "dominant_color": "0f0f0f",
            "short_screenshots": [
                {
                    "id": -1,
                    "image": "https://media.rawg.io/media/games/c97/c979baea7e59e0bc857c0836052373dd.jpg"
                },
                {
                    "id": 555292,
                    "image": "https://media.rawg.io/media/screenshots/a72/a723112a5cf7a1a1fcf29287fcb7806a.jpg"
                },
                {
                    "id": 555293,
                    "image": "https://media.rawg.io/media/screenshots/7f8/7f8c8ecdf2e1803b3f1551ba094e9586.jpg"
                },
                {
                    "id": 555294,
                    "image": "https://media.rawg.io/media/screenshots/60c/60c3be1abe88b8b5c9fdcf33559711e9_zfc804d.jpg"
                },
                {
                    "id": 555295,
                    "image": "https://media.rawg.io/media/screenshots/d6b/d6b2a5dd9c06500e610ffa900825728c.jpg"
                },
                {
                    "id": 555296,
                    "image": "https://media.rawg.io/media/screenshots/42e/42e2e2a55dba5720c9367f3f3116cf3e.jpg"
                },
                {
                    "id": 555297,
                    "image": "https://media.rawg.io/media/screenshots/8f0/8f0e805df09f7e6b57b945cb6a18d76b.jpg"
                }
            ],
            "parent_platforms": [
                {
                    "platform": {
                        "id": 2,
                        "name": "PlayStation",
                        "slug": "playstation"
                    }
                }
            ],
            "genres": [
                {
                    "id": 3,
                    "name": "Adventure",
                    "slug": "adventure"
                },
                {
                    "id": 4,
                    "name": "Action",
                    "slug": "action"
                }
            ]
        },
        {
            "slug": "infamous",
            "name": "inFamous",
            "playtime": 2,
            "platforms": [
                {
                    "platform": {
                        "id": 16,
                        "name": "PlayStation 3",
                        "slug": "playstation3"
                    }
                }
            ],
            "stores": null,
            "released": "2009-05-26",
            "tba": false,
            "background_image": "https://media.rawg.io/media/games/6e3/6e3e83ce5ccb49be4c74f987c1f8ed3d.jpg",
            "rating": 4.02,
            "rating_top": 4,
            "ratings": [
                {
                    "id": 4,
                    "title": "recommended",
                    "count": 257,
                    "percent": 61.05
                },
                {
                    "id": 5,
                    "title": "exceptional",
                    "count": 96,
                    "percent": 22.8
                },
                {
                    "id": 3,
                    "title": "meh",
                    "count": 59,
                    "percent": 14.01
                },
                {
                    "id": 1,
                    "title": "skip",
                    "count": 9,
                    "percent": 2.14
                }
            ],
            "ratings_count": 416,
            "reviews_text_count": 4,
            "added": 1653,
            "added_by_status": {
                "yet": 63,
                "owned": 888,
                "beaten": 498,
                "toplay": 100,
                "dropped": 92,
                "playing": 12
            },
            "metacritic": 85,
            "suggestions_count": 675,
            "updated": "2025-02-18T06:30:17",
            "id": 39128,
            "score": null,
            "clip": null,
            "tags": [
                {
                    "id": 37796,
                    "name": "exclusive",
                    "slug": "exclusive",
                    "language": "eng",
                    "games_count": 4491,
                    "image_background": "https://media.rawg.io/media/games/f24/f2493ea338fe7bd3c7d73750a85a0959.jpeg"
                },
                {
                    "id": 37797,
                    "name": "true exclusive",
                    "slug": "true-exclusive",
                    "language": "eng",
                    "games_count": 3980,
                    "image_background": "https://media.rawg.io/media/games/4be/4be6a6ad0364751a96229c56bf69be59.jpg"
                }
            ],
            "esrb_rating": {
                "id": 3,
                "name": "Teen",
                "slug": "teen",
                "name_en": "Teen",
                "name_ru": "С 13 лет"
            },
            "user_game": null,
            "reviews_count": 421,
            "saturated_color": "0f0f0f",
            "dominant_color": "0f0f0f",
            "short_screenshots": [
                {
                    "id": -1,
                    "image": "https://media.rawg.io/media/games/6e3/6e3e83ce5ccb49be4c74f987c1f8ed3d.jpg"
                },
                {
                    "id": 513555,
                    "image": "https://media.rawg.io/media/screenshots/900/90000dc9ef71d617a51a46ff760a60ce.jpg"
                },
                {
                    "id": 513556,
                    "image": "https://media.rawg.io/media/screenshots/a0a/a0aea3c426148fb7c3b704eca2c2b8b0.jpg"
                },
                {
                    "id": 513557,
                    "image": "https://media.rawg.io/media/screenshots/e7d/e7d4383487ed8a0fefc77d69fdf52434.jpg"
                },
                {
                    "id": 513558,
                    "image": "https://media.rawg.io/media/screenshots/eee/eeea08f9de24760da3b08ff8a6bb6bd5.jpg"
                },
                {
                    "id": 513559,
                    "image": "https://media.rawg.io/media/screenshots/fa2/fa258fe91cc3abccee619ddbb086d296.jpg"
                },
                {
                    "id": 513560,
                    "image": "https://media.rawg.io/media/screenshots/35d/35db43f8d84a8db7743654cae814737e.jpg"
                }
            ],
            "parent_platforms": [
                {
                    "platform": {
                        "id": 2,
                        "name": "PlayStation",
                        "slug": "playstation"
                    }
                }
            ],
            "genres": [
                {
                    "id": 4,
                    "name": "Action",
                    "slug": "action"
                }
            ]
        },
        {
            "slug": "infamous-second-son",
            "name": "inFAMOUS Second Son",
            "playtime": 0,
            "platforms": [
                {
                    "platform": {
                        "id": 18,
                        "name": "PlayStation 4",
                        "slug": "playstation4"
                    }
                }
            ],
            "stores": [
                {
                    "store": {
                        "id": 3,
                        "name": "PlayStation Store",
                        "slug": "playstation-store"
                    }
                }
            ],
            "released": "2014-03-21",
            "tba": false,
            "background_image": "https://media.rawg.io/media/games/be2/be239d5eb4d0bf02bf722aff51e694ad.jpg",
            "rating": 3.91,
            "rating_top": 4,
            "ratings": [
                {
                    "id": 4,
                    "title": "recommended",
                    "count": 962,
                    "percent": 58.69
                },
                {
                    "id": 5,
                    "title": "exceptional",
                    "count": 327,
                    "percent": 19.95
                },
                {
                    "id": 3,
                    "title": "meh",
                    "count": 288,
                    "percent": 17.57
                },
                {
                    "id": 1,
                    "title": "skip",
                    "count": 62,
                    "percent": 3.78
                }
            ],
            "ratings_count": 1625,
            "reviews_text_count": 10,
            "added": 5973,
            "added_by_status": {
                "yet": 214,
                "owned": 3773,
                "beaten": 1503,
                "toplay": 177,
                "dropped": 246,
                "playing": 60
            },
            "metacritic": 80,
            "suggestions_count": 657,
            "updated": "2025-03-12T19:13:29",
            "id": 3631,
            "score": null,
            "clip": null,
            "tags": [
                {
                    "id": 37796,
                    "name": "exclusive",
                    "slug": "exclusive",
                    "language": "eng",
                    "games_count": 4491,
                    "image_background": "https://media.rawg.io/media/games/f24/f2493ea338fe7bd3c7d73750a85a0959.jpeg"
                },
                {
                    "id": 37797,
                    "name": "true exclusive",
                    "slug": "true-exclusive",
                    "language": "eng",
                    "games_count": 3980,
                    "image_background": "https://media.rawg.io/media/games/4be/4be6a6ad0364751a96229c56bf69be59.jpg"
                }
            ],
            "esrb_rating": {
                "id": 3,
                "name": "Teen",
                "slug": "teen",
                "name_en": "Teen",
                "name_ru": "С 13 лет"
            },
            "user_game": null,
            "reviews_count": 1639,
            "saturated_color": "0f0f0f",
            "dominant_color": "0f0f0f",
            "short_screenshots": [
                {
                    "id": -1,
                    "image": "https://media.rawg.io/media/games/be2/be239d5eb4d0bf02bf722aff51e694ad.jpg"
                },
                {
                    "id": 32141,
                    "image": "https://media.rawg.io/media/screenshots/94f/94f8d6fccc12f0fa22a1cb921a819b8f.jpg"
                },
                {
                    "id": 32143,
                    "image": "https://media.rawg.io/media/screenshots/9a5/9a50fdd6b3166f68552ed8b9e100f4ae.jpg"
                },
                {
                    "id": 32144,
                    "image": "https://media.rawg.io/media/screenshots/80a/80a96961680c40240799e3613f83898c.jpg"
                },
                {
                    "id": 32145,
                    "image": "https://media.rawg.io/media/screenshots/cf6/cf685d251487cffe79a686313aa686ef.jpg"
                },
                {
                    "id": 32146,
                    "image": "https://media.rawg.io/media/screenshots/0c1/0c1aa7cfb8333e17401972dc2afa3601.jpg"
                },
                {
                    "id": 32147,
                    "image": "https://media.rawg.io/media/screenshots/088/08892e59bf763e2afa5cb646b99a9a18.jpg"
                }
            ],
            "parent_platforms": [
                {
                    "platform": {
                        "id": 2,
                        "name": "PlayStation",
                        "slug": "playstation"
                    }
                }
            ],
            "genres": [
                {
                    "id": 4,
                    "name": "Action",
                    "slug": "action"
                }
            ]
        }
    ],
    "user_platforms": false
}