{
    "count": 36,
    "next": "https://api.rawg.io/api/games?developers=4786&key=6144c1f5ae184e6a89a3e2b34caf541c&ordering=-rating&page=2&page_size=10",
    "previous": null,
    "results": [
        {
            "slug": "outrun-2006-coast-2-coast",
            "name": "OutRun 2006: Coast 2 Coast",
            "playtime": 2,
            "platforms": [
                {
                    "platform": {
                        "id": 4,
                        "name": "PC",
                        "slug": "pc"
                    }
                },
                {
                    "platform": {
                        "id": 80,
                        "name": "Xbox",
                        "slug": "xbox-old"
                    }
                },
                {
                    "platform": {
                        "id": 15,
                        "name": "PlayStation 2",
                        "slug": "playstation2"
                    }
                },
                {
                    "platform": {
                        "id": 17,
                        "name": "PSP",
                        "slug": "psp"
                    }
                }
            ],
            "stores": null,
            "released": "2006-06-28",
            "tba": false,
            "background_image": "https://media.rawg.io/media/games/0f8/0f8aac6ba64b92c573467a237a47c007.jpg",
            "rating": 4.39,
            "rating_top": 4,
            "ratings": [
                {
                    "id": 4,
                    "title": "recommended",
                    "count": 9,
                    "percent": 50.0
                },
                {
                    "id": 5,
                    "title": "exceptional",
                    "count": 8,
                    "percent": 44.44
                },
                {
                    "id": 3,
                    "title": "meh",
                    "count": 1,
                    "percent": 5.56
                }
            ],
            "ratings_count": 18,
            "reviews_text_count": 0,
            "added": 73,
            "added_by_status": {
                "yet": 4,
                "owned": 35,
                "beaten": 13,
                "toplay": 11,
                "dropped": 8,
                "playing": 2
            },
            "metacritic": 81,
            "suggestions_count": 374,
            "updated": "2023-09-01T11:11:22",
            "id": 37110,
            "score": null,
            "clip": null,
            "tags": [],
            "esrb_rating": {
                "id": 1,
                "name": "Everyone",
                "slug": "everyone",
                "name_en": "Everyone",
                "name_ru": "Для всех"
            },
            "user_game": null,
            "reviews_count": 18,
            "saturated_color": "0f0f0f",
            "dominant_color": "0f0f0f",
            "short_screenshots": [
                {
                    "id": -1,
                    "image": "https://media.rawg.io/media/games/0f8/0f8aac6ba64b92c573467a237a47c007.jpg"
                },
                {
                    "id": 442235,
                    "image": "https://media.rawg.io/media/screenshots/0a1/0a1408e97ecde835340a67b62c0a7d8e.jpg"
                },
                {
                    "id": 442236,
                    "image": "https://media.rawg.io/media/screenshots/83f/83f68fa03ab6f8a6946eff7d6deab68a.jpg"
                },
                {
                    "id": 442237,
                    "image": "https://media.rawg.io/media/screenshots/056/056af5d19cd0fb1fa80f7f8fc599c0d0.jpg"
                },
                {
                    "id": 442238,
                    "image": "https://media.rawg.io/media/screenshots/fee/fee2d8cd781394f838aa5e8a8c2ca107.jpg"
                },
                {
                    "id": 442239,
                    "image": "https://media.rawg.io/media/screenshots/24d/24d00b654ea7722da6fa8b902eb5ba95.jpg"
                },
                {
                    "id": 442240,
                    "image": "https://media.rawg.io/media/screenshots/6e8/6e8cad290e0755893ae06281b33abf74.jpg"
                }
            ],
            "parent_platforms": [
                {
                    "platform": {
                        "id": 1,
                        "name": "PC",
                        "slug": "pc"
                    }
                },
                {
                    "platform": {
                        "id": 2,
                        "name": "PlayStation",
                        "slug": "playstation"
                    }
                },
                {
                    "platform": {
                        "id": 3,
                        "name": "Xbox",
                        "slug": "xbox"
                    }
                }
            ],
            "genres": [
                {
                    "id": 1,
                    "name": "Racing",
                    "slug": "racing"
                },
                {
                    "id": 11,
                    "name": "Arcade",
                    "slug": "arcade"
                }
            ]
        },
        {
            "slug": "forza-horizon-2",
            "name": "Forza Horizon 2",
            "playtime": 2,
            "platforms": [
                {
                    "platform": {
                        "id": 1,
                        "name": "Xbox One",
                        "slug": "xbox-one"
                    }
                },
                {
                    "platform": {
                        "id": 14,
                        "name": "Xbox 360",
                        "slug": "xbox360"
                    }
                }
            ],
            "stores": [
                {
                    "store": {
                        "id": 2,
                        "name": "Xbox Store",
                        "slug": "xbox-store"
                    }
                },
                {
                    "store": {
                        "id": 7,
                        "name": "Xbox 360 Store",
                        "slug": "xbox360"
                    }
                }
            ],
            "released": "2014-09-30",
            "tba": false,
            "background_image": "https://media.rawg.io/media/games/9a8/9a8be216c8907959a9984eec3a2cc8d1.jpg",
            "rating": 4.21,
            "rating_top": 4,
            "ratings": [
                {
                    "id": 4,
                    "title": "recommended",
                    "count": 175,
                    "percent": 49.44
                },
                {
                    "id": 5,
                    "title": "exceptional",
                    "count": 138,
                    "percent": 38.98
                },
                {
                    "id": 3,
                    "title": "meh",
                    "count": 29,
                    "percent": 8.19
                },
                {
                    "id": 1,
                    "title": "skip",
                    "count": 12,
                    "percent": 3.39
                }
            ],
            "ratings_count": 353,
            "reviews_text_count": 0,
            "added": 1545,
            "added_by_status": {
                "yet": 31,
                "owned": 1158,
                "beaten": 190,
                "toplay": 31,
                "dropped": 110,
                "playing": 25
            },
            "metacritic": 86,
            "suggestions_count": 181,
            "updated": "2025-01-25T07:08:27",
            "id": 28633,
            "score": null,
            "clip": null,
            "tags": [
                {
                    "id": 31,
                    "name": "Singleplayer",
                    "slug": "singleplayer",
                    "language": "eng",
                    "games_count": 235600,
                    "image_background": "https://media.rawg.io/media/games/bc0/bc06a29ceac58652b684deefe7d56099.jpg"
                },
                {
                    "id": 7,
                    "name": "Multiplayer",
                    "slug": "multiplayer",
                    "language": "eng",
                    "games_count": 40048,
                    "image_background": "https://media.rawg.io/media/games/2ba/2bac0e87cf45e5b508f227d281c9252a.jpg"
                },
                {
                    "id": 36,
                    "name": "Open World",
                    "slug": "open-world",
                    "language": "eng",
                    "games_count": 8308,
                    "image_background": "https://media.rawg.io/media/games/7cf/7cfc9220b401b7a300e409e539c9afd5.jpg"
                },
                {
                    "id": 37796,
                    "name": "exclusive",
                    "slug": "exclusive",
                    "language": "eng",
                    "games_count": 4491,
                    "image_background": "https://media.rawg.io/media/games/f24/f2493ea338fe7bd3c7d73750a85a0959.jpeg"
                },
                {
                    "id": 51020,
                    "name": "street racing",
                    "slug": "street-racing-2",
                    "language": "eng",
                    "games_count": 11,
                    "image_background": "https://media.rawg.io/media/screenshots/234/23481af4d4cf137992cf0c88defa3d91.jpg"
                }
            ],
            "esrb_rating": {
                "id": 2,
                "name": "Everyone 10+",
                "slug": "everyone-10-plus",
                "name_en": "Everyone 10+",
                "name_ru": "С 10 лет"
            },
            "user_game": null,
            "reviews_count": 354,
            "saturated_color": "0f0f0f",
            "dominant_color": "0f0f0f",
            "short_screenshots": [
                {
                    "id": -1,
                    "image": "https://media.rawg.io/media/games/9a8/9a8be216c8907959a9984eec3a2cc8d1.jpg"
                },
                {
                    "id": 806274,
                    "image": "https://media.rawg.io/media/screenshots/c5c/c5cb7742c780ecec82b6752a87c17adc.jpg"
                },
                {
                    "id": 806275,
                    "image": "https://media.rawg.io/media/screenshots/b54/b54e70665ca52013d66481b0795defe0_n9zyXmg.jpg"
                },
                {
                    "id": 806276,
                    "image": "https://media.rawg.io/media/screenshots/258/258098804b3463743e0fd7e88c84ab2e.jpg"
                },
                {
                    "id": 806277,
                    "image": "https://media.rawg.io/media/screenshots/9e5/9e59319e9ef9ebda6e3c348435229f32.jpg"
                }
            ],
            "parent_platforms": [
                {
                    "platform": {
                        "id": 3,
                        "name": "Xbox",
                        "slug": "xbox"
                    }
                }
            ],
            "genres": [
                {
                    "id": 1,
                    "name": "Racing",
                    "slug": "racing"
                },
                {
                    "id": 11,
                    "name": "Arcade",
                    "slug": "arcade"
                }
            ]
        },
        {
            "slug": "sackboy-a-big-adventure-2",
            "name": "Sackboy: A Big Adventure",
            "playtime": 3,
            "platforms": [
                {
                    "platform": {
                        "id": 4,
                        "name": "PC",
                        "slug": "pc"
                    }
                },
                {
                    "platform": {
                        "id": 187,
                        "name": "PlayStation 5",
                        "slug": "playstation5"
                    }
                },
                {
                    "platform": {
                        "id": 18,
                        "name": "PlayStation 4",
                        "slug": "playstation4"
                    }
                }
            ],
            "stores": [
                {
                    "store": {
                        "id": 1,
                        "name": "Steam",
                        "slug": "steam"
                    }
                },
                {
                    "store": {
                        "id": 3,
                        "name": "PlayStation Store",
                        "slug": "playstation-store"
                    }
                },
                {
                    "store": {
                        "id": 11,
                        "name": "Epic Games",
                        "slug": "epic-games"
                    }
                }
            ],
            "released": "2020-11-12",
            "tba": false,
            "background_image": "https://media.rawg.io/media/games/2ec/2ec8d2b5d990b9407e20dc81d271300d.jpg",
            "rating": 4.13,
            "rating_top": 4,
            "ratings": [
                {
                    "id": 4,
                    "title": "recommended",
                    "count": 77,
                    "percent": 51.33
                },
                {
                    "id": 5,
                    "title": "exceptional",
                    "count": 49,
                    "percent": 32.67
                },
                {
                    "id": 3,
                    "title": "meh",
                    "count": 21,
                    "percent": 14.0
                },
                {
                    "id": 1,
                    "title": "skip",
                    "count": 3,
                    "percent": 2.0
                }
            ],
            "ratings_count": 147,
            "reviews_text_count": 2,
            "added": 873,
            "added_by_status": {
                "yet": 49,
                "owned": 515,
                "beaten": 104,
                "toplay": 105,
                "dropped": 58,
                "playing": 42
            },
            "metacritic": 81,
            "suggestions_count": 303,
            "updated": "2025-03-04T21:28:32",
            "id": 499331,
            "score": null,
            "clip": null,
            "tags": [
                {
                    "id": 31,
                    "name": "Singleplayer",
                    "slug": "singleplayer",
                    "language": "eng",
                    "games_count": 236399,
                    "image_background": "https://media.rawg.io/media/games/20a/20aa03a10cda45239fe22d035c0ebe64.jpg"
                },
                {
                    "id": 42396,
                    "name": "Для одного игрока",
                    "slug": "dlia-odnogo-igroka",
                    "language": "rus",
                    "games_count": 59009,
                    "image_background": "https://media.rawg.io/media/games/b7b/b7b8381707152afc7d91f5d95de70e39.jpg"
                },
                {
                    "id": 42392,
                    "name": "Приключение",
                    "slug": "prikliuchenie",
                    "language": "rus",
                    "games_count": 43223,
                    "image_background": "https://media.rawg.io/media/games/d1a/d1a2e99ade53494c6330a0ed945fe823.jpg"
                },
                {
                    "id": 40847,
                    "name": "Steam Achievements",
                    "slug": "steam-achievements",
                    "language": "eng",
                    "games_count": 44039,
                    "image_background": "https://media.rawg.io/media/games/2ba/2bac0e87cf45e5b508f227d281c9252a.jpg"
                },
                {
                    "id": 7,
                    "name": "Multiplayer",
                    "slug": "multiplayer",
                    "language": "eng",
                    "games_count": 40195,
                    "image_background": "https://media.rawg.io/media/games/6c5/6c55e22185876626881b76c11922b073.jpg"
                },
                {
                    "id": 40836,
                    "name": "Full controller support",
                    "slug": "full-controller-support",
                    "language": "eng",
                    "games_count": 20784,
                    "image_background": "https://media.rawg.io/media/games/16b/16b1b7b36e2042d1128d5a3e852b3b2f.jpg"
                },
                {
                    "id": 40849,
                    "name": "Steam Cloud",
                    "slug": "steam-cloud",
                    "language": "eng",
                    "games_count": 21239,
                    "image_background": "https://media.rawg.io/media/games/d58/d588947d4286e7b5e0e12e1bea7d9844.jpg"
                },
                {
                    "id": 42425,
                    "name": "Для нескольких игроков",
                    "slug": "dlia-neskolkikh-igrokov",
                    "language": "rus",
                    "games_count": 11306,
                    "image_background": "https://media.rawg.io/media/games/6fc/6fcf4cd3b17c288821388e6085bb0fc9.jpg"
                },
                {
                    "id": 18,
                    "name": "Co-op",
                    "slug": "co-op",
                    "language": "eng",
                    "games_count": 12942,
                    "image_background": "https://media.rawg.io/media/games/713/713269608dc8f2f40f5a670a14b2de94.jpg"
                },
                {
                    "id": 411,
                    "name": "cooperative",
                    "slug": "cooperative",
                    "language": "eng",
                    "games_count": 5738,
                    "image_background": "https://media.rawg.io/media/games/f87/f87457e8347484033cb34cde6101d08d.jpg"
                },
                {
                    "id": 9,
                    "name": "Online Co-Op",
                    "slug": "online-co-op",
                    "language": "eng",
                    "games_count": 6584,
                    "image_background": "https://media.rawg.io/media/games/0bd/0bd5646a3d8ee0ac3314bced91ea306d.jpg"
                },
                {
                    "id": 42463,
                    "name": "Платформер",
                    "slug": "platformer-2",
                    "language": "rus",
                    "games_count": 9876,
                    "image_background": "https://media.rawg.io/media/games/8e4/8e4de3f54ac659e08a7ba6a2b731682a.jpg"
                },
                {
                    "id": 42562,
                    "name": "Для всей семьи",
                    "slug": "dlia-vsei-semi",
                    "language": "rus",
                    "games_count": 9137,
                    "image_background": "https://media.rawg.io/media/games/37a/37a9536e92cf8fe3b60045aa75dbd41f.jpg"
                },
                {
                    "id": 37796,
                    "name": "exclusive",
                    "slug": "exclusive",
                    "language": "eng",
                    "games_count": 4491,
                    "image_background": "https://media.rawg.io/media/games/f24/f2493ea338fe7bd3c7d73750a85a0959.jpeg"
                },
                {
                    "id": 107,
                    "name": "Family Friendly",
                    "slug": "family-friendly",
                    "language": "eng",
                    "games_count": 8947,
                    "image_background": "https://media.rawg.io/media/games/37a/37a9536e92cf8fe3b60045aa75dbd41f.jpg"
                },
                {
                    "id": 571,
                    "name": "3D",
                    "slug": "3d",
                    "language": "eng",
                    "games_count": 88284,
                    "image_background": "https://media.rawg.io/media/games/d97/d97f663b752a6484df105993f17abb49.jpg"
                },
                {
                    "id": 42494,
                    "name": "3D-платформер",
                    "slug": "3d-platformer-2",
                    "language": "rus",
                    "games_count": 5112,
                    "image_background": "https://media.rawg.io/media/games/74d/74dafeb9a442b87b9dd4a1d4a2faa37b.jpg"
                },
                {
                    "id": 413,
                    "name": "online",
                    "slug": "online",
                    "language": "eng",
                    "games_count": 6554,
                    "image_background": "https://media.rawg.io/media/screenshots/587/58785538b2d3a7226fa2c07d36e02b2b.jpeg"
                },
                {
                    "id": 229,
                    "name": "3D Platformer",
                    "slug": "3d-platformer",
                    "language": "eng",
                    "games_count": 11138,
                    "image_background": "https://media.rawg.io/media/games/83a/83af36d8924271087360d142d34f0960.jpg"
                },
                {
                    "id": 5816,
                    "name": "console",
                    "slug": "console",
                    "language": "eng",
                    "games_count": 1390,
                    "image_background": "https://media.rawg.io/media/games/faa/faa6a4a7a2e57faf2960329630aee211.jpg"
                },
                {
                    "id": 581,
                    "name": "Epic",
                    "slug": "epic",
                    "language": "eng",
                    "games_count": 4123,
                    "image_background": "https://media.rawg.io/media/games/696/69626956eaf787f5c1b664984279060f.jpg"
                },
                {
                    "id": 625,
                    "name": "party",
                    "slug": "party",
                    "language": "eng",
                    "games_count": 4170,
                    "image_background": "https://media.rawg.io/media/screenshots/ca8/ca840f2a8ebfc74aac1688367dc1f903.jpg"
                },
                {
                    "id": 70351,
                    "name": "Сетевой кооператив",
                    "slug": "setevoi-kooperativ",
                    "language": "rus",
                    "games_count": 2250,
                    "image_background": "https://media.rawg.io/media/games/bde/bdef96f7782fba0ff62dabc37ff4b1f0.jpg"
                },
                {
                    "id": 4565,
                    "name": "offline",
                    "slug": "offline",
                    "language": "eng",
                    "games_count": 1072,
                    "image_background": "https://media.rawg.io/media/games/ba7/ba7e84d59dbdb2fab5b2c1368e3bdfa5.jpg"
                },
                {
                    "id": 1407,
                    "name": "race",
                    "slug": "race",
                    "language": "eng",
                    "games_count": 6791,
                    "image_background": "https://media.rawg.io/media/games/1d3/1d3cd86dfbb7e02ffe502a69838b5860.jpeg"
                },
                {
                    "id": 2590,
                    "name": "fun",
                    "slug": "fun",
                    "language": "eng",
                    "games_count": 29213,
                    "image_background": "https://media.rawg.io/media/screenshots/64a/64a87e7e23b747e98a2246ce8ea59b6e.jpg"
                },
                {
                    "id": 1709,
                    "name": "work",
                    "slug": "work",
                    "language": "eng",
                    "games_count": 9268,
                    "image_background": "https://media.rawg.io/media/games/bfb/bfb28df4f345165327555507c955a62a.jpg"
                },
                {
                    "id": 500,
                    "name": "Solo",
                    "slug": "solo",
                    "language": "eng",
                    "games_count": 1637,
                    "image_background": "https://media.rawg.io/media/games/9f1/9f1891779cb20f44de93cef33b067e50.jpg"
                },
                {
                    "id": 750,
                    "name": "knight",
                    "slug": "knight",
                    "language": "eng",
                    "games_count": 773,
                    "image_background": "https://media.rawg.io/media/screenshots/bd9/bd9c56040b70aaeadd0cf4204d40904f.jpg"
                }
            ],
            "esrb_rating": null,
            "user_game": null,
            "reviews_count": 150,
            "saturated_color": "0f0f0f",
            "dominant_color": "0f0f0f",
            "short_screenshots": [
                {
                    "id": -1,
                    "image": "https://media.rawg.io/media/games/2ec/2ec8d2b5d990b9407e20dc81d271300d.jpg"
                },
                {
                    "id": 2548708,
                    "image": "https://media.rawg.io/media/screenshots/7cf/7cff0a704a16b920261226117baef889.jpg"
                },
                {
                    "id": 2548709,
                    "image": "https://media.rawg.io/media/screenshots/f81/f81fcf512fb1db29408c33b71b280ec6.jpg"
                },
                {
                    "id": 2548710,
                    "image": "https://media.rawg.io/media/screenshots/a1e/a1eb1630e54f92f81239e7f201de269b.jpg"
                },
                {
                    "id": 2548711,
                    "image": "https://media.rawg.io/media/screenshots/276/2765e1b69780a06b466eb825943d1be8.jpg"
                },
                {
                    "id": 2548712,
                    "image": "https://media.rawg.io/media/screenshots/617/617ca6634c450a0c3ee42559f160fd94.jpg"
                },
                {
                    "id": 2548713,
                    "image": "https://media.rawg.io/media/screenshots/9d4/9d4d3aa685d23252083d82ac19695295.jpg"
                }
            ],
            "parent_platforms": [
                {
                    "platform": {
                        "id": 1,
                        "name": "PC",
                        "slug": "pc"
                    }
                },
                {
                    "platform": {
                        "id": 2,
                        "name": "PlayStation",
                        "slug": "playstation"
                    }
                }
            ],
            "genres": [
                {
                    "id": 83,
                    "name": "Platformer",
                    "slug": "platformer"
                },
                {
                    "id": 3,
                    "name": "Adventure",
                    "slug": "adventure"
                },
                {
                    "id": 4,
                    "name": "Action",
                    "slug": "action"
                }
            ]
        },
        {
            "slug": "virtua-tennis-3",
            "name": "Virtua Tennis 3",
            "playtime": 1,
            "platforms": [
                {
                    "platform": {
                        "id": 4,
                        "name": "PC",
                        "slug": "pc"
                    }
                },
                {
                    "platform": {
                        "id": 14,
                        "name": "Xbox 360",
                        "slug": "xbox360"
                    }
                },
                {
                    "platform": {
                        "id": 16,
                        "name": "PlayStation 3",
                        "slug": "playstation3"
                    }
                },
                {
                    "platform": {
                        "id": 17,
                        "name": "PSP",
                        "slug": "psp"
                    }
                }
            ],
            "stores": [
                {
                    "store": {
                        "id": 7,
                        "name": "Xbox 360 Store",
                        "slug": "xbox360"
                    }
                }
            ],
            "released": "2007-03-08",
            "tba": false,
            "background_image": "https://media.rawg.io/media/screenshots/748/74857df33b87630bc5edec82febfa430.jpg",
            "rating": 4.07,
            "rating_top": 4,
            "ratings": [
                {
                    "id": 4,
                    "title": "recommended",
                    "count": 13,
                    "percent": 44.83
                },
                {
                    "id": 5,
                    "title": "exceptional",
                    "count": 11,
                    "percent": 37.93
                },
                {
                    "id": 3,
                    "title": "meh",
                    "count": 3,
                    "percent": 10.34
                },
                {
                    "id": 1,
                    "title": "skip",
                    "count": 2,
                    "percent": 6.9
                }
            ],
            "ratings_count": 29,
            "reviews_text_count": 0,
            "added": 182,
            "added_by_status": {
                "yet": 3,
                "owned": 149,
                "beaten": 18,
                "toplay": 2,
                "dropped": 10
            },
            "metacritic": 80,
            "suggestions_count": 386,
            "updated": "2024-12-23T12:29:12",
            "id": 28760,
            "score": null,
            "clip": null,
            "tags": [
                {
                    "id": 31,
                    "name": "Singleplayer",
                    "slug": "singleplayer",
                    "language": "eng",
                    "games_count": 233006,
                    "image_background": "https://media.rawg.io/media/games/20a/20aa03a10cda45239fe22d035c0ebe64.jpg"
                },
                {
                    "id": 7,
                    "name": "Multiplayer",
                    "slug": "multiplayer",
                    "language": "eng",
                    "games_count": 39626,
                    "image_background": "https://media.rawg.io/media/games/4a0/4a0a1316102366260e6f38fd2a9cfdce.jpg"
                },
                {
                    "id": 696,
                    "name": "tennis",
                    "slug": "tennis",
                    "language": "eng",
                    "games_count": 705,
                    "image_background": "https://media.rawg.io/media/games/cb0/cb03385179a52bf6dbed776a7c53de1c.jpg"
                }
            ],
            "esrb_rating": {
                "id": 1,
                "name": "Everyone",
                "slug": "everyone",
                "name_en": "Everyone",
                "name_ru": "Для всех"
            },
            "user_game": null,
            "reviews_count": 29,
            "saturated_color": "0f0f0f",
            "dominant_color": "0f0f0f",
            "short_screenshots": [
                {
                    "id": -1,
                    "image": "https://media.rawg.io/media/screenshots/748/74857df33b87630bc5edec82febfa430.jpg"
                },
                {
                    "id": 463587,
                    "image": "https://media.rawg.io/media/screenshots/bd3/bd3e7d9330224b035f0b2324ed547a3b.jpg"
                },
                {
                    "id": 463588,
                    "image": "https://media.rawg.io/media/screenshots/6db/6db53dcf760e2c15249685f377cb2b4d.jpg"
                },
                {
                    "id": 463589,
                    "image": "https://media.rawg.io/media/screenshots/8d7/8d7c5e4b30b5c2f59fa5c65a5cc85131.jpg"
                },
                {
                    "id": 463590,
                    "image": "https://media.rawg.io/media/screenshots/a23/a235d9d3f05a606e70244abe6a7c2973.jpg"
                },
                {
                    "id": 463591,
                    "image": "https://media.rawg.io/media/screenshots/2df/2df80ec8c26ce87aa869fd2d03c7f659.jpg"
                },
                {
                    "id": 463592,
                    "image": "https://media.rawg.io/media/screenshots/958/958fdcb9b2d213e494b751174aa0478a.jpg"
                }
            ],
            "parent_platforms": [
                {
                    "platform": {
                        "id": 1,
                        "name": "PC",
                        "slug": "pc"
                    }
                },
                {
                    "platform": {
                        "id": 2,
                        "name": "PlayStation",
                        "slug": "playstation"
                    }
                },
                {
                    "platform": {
                        "id": 3,
                        "name": "Xbox",
                        "slug": "xbox"
                    }
                }
            ],
            "genres": [
                {
                    "id": 15,
                    "name": "Sports",
                    "slug": "sports"
                }
            ]
        },
        {
            "slug": "dirt-2",
            "name": "Colin McRae: DiRT 2",
            "playtime": 3,
            "platforms": [
                {
                    "platform": {
                        "id": 4,
                        "name": "PC",
                        "slug": "pc"
                    }
                },
                {
                    "platform": {
                        "id": 9,
                        "name": "Nintendo DS",
                        "slug": "nintendo-ds"
                    }
                },
                {
                    "platform": {
                        "id": 14,
                        "name": "Xbox 360",
                        "slug": "xbox360"
                    }
                },
                {
                    "platform": {
                        "id": 16,
                        "name": "PlayStation 3",
                        "slug": "playstation3"
                    }
                },
                {
                    "platform": {
                        "id": 17,
                        "name": "PSP",
                        "slug": "psp"
                    }
                },
                {
                    "platform": {
                        "id": 11,
                        "name": "Wii",
                        "slug": "wii"
                    }
                }
            ],
            "stores": [
                {
                    "store": {
                        "id": 3,
                        "name": "PlayStation Store",
                        "slug": "playstation-store"
                    }
                },
                {
                    "store": {
                        "id": 6,
                        "name": "Nintendo Store",
                        "slug": "nintendo"
                    }
                },
                {
                    "store": {
                        "id": 7,
                        "name": "Xbox 360 Store",
                        "slug": "xbox360"
                    }
                }
            ],
            "released": "2009-09-08",
            "tba": false,
            "background_image": "https://media.rawg.io/media/games/9de/9de9d9c51e2867486222a7b3e0fb6062.jpg",
            "rating": 4.04,
            "rating_top": 4,
            "ratings": [
                {
                    "id": 4,
                    "title": "recommended",
                    "count": 123,
                    "percent": 52.12
                },
                {
                    "id": 5,
                    "title": "exceptional",
                    "count": 72,
                    "percent": 30.51
                },
                {
                    "id": 3,
                    "title": "meh",
                    "count": 30,
                    "percent": 12.71
                },
                {
                    "id": 1,
                    "title": "skip",
                    "count": 11,
                    "percent": 4.66
                }
            ],
            "ratings_count": 235,
            "reviews_text_count": 0,
            "added": 1382,
            "added_by_status": {
                "yet": 31,
                "owned": 1034,
                "beaten": 195,
                "toplay": 26,
                "dropped": 90,
                "playing": 6
            },
            "metacritic": 88,
            "suggestions_count": 437,
            "updated": "2025-01-10T21:25:04",
            "id": 5543,
            "score": null,
            "clip": null,
            "tags": [
                {
                    "id": 7,
                    "name": "Multiplayer",
                    "slug": "multiplayer",
                    "language": "eng",
                    "games_count": 39999,
                    "image_background": "https://media.rawg.io/media/games/713/713269608dc8f2f40f5a670a14b2de94.jpg"
                },
                {
                    "id": 114,
                    "name": "Physics",
                    "slug": "physics",
                    "language": "eng",
                    "games_count": 20215,
                    "image_background": "https://media.rawg.io/media/games/a44/a444a7628bdb49b24d06a7672f805814.jpg"
                },
                {
                    "id": 413,
                    "name": "online",
                    "slug": "online",
                    "language": "eng",
                    "games_count": 6553,
                    "image_background": "https://media.rawg.io/media/games/819/819cbc1d24837166b24299f5c8b68e07.jpg"
                },
                {
                    "id": 1632,
                    "name": "cars",
                    "slug": "cars",
                    "language": "eng",
                    "games_count": 5833,
                    "image_background": "https://media.rawg.io/media/games/9de/9de9d9c51e2867486222a7b3e0fb6062.jpg"
                },
                {
                    "id": 1497,
                    "name": "car",
                    "slug": "car",
                    "language": "eng",
                    "games_count": 7463,
                    "image_background": "https://media.rawg.io/media/games/da8/da86a74c94d6516f31dcec888c14488f.jpg"
                },
                {
                    "id": 2168,
                    "name": "racer",
                    "slug": "racer",
                    "language": "eng",
                    "games_count": 1345,
                    "image_background": "https://media.rawg.io/media/screenshots/cb8/cb83e5c4a474ee73caa3e31587782d71.jpg"
                },
                {
                    "id": 6033,
                    "name": "smash",
                    "slug": "smash",
                    "language": "eng",
                    "games_count": 1791,
                    "image_background": "https://media.rawg.io/media/screenshots/8d7/8d79e0742fef9106089f04c7c7fdcb51.jpg"
                }
            ],
            "esrb_rating": {
                "id": 3,
                "name": "Teen",
                "slug": "teen",
                "name_en": "Teen",
                "name_ru": "С 13 лет"
            },
            "user_game": null,
            "reviews_count": 236,
            "saturated_color": "0f0f0f",
            "dominant_color": "0f0f0f",
            "short_screenshots": [
                {
                    "id": -1,
                    "image": "https://media.rawg.io/media/games/9de/9de9d9c51e2867486222a7b3e0fb6062.jpg"
                },
                {
                    "id": 778221,
                    "image": "https://media.rawg.io/media/screenshots/ce9/ce9bae34abf720f0d2ac4961f9de7bc2.jpg"
                },
                {
                    "id": 778222,
                    "image": "https://media.rawg.io/media/screenshots/054/0548c2cb0199cd1ac464d0c457d223f7.jpg"
                },
                {
                    "id": 778223,
                    "image": "https://media.rawg.io/media/screenshots/b33/b33185004e4e474a47cb5a868747e132.jpg"
                },
                {
                    "id": 778224,
                    "image": "https://media.rawg.io/media/screenshots/e5c/e5c5bcd83a2817953b0dc0b3070687ce.jpg"
                },
                {
                    "id": 778225,
                    "image": "https://media.rawg.io/media/screenshots/524/524028b7525bbe017f7a413bc913fcb0.jpg"
                },
                {
                    "id": 778226,
                    "image": "https://media.rawg.io/media/screenshots/f0a/f0a2bdf533092bf0357011b0acc61404.jpg"
                }
            ],
            "parent_platforms": [
                {
                    "platform": {
                        "id": 1,
                        "name": "PC",
                        "slug": "pc"
                    }
                },
                {
                    "platform": {
                        "id": 2,
                        "name": "PlayStation",
                        "slug": "playstation"
                    }
                },
                {
                    "platform": {
                        "id": 3,
                        "name": "Xbox",
                        "slug": "xbox"
                    }
                },
                {
                    "platform": {
                        "id": 7,
                        "name": "Nintendo",
                        "slug": "nintendo"
                    }
                }
            ],
            "genres": [
                {
                    "id": 1,
                    "name": "Racing",
                    "slug": "racing"
                },
                {
                    "id": 11,
                    "name": "Arcade",
                    "slug": "arcade"
                }
            ]
        },
        {
            "slug": "outrun-online-arcade",
            "name": "OutRun Online Arcade",
            "playtime": 1,
            "platforms": [
                {
                    "platform": {
                        "id": 16,
                        "name": "PlayStation 3",
                        "slug": "playstation3"
                    }
                }
            ],
            "stores": null,
            "released": "2009-04-15",
            "tba": false,
            "background_image": "https://media.rawg.io/media/screenshots/f78/f782732d5d9b6b31ac0202c22d3ba9bd.jpg",
            "rating": 4.0,
            "rating_top": 4,
            "ratings": [
                {
                    "id": 4,
                    "title": "recommended",
                    "count": 4,
                    "percent": 66.67
                },
                {
                    "id": 5,
                    "title": "exceptional",
                    "count": 1,
                    "percent": 16.67
                },
                {
                    "id": 3,
                    "title": "meh",
                    "count": 1,
                    "percent": 16.67
                }
            ],
            "ratings_count": 6,
            "reviews_text_count": 0,
            "added": 86,
            "added_by_status": {
                "yet": 1,
                "owned": 76,
                "beaten": 5,
                "toplay": 3,
                "dropped": 1
            },
            "metacritic": null,
            "suggestions_count": 366,
            "updated": "2019-09-17T11:27:58",
            "id": 39129,
            "score": null,
            "clip": null,
            "tags": [],
            "esrb_rating": null,
            "user_game": null,
            "reviews_count": 6,
            "saturated_color": "0f0f0f",
            "dominant_color": "0f0f0f",
            "short_screenshots": [
                {
                    "id": -1,
                    "image": "https://media.rawg.io/media/screenshots/f78/f782732d5d9b6b31ac0202c22d3ba9bd.jpg"
                },
                {
                    "id": 513691,
                    "image": "https://media.rawg.io/media/screenshots/d33/d3387ecb05e235ff5ed71502cf6fd8b6.jpg"
                },
                {
                    "id": 513692,
                    "image": "https://media.rawg.io/media/screenshots/c3d/c3d3757d5c38aa6eaf323217a469792c.jpg"
                },
                {
                    "id": 513693,
                    "image": "https://media.rawg.io/media/screenshots/5a5/5a5b13ab43562efe847053b84b41de37.jpg"
                },
                {
                    "id": 513694,
                    "image": "https://media.rawg.io/media/screenshots/651/651a44a034a42e15081ceda74804fd09.jpg"
                },
                {
                    "id": 513695,
                    "image": "https://media.rawg.io/media/screenshots/13f/13fc324def2f402928c6a2d5ba45a890.jpg"
                },
                {
                    "id": 513696,
                    "image": "https://media.rawg.io/media/screenshots/0a9/0a9ecb06cac7a866ad4eabd74c4e2aaf.jpg"
                }
            ],
            "parent_platforms": [
                {
                    "platform": {
                        "id": 2,
                        "name": "PlayStation",
                        "slug": "playstation"
                    }
                }
            ],
            "genres": [
                {
                    "id": 1,
                    "name": "Racing",
                    "slug": "racing"
                },
                {
                    "id": 11,
                    "name": "Arcade",
                    "slug": "arcade"
                }
            ]
        },
        {
            "slug": "sonic-all-stars-racing-transformed",
            "name": "Sonic & All-Stars Racing Transformed",
            "playtime": 5,
            "platforms": [
                {
                    "platform": {
                        "id": 4,
                        "name": "PC",
                        "slug": "pc"
                    }
                },
                {
                    "platform": {
                        "id": 1,
                        "name": "Xbox One",
                        "slug": "xbox-one"
                    }
                },
                {
                    "platform": {
                        "id": 3,
                        "name": "iOS",
                        "slug": "ios"
                    }
                },
                {
                    "platform": {
                        "id": 21,
                        "name": "Android",
                        "slug": "android"
                    }
                },
                {
                    "platform": {
                        "id": 8,
                        "name": "Nintendo 3DS",
                        "slug": "nintendo-3ds"
                    }
                },
                {
                    "platform": {
                        "id": 14,
                        "name": "Xbox 360",
                        "slug": "xbox360"
                    }
                },
                {
                    "platform": {
                        "id": 16,
                        "name": "PlayStation 3",
                        "slug": "playstation3"
                    }
                },
                {
                    "platform": {
                        "id": 19,
                        "name": "PS Vita",
                        "slug": "ps-vita"
                    }
                },
                {
                    "platform": {
                        "id": 10,
                        "name": "Wii U",
                        "slug": "wii-u"
                    }
                }
            ],
            "stores": [
                {
                    "store": {
                        "id": 1,
                        "name": "Steam",
                        "slug": "steam"
                    }
                },
                {
                    "store": {
                        "id": 3,
                        "name": "PlayStation Store",
                        "slug": "playstation-store"
                    }
                },
                {
                    "store": {
                        "id": 2,
                        "name": "Xbox Store",
                        "slug": "xbox-store"
                    }
                },
                {
                    "store": {
                        "id": 4,
                        "name": "App Store",
                        "slug": "apple-appstore"
                    }
                },
                {
                    "store": {
                        "id": 6,
                        "name": "Nintendo Store",
                        "slug": "nintendo"
                    }
                },
                {
                    "store": {
                        "id": 7,
                        "name": "Xbox 360 Store",
                        "slug": "xbox360"
                    }
                }
            ],
            "released": "2012-11-16",
            "tba": false,
            "background_image": "https://media.rawg.io/media/games/0c1/0c1c9965ba59166ab986a663ab2252dc.jpg",
            "rating": 3.9,
            "rating_top": 4,
            "ratings": [
                {
                    "id": 4,
                    "title": "recommended",
                    "count": 231,
                    "percent": 58.63
                },
                {
                    "id": 5,
                    "title": "exceptional",
                    "count": 80,
                    "percent": 20.3
                },
                {
                    "id": 3,
                    "title": "meh",
                    "count": 65,
                    "percent": 16.5
                },
                {
                    "id": 1,
                    "title": "skip",
                    "count": 18,
                    "percent": 4.57
                }
            ],
            "ratings_count": 384,
            "reviews_text_count": 8,
            "added": 3187,
            "added_by_status": {
                "yet": 99,
                "owned": 2607,
                "beaten": 219,
                "toplay": 34,
                "dropped": 200,
                "playing": 28
            },
            "metacritic": 79,
            "suggestions_count": 495,
            "updated": "2025-03-01T13:39:19",
            "id": 966,
            "score": null,
            "clip": null,
            "tags": [
                {
                    "id": 31,
                    "name": "Singleplayer",
                    "slug": "singleplayer",
                    "language": "eng",
                    "games_count": 236808,
                    "image_background": "https://media.rawg.io/media/games/4be/4be6a6ad0364751a96229c56bf69be59.jpg"
                },
                {
                    "id": 42396,
                    "name": "Для одного игрока",
                    "slug": "dlia-odnogo-igroka",
                    "language": "rus",
                    "games_count": 59339,
                    "image_background": "https://media.rawg.io/media/games/49c/49c3dfa4ce2f6f140cc4825868e858cb.jpg"
                },
                {
                    "id": 42417,
                    "name": "Экшен",
                    "slug": "ekshen",
                    "language": "rus",
                    "games_count": 45143,
                    "image_background": "https://media.rawg.io/media/games/b45/b45575f34285f2c4479c9a5f719d972e.jpg"
                },
                {
                    "id": 42392,
                    "name": "Приключение",
                    "slug": "prikliuchenie",
                    "language": "rus",
                    "games_count": 43383,
                    "image_background": "https://media.rawg.io/media/games/d82/d82990b9c67ba0d2d09d4e6fa88885a7.jpg"
                },
                {
                    "id": 40847,
                    "name": "Steam Achievements",
                    "slug": "steam-achievements",
                    "language": "eng",
                    "games_count": 44261,
                    "image_background": "https://media.rawg.io/media/games/b8c/b8c243eaa0fbac8115e0cdccac3f91dc.jpg"
                },
                {
                    "id": 7,
                    "name": "Multiplayer",
                    "slug": "multiplayer",
                    "language": "eng",
                    "games_count": 40265,
                    "image_background": "https://media.rawg.io/media/games/021/021c4e21a1824d2526f925eff6324653.jpg"
                },
                {
                    "id": 40836,
                    "name": "Full controller support",
                    "slug": "full-controller-support",
                    "language": "eng",
                    "games_count": 20885,
                    "image_background": "https://media.rawg.io/media/games/562/562553814dd54e001a541e4ee83a591c.jpg"
                },
                {
                    "id": 40849,
                    "name": "Steam Cloud",
                    "slug": "steam-cloud",
                    "language": "eng",
                    "games_count": 21355,
                    "image_background": "https://media.rawg.io/media/games/be0/be01c3d7d8795a45615da139322ca080.jpg"
                },
                {
                    "id": 42425,
                    "name": "Для нескольких игроков",
                    "slug": "dlia-neskolkikh-igrokov",
                    "language": "rus",
                    "games_count": 11352,
                    "image_background": "https://media.rawg.io/media/games/157/15742f2f67eacff546738e1ab5c19d20.jpg"
                },
                {
                    "id": 7808,
                    "name": "steam-trading-cards",
                    "slug": "steam-trading-cards",
                    "language": "eng",
                    "games_count": 7568,
                    "image_background": "https://media.rawg.io/media/games/d58/d588947d4286e7b5e0e12e1bea7d9844.jpg"
                },
                {
                    "id": 42401,
                    "name": "Отличный саундтрек",
                    "slug": "otlichnyi-saundtrek",
                    "language": "rus",
                    "games_count": 4645,
                    "image_background": "https://media.rawg.io/media/games/7cf/7cfc9220b401b7a300e409e539c9afd5.jpg"
                },
                {
                    "id": 42,
                    "name": "Great Soundtrack",
                    "slug": "great-soundtrack",
                    "language": "eng",
                    "games_count": 3421,
                    "image_background": "https://media.rawg.io/media/games/26d/26d4437715bee60138dab4a7c8c59c92.jpg"
                },
                {
                    "id": 18,
                    "name": "Co-op",
                    "slug": "co-op",
                    "language": "eng",
                    "games_count": 12990,
                    "image_background": "https://media.rawg.io/media/games/4e0/4e0e7b6d6906a131307c94266e5c9a1c.jpg"
                },
                {
                    "id": 411,
                    "name": "cooperative",
                    "slug": "cooperative",
                    "language": "eng",
                    "games_count": 5769,
                    "image_background": "https://media.rawg.io/media/games/587/587588c64afbff80e6f444eb2e46f9da.jpg"
                },
                {
                    "id": 42435,
                    "name": "Шедевр",
                    "slug": "shedevr",
                    "language": "rus",
                    "games_count": 1059,
                    "image_background": "https://media.rawg.io/media/games/7cf/7cfc9220b401b7a300e409e539c9afd5.jpg"
                },
                {
                    "id": 9,
                    "name": "Online Co-Op",
                    "slug": "online-co-op",
                    "language": "eng",
                    "games_count": 6621,
                    "image_background": "https://media.rawg.io/media/games/2ba/2bac0e87cf45e5b508f227d281c9252a.jpg"
                },
                {
                    "id": 42433,
                    "name": "Совместная игра по сети",
                    "slug": "sovmestnaia-igra-po-seti",
                    "language": "rus",
                    "games_count": 1226,
                    "image_background": "https://media.rawg.io/media/games/4e0/4e0e7b6d6906a131307c94266e5c9a1c.jpg"
                },
                {
                    "id": 198,
                    "name": "Split Screen",
                    "slug": "split-screen",
                    "language": "eng",
                    "games_count": 7359,
                    "image_background": "https://media.rawg.io/media/games/12e/12ea6b35b65df38258e25885a0a392a6.jpg"
                },
                {
                    "id": 42449,
                    "name": "Локальный мультиплеер",
                    "slug": "lokalnyi-multipleer",
                    "language": "rus",
                    "games_count": 4025,
                    "image_background": "https://media.rawg.io/media/games/d1a/d1a1202a378607b6c635c8f18ace95dd.jpg"
                },
                {
                    "id": 75,
                    "name": "Local Co-Op",
                    "slug": "local-co-op",
                    "language": "eng",
                    "games_count": 5748,
                    "image_background": "https://media.rawg.io/media/games/926/926928beb8a9f9b31cf202965aa4cbbc.jpg"
                },
                {
                    "id": 42416,
                    "name": "Контроллер",
                    "slug": "kontroller",
                    "language": "rus",
                    "games_count": 7681,
                    "image_background": "https://media.rawg.io/media/games/89a/89a700d3c6a76bd0610ca89ccd20da54.jpg"
                },
                {
                    "id": 115,
                    "name": "Controller",
                    "slug": "controller",
                    "language": "eng",
                    "games_count": 13235,
                    "image_background": "https://media.rawg.io/media/games/e4a/e4ab7f784bdc38c76ce6e4cef9715d18.jpg"
                },
                {
                    "id": 72,
                    "name": "Local Multiplayer",
                    "slug": "local-multiplayer",
                    "language": "eng",
                    "games_count": 13574,
                    "image_background": "https://media.rawg.io/media/screenshots/4f4/4f4722571e32954af43a4508607c1748.jpg"
                },
                {
                    "id": 42587,
                    "name": "Аркада",
                    "slug": "arkada",
                    "language": "rus",
                    "games_count": 12763,
                    "image_background": "https://media.rawg.io/media/games/082/082365507ff04d456c700157072d35db.jpg"
                },
                {
                    "id": 42562,
                    "name": "Для всей семьи",
                    "slug": "dlia-vsei-semi",
                    "language": "rus",
                    "games_count": 9185,
                    "image_background": "https://media.rawg.io/media/games/096/0962642c3f74cd6306ad8bfdfd3d6150.jpg"
                },
                {
                    "id": 42520,
                    "name": "Реиграбельность",
                    "slug": "reigrabelnost",
                    "language": "rus",
                    "games_count": 2488,
                    "image_background": "https://media.rawg.io/media/games/6d3/6d33014a4ed48a19c30a77ead5a0f62e.jpg"
                },
                {
                    "id": 42601,
                    "name": "Цветастая",
                    "slug": "tsvetastaia",
                    "language": "rus",
                    "games_count": 16830,
                    "image_background": "https://media.rawg.io/media/games/8e4/8e4de3f54ac659e08a7ba6a2b731682a.jpg"
                },
                {
                    "id": 107,
                    "name": "Family Friendly",
                    "slug": "family-friendly",
                    "language": "eng",
                    "games_count": 8995,
                    "image_background": "https://media.rawg.io/media/games/1e5/1e5e33b88be978f451196a751424a72e.jpg"
                },
                {
                    "id": 5,
                    "name": "Replay Value",
                    "slug": "replay-value",
                    "language": "eng",
                    "games_count": 1939,
                    "image_background": "https://media.rawg.io/media/games/233/233cdc08cce0228f6f35222eca3bff92.jpg"
                },
                {
                    "id": 165,
                    "name": "Colorful",
                    "slug": "colorful",
                    "language": "eng",
                    "games_count": 25386,
                    "image_background": "https://media.rawg.io/media/games/c2e/c2eb6021a2596644b437e943612af25c.jpg"
                },
                {
                    "id": 42612,
                    "name": "Быстрая",
                    "slug": "bystraia",
                    "language": "rus",
                    "games_count": 1908,
                    "image_background": "https://media.rawg.io/media/screenshots/616/616437f375a1080756c917b1437404f3.jpg"
                },
                {
                    "id": 42496,
                    "name": "Гонки",
                    "slug": "gonki",
                    "language": "rus",
                    "games_count": 4212,
                    "image_background": "https://media.rawg.io/media/games/a1c/a1cea552040aecf9414548e209f9c0d8.jpg"
                },
                {
                    "id": 131,
                    "name": "Fast-Paced",
                    "slug": "fast-paced",
                    "language": "eng",
                    "games_count": 10654,
                    "image_background": "https://media.rawg.io/media/games/556/556157feed9ee1f55f2b12b2973e30a3.jpg"
                },
                {
                    "id": 42531,
                    "name": "Спортивная игра",
                    "slug": "sportivnaia-igra",
                    "language": "rus",
                    "games_count": 4672,
                    "image_background": "https://media.rawg.io/media/screenshots/c02/c02c64324edc2045ea1fc0601cdaaa0c.jpg"
                },
                {
                    "id": 40856,
                    "name": "Valve Anti-Cheat enabled",
                    "slug": "valve-anti-cheat-enabled",
                    "language": "eng",
                    "games_count": 105,
                    "image_background": "https://media.rawg.io/media/games/78d/78dfae12fb8c5b16cd78648553071e0a.jpg"
                },
                {
                    "id": 42639,
                    "name": "Локальная игра на четверых",
                    "slug": "lokalnaia-igra-na-chetverykh",
                    "language": "rus",
                    "games_count": 1582,
                    "image_background": "https://media.rawg.io/media/screenshots/424/4246b028e70891609700f1566db8b8dd.jpg"
                },
                {
                    "id": 182,
                    "name": "4 Player Local",
                    "slug": "4-player-local",
                    "language": "eng",
                    "games_count": 1432,
                    "image_background": "https://media.rawg.io/media/screenshots/f7f/f7fb42b2115c3730c00248dafe57e2d0.jpg"
                },
                {
                    "id": 42613,
                    "name": "Разделение экрана",
                    "slug": "razdelenie-ekrana",
                    "language": "rus",
                    "games_count": 720,
                    "image_background": "https://media.rawg.io/media/games/1fa/1fa75f0895240b12fc65cc98ae9649fd.jpg"
                },
                {
                    "id": 60,
                    "name": "Touch-Friendly",
                    "slug": "touch-friendly",
                    "language": "eng",
                    "games_count": 1680,
                    "image_background": "https://media.rawg.io/media/games/8cd/8cd179c85bd3de8f79bef245b15075fb.jpg"
                }
            ],
            "esrb_rating": {
                "id": 2,
                "name": "Everyone 10+",
                "slug": "everyone-10-plus",
                "name_en": "Everyone 10+",
                "name_ru": "С 10 лет"
            },
            "user_game": null,
            "reviews_count": 394,
            "saturated_color": "0f0f0f",
            "dominant_color": "0f0f0f",
            "short_screenshots": [
                {
                    "id": -1,
                    "image": "https://media.rawg.io/media/games/0c1/0c1c9965ba59166ab986a663ab2252dc.jpg"
                },
                {
                    "id": 93198,
                    "image": "https://media.rawg.io/media/screenshots/260/2601a1a078ce7c0b4ca01043c3c7d468.jpg"
                },
                {
                    "id": 93199,
                    "image": "https://media.rawg.io/media/screenshots/aea/aeaf8f1c238c9997ae5cd9e2290028ea.jpg"
                },
                {
                    "id": 93200,
                    "image": "https://media.rawg.io/media/screenshots/cda/cda9b84c47174142a909a2d977d646b8.jpg"
                },
                {
                    "id": 93201,
                    "image": "https://media.rawg.io/media/screenshots/bfd/bfd69b12be2cf62960870b7a0ffc383b.jpg"
                },
                {
                    "id": 93202,
                    "image": "https://media.rawg.io/media/screenshots/e2e/e2e878654907905039797ed8c2bec5ce.jpg"
                },
                {
                    "id": 93203,
                    "image": "https://media.rawg.io/media/screenshots/1df/1df2b1a23e561ce7be4b30401c4700ae.jpg"
                }
            ],
            "parent_platforms": [
                {
                    "platform": {
                        "id": 1,
                        "name": "PC",
                        "slug": "pc"
                    }
                },
                {
                    "platform": {
                        "id": 2,
                        "name": "PlayStation",
                        "slug": "playstation"
                    }
                },
                {
                    "platform": {
                        "id": 3,
                        "name": "Xbox",
                        "slug": "xbox"
                    }
                },
                {
                    "platform": {
                        "id": 4,
                        "name": "iOS",
                        "slug": "ios"
                    }
                },
                {
                    "platform": {
                        "id": 8,
                        "name": "Android",
                        "slug": "android"
                    }
                },
                {
                    "platform": {
                        "id": 7,
                        "name": "Nintendo",
                        "slug": "nintendo"
                    }
                }
            ],
            "genres": [
                {
                    "id": 1,
                    "name": "Racing",
                    "slug": "racing"
                },
                {
                    "id": 19,
                    "name": "Family",
                    "slug": "family"
                },
                {
                    "id": 15,
                    "name": "Sports",
                    "slug": "sports"
                }
            ]
        },
        {
            "slug": "virtua-tennis-2009",
            "name": "Virtua Tennis 2009",
            "playtime": 1,
            "platforms": [
                {
                    "platform": {
                        "id": 4,
                        "name": "PC",
                        "slug": "pc"
                    }
                },
                {
                    "platform": {
                        "id": 14,
                        "name": "Xbox 360",
                        "slug": "xbox360"
                    }
                },
                {
                    "platform": {
                        "id": 16,
                        "name": "PlayStation 3",
                        "slug": "playstation3"
                    }
                },
                {
                    "platform": {
                        "id": 11,
                        "name": "Wii",
                        "slug": "wii"
                    }
                }
            ],
            "stores": [
                {
                    "store": {
                        "id": 3,
                        "name": "PlayStation Store",
                        "slug": "playstation-store"
                    }
                },
                {
                    "store": {
                        "id": 6,
                        "name": "Nintendo Store",
                        "slug": "nintendo"
                    }
                },
                {
                    "store": {
                        "id": 7,
                        "name": "Xbox 360 Store",
                        "slug": "xbox360"
                    }
                }
            ],
            "released": "2009-06-09",
            "tba": false,
            "background_image": "https://media.rawg.io/media/games/e4c/e4c47452174c58a473c90148df59a7a4.jpg",
            "rating": 3.83,
            "rating_top": 4,
            "ratings": [
                {
                    "id": 4,
                    "title": "recommended",
                    "count": 14,
                    "percent": 58.33
                },
                {
                    "id": 5,
                    "title": "exceptional",
                    "count": 5,
                    "percent": 20.83
                },
                {
                    "id": 3,
                    "title": "meh",
                    "count": 3,
                    "percent": 12.5
                },
                {
                    "id": 1,
                    "title": "skip",
                    "count": 2,
                    "percent": 8.33
                }
            ],
            "ratings_count": 24,
            "reviews_text_count": 0,
            "added": 181,
            "added_by_status": {
                "yet": 4,
                "owned": 145,
                "beaten": 19,
                "dropped": 13
            },
            "metacritic": 70,
            "suggestions_count": 337,
            "updated": "2021-10-31T10:50:16",
            "id": 5708,
            "score": null,
            "clip": null,
            "tags": [
                {
                    "id": 696,
                    "name": "tennis",
                    "slug": "tennis",
                    "language": "eng",
                    "games_count": 687,
                    "image_background": "https://media.rawg.io/media/screenshots/1a5/1a5280e6676d27b803c5d19c054fbad7.jpg"
                }
            ],
            "esrb_rating": {
                "id": 2,
                "name": "Everyone 10+",
                "slug": "everyone-10-plus",
                "name_en": "Everyone 10+",
                "name_ru": "С 10 лет"
            },
            "user_game": null,
            "reviews_count": 24,
            "saturated_color": "0f0f0f",
            "dominant_color": "0f0f0f",
            "short_screenshots": [
                {
                    "id": -1,
                    "image": "https://media.rawg.io/media/games/e4c/e4c47452174c58a473c90148df59a7a4.jpg"
                },
                {
                    "id": 519234,
                    "image": "https://media.rawg.io/media/screenshots/2c9/2c9ca44b9cd059d949c092006085a63f.jpg"
                },
                {
                    "id": 519235,
                    "image": "https://media.rawg.io/media/screenshots/358/358e9893b68599bc4bf736230941377d.jpg"
                },
                {
                    "id": 519236,
                    "image": "https://media.rawg.io/media/screenshots/082/082dc6b63c22b3ffd3e851b7cdad8c3f.jpg"
                },
                {
                    "id": 519237,
                    "image": "https://media.rawg.io/media/screenshots/f50/f502b7be8228739b7e1f6f7dd0e48260.jpg"
                },
                {
                    "id": 519238,
                    "image": "https://media.rawg.io/media/screenshots/a8d/a8da0bd38633c7583fdfd5bf0f1b09a4.jpg"
                },
                {
                    "id": 519239,
                    "image": "https://media.rawg.io/media/screenshots/1f0/1f0a6061338d16f9a31d6dbf011da4fd.jpg"
                }
            ],
            "parent_platforms": [
                {
                    "platform": {
                        "id": 1,
                        "name": "PC",
                        "slug": "pc"
                    }
                },
                {
                    "platform": {
                        "id": 2,
                        "name": "PlayStation",
                        "slug": "playstation"
                    }
                },
                {
                    "platform": {
                        "id": 3,
                        "name": "Xbox",
                        "slug": "xbox"
                    }
                },
                {
                    "platform": {
                        "id": 7,
                        "name": "Nintendo",
                        "slug": "nintendo"
                    }
                }
            ],
            "genres": [
                {
                    "id": 15,
                    "name": "Sports",
                    "slug": "sports"
                }
            ]
        },
        {
            "slug": "sonic-sega-racing",
            "name": "Sonic & SEGA Racing",
            "playtime": 0,
            "platforms": [
                {
                    "platform": {
                        "id": 4,
                        "name": "PC",
                        "slug": "pc"
                    }
                },
                {
                    "platform": {
                        "id": 3,
                        "name": "iOS",
                        "slug": "ios"
                    }
                },
                {
                    "platform": {
                        "id": 21,
                        "name": "Android",
                        "slug": "android"
                    }
                },
                {
                    "platform": {
                        "id": 9,
                        "name": "Nintendo DS",
                        "slug": "nintendo-ds"
                    }
                },
                {
                    "platform": {
                        "id": 5,
                        "name": "macOS",
                        "slug": "macos"
                    }
                },
                {
                    "platform": {
                        "id": 14,
                        "name": "Xbox 360",
                        "slug": "xbox360"
                    }
                },
                {
                    "platform": {
                        "id": 16,
                        "name": "PlayStation 3",
                        "slug": "playstation3"
                    }
                },
                {
                    "platform": {
                        "id": 11,
                        "name": "Wii",
                        "slug": "wii"
                    }
                }
            ],
            "stores": [
                {
                    "store": {
                        "id": 7,
                        "name": "Xbox 360 Store",
                        "slug": "xbox360"
                    }
                }
            ],
            "released": "2010-02-26",
            "tba": false,
            "background_image": "https://media.rawg.io/media/screenshots/f1a/f1aeac0066742fb9bb63bf3af9121e51.jpg",
            "rating": 3.81,
            "rating_top": 4,
            "ratings": [
                {
                    "id": 4,
                    "title": "recommended",
                    "count": 18,
                    "percent": 66.67
                },
                {
                    "id": 5,
                    "title": "exceptional",
                    "count": 5,
                    "percent": 18.52
                },
                {
                    "id": 1,
                    "title": "skip",
                    "count": 3,
                    "percent": 11.11
                },
                {
                    "id": 3,
                    "title": "meh",
                    "count": 1,
                    "percent": 3.7
                }
            ],
            "ratings_count": 27,
            "reviews_text_count": 0,
            "added": 182,
            "added_by_status": {
                "yet": 4,
                "owned": 145,
                "beaten": 22,
                "toplay": 2,
                "dropped": 9
            },
            "metacritic": null,
            "suggestions_count": 525,
            "updated": "2023-09-01T15:07:42",
            "id": 28476,
            "score": null,
            "clip": null,
            "tags": [
                {
                    "id": 413,
                    "name": "online",
                    "slug": "online",
                    "language": "eng",
                    "games_count": 6552,
                    "image_background": "https://media.rawg.io/media/games/af2/af2b640fa820e8a8135948a4cd399539.jpg"
                },
                {
                    "id": 981,
                    "name": "battle",
                    "slug": "battle",
                    "language": "eng",
                    "games_count": 10673,
                    "image_background": "https://media.rawg.io/media/screenshots/a06/a06ad4fb44d5031dcfa262ffc1759b47.jpg"
                },
                {
                    "id": 744,
                    "name": "friends",
                    "slug": "friends",
                    "language": "eng",
                    "games_count": 15168,
                    "image_background": "https://media.rawg.io/media/games/278/27873379c6d27b968babbeefa9b44da3.jpg"
                },
                {
                    "id": 1407,
                    "name": "race",
                    "slug": "race",
                    "language": "eng",
                    "games_count": 6790,
                    "image_background": "https://media.rawg.io/media/games/315/3156817d3ac1f341da73de6495fb28f5.jpg"
                },
                {
                    "id": 2590,
                    "name": "fun",
                    "slug": "fun",
                    "language": "eng",
                    "games_count": 29208,
                    "image_background": "https://media.rawg.io/media/screenshots/bc0/bc02ade70c7d92900b1f4950f4c845ba.jpg"
                },
                {
                    "id": 1176,
                    "name": "sonic",
                    "slug": "sonic",
                    "language": "eng",
                    "games_count": 444,
                    "image_background": "https://media.rawg.io/media/screenshots/e60/e60f0ac895303669b39696d206155022.jpg"
                }
            ],
            "esrb_rating": {
                "id": 1,
                "name": "Everyone",
                "slug": "everyone",
                "name_en": "Everyone",
                "name_ru": "Для всех"
            },
            "user_game": null,
            "reviews_count": 27,
            "saturated_color": "0f0f0f",
            "dominant_color": "0f0f0f",
            "short_screenshots": [
                {
                    "id": -1,
                    "image": "https://media.rawg.io/media/screenshots/f1a/f1aeac0066742fb9bb63bf3af9121e51.jpg"
                },
                {
                    "id": 275020,
                    "image": "https://media.rawg.io/media/screenshots/8c0/8c0a625393651ac4956c5e9a6fc5eccf.jpg"
                },
                {
                    "id": 275021,
                    "image": "https://media.rawg.io/media/screenshots/250/250dad3a3ea490e2af67da75c04bbc00.jpg"
                },
                {
                    "id": 275022,
                    "image": "https://media.rawg.io/media/screenshots/c97/c97d7601f1bce2279b2e23660a9b7ee8.jpg"
                },
                {
                    "id": 275023,
                    "image": "https://media.rawg.io/media/screenshots/3b2/3b2405b62b64b05ce1009d4f101e9a02.jpg"
                },
                {
                    "id": 275024,
                    "image": "https://media.rawg.io/media/screenshots/9fc/9fc2cfb034dbce4e64779577c95e05fa.jpg"
                },
                {
                    "id": 275025,
                    "image": "https://media.rawg.io/media/screenshots/154/154af5f988fe8ca2843c9fc8ac719dea.jpg"
                }
            ],
            "parent_platforms": [
                {
                    "platform": {
                        "id": 1,
                        "name": "PC",
                        "slug": "pc"
                    }
                },
                {
                    "platform": {
                        "id": 2,
                        "name": "PlayStation",
                        "slug": "playstation"
                    }
                },
                {
                    "platform": {
                        "id": 3,
                        "name": "Xbox",
                        "slug": "xbox"
                    }
                },
                {
                    "platform": {
                        "id": 4,
                        "name": "iOS",
                        "slug": "ios"
                    }
                },
                {
                    "platform": {
                        "id": 8,
                        "name": "Android",
                        "slug": "android"
                    }
                },
                {
                    "platform": {
                        "id": 5,
                        "name": "Apple Macintosh",
                        "slug": "mac"
                    }
                },
                {
                    "platform": {
                        "id": 7,
                        "name": "Nintendo",
                        "slug": "nintendo"
                    }
                }
            ],
            "genres": [
                {
                    "id": 1,
                    "name": "Racing",
                    "slug": "racing"
                }
            ]
        },
        {
            "slug": "nike-kinect-training",
            "name": "Nike+ Kinect Training",
            "playtime": 0,
            "platforms": [
                {
                    "platform": {
                        "id": 14,
                        "name": "Xbox 360",
                        "slug": "xbox360"
                    }
                }
            ],
            "stores": [
                {
                    "store": {
                        "id": 7,
                        "name": "Xbox 360 Store",
                        "slug": "xbox360"
                    }
                }
            ],
            "released": "2012-10-30",
            "tba": false,
            "background_image": "https://media.rawg.io/media/screenshots/0c7/0c7cad218007f769372c9251973d05e2.jpg",
            "rating": 3.8,
            "rating_top": 4,
            "ratings": [
                {
                    "id": 4,
                    "title": "recommended",
                    "count": 6,
                    "percent": 60.0
                },
                {
                    "id": 5,
                    "title": "exceptional",
                    "count": 2,
                    "percent": 20.0
                },
                {
                    "id": 3,
                    "title": "meh",
                    "count": 1,
                    "percent": 10.0
                },
                {
                    "id": 1,
                    "title": "skip",
                    "count": 1,
                    "percent": 10.0
                }
            ],
            "ratings_count": 9,
            "reviews_text_count": 1,
            "added": 82,
            "added_by_status": {
                "yet": 1,
                "owned": 73,
                "beaten": 2,
                "toplay": 1,
                "dropped": 5
            },
            "metacritic": null,
            "suggestions_count": 65,
            "updated": "2023-10-20T21:41:29",
            "id": 28444,
            "score": null,
            "clip": null,
            "tags": [
                {
                    "id": 37796,
                    "name": "exclusive",
                    "slug": "exclusive",
                    "language": "eng",
                    "games_count": 4496,
                    "image_background": "https://media.rawg.io/media/games/951/951572a3dd1e42544bd39a5d5b42d234.jpg"
                },
                {
                    "id": 37797,
                    "name": "true exclusive",
                    "slug": "true-exclusive",
                    "language": "eng",
                    "games_count": 3983,
                    "image_background": "https://media.rawg.io/media/games/bfe/bfe7780b7d4342540be2e5273d49e54c.jpg"
                }
            ],
            "esrb_rating": {
                "id": 1,
                "name": "Everyone",
                "slug": "everyone",
                "name_en": "Everyone",
                "name_ru": "Для всех"
            },
            "user_game": null,
            "reviews_count": 10,
            "saturated_color": "0f0f0f",
            "dominant_color": "0f0f0f",
            "short_screenshots": [
                {
                    "id": -1,
                    "image": "https://media.rawg.io/media/screenshots/0c7/0c7cad218007f769372c9251973d05e2.jpg"
                },
                {
                    "id": 274158,
                    "image": "https://media.rawg.io/media/screenshots/f29/f290ed159bb36529a3b293bdc3155d91.jpg"
                },
                {
                    "id": 274159,
                    "image": "https://media.rawg.io/media/screenshots/0c7/0c7cad218007f769372c9251973d05e2.jpg"
                }
            ],
            "parent_platforms": [
                {
                    "platform": {
                        "id": 3,
                        "name": "Xbox",
                        "slug": "xbox"
                    }
                }
            ],
            "genres": [
                {
                    "id": 15,
                    "name": "Sports",
                    "slug": "sports"
                }
            ]
        }
    ],
    "user_platforms": false
}