{
    "count": 16,
    "next": "https://api.rawg.io/api/games?developers=4294&key=6144c1f5ae184e6a89a3e2b34caf541c&ordering=-rating&page=2&page_size=10",
    "previous": null,
    "results": [
        {
            "slug": "little-nightmares-ii",
            "name": "Little Nightmares II",
            "playtime": 6,
            "platforms": [
                {
                    "platform": {
                        "id": 4,
                        "name": "PC",
                        "slug": "pc"
                    }
                },
                {
                    "platform": {
                        "id": 187,
                        "name": "PlayStation 5",
                        "slug": "playstation5"
                    }
                },
                {
                    "platform": {
                        "id": 1,
                        "name": "Xbox One",
                        "slug": "xbox-one"
                    }
                },
                {
                    "platform": {
                        "id": 18,
                        "name": "PlayStation 4",
                        "slug": "playstation4"
                    }
                },
                {
                    "platform": {
                        "id": 186,
                        "name": "Xbox Series S/X",
                        "slug": "xbox-series-x"
                    }
                },
                {
                    "platform": {
                        "id": 7,
                        "name": "Nintendo Switch",
                        "slug": "nintendo-switch"
                    }
                }
            ],
            "stores": [
                {
                    "store": {
                        "id": 1,
                        "name": "Steam",
                        "slug": "steam"
                    }
                },
                {
                    "store": {
                        "id": 3,
                        "name": "PlayStation Store",
                        "slug": "playstation-store"
                    }
                },
                {
                    "store": {
                        "id": 2,
                        "name": "Xbox Store",
                        "slug": "xbox-store"
                    }
                },
                {
                    "store": {
                        "id": 5,
                        "name": "GOG",
                        "slug": "gog"
                    }
                },
                {
                    "store": {
                        "id": 6,
                        "name": "Nintendo Store",
                        "slug": "nintendo"
                    }
                }
            ],
            "released": "2021-02-10",
            "tba": false,
            "background_image": "https://media.rawg.io/media/games/c2a/c2a7dc4540eb79aaff7099ae691105d3.jpg",
            "rating": 4.38,
            "rating_top": 5,
            "ratings": [
                {
                    "id": 5,
                    "title": "exceptional",
                    "count": 290,
                    "percent": 53.51
                },
                {
                    "id": 4,
                    "title": "recommended",
                    "count": 207,
                    "percent": 38.19
                },
                {
                    "id": 3,
                    "title": "meh",
                    "count": 25,
                    "percent": 4.61
                },
                {
                    "id": 1,
                    "title": "skip",
                    "count": 20,
                    "percent": 3.69
                }
            ],
            "ratings_count": 520,
            "reviews_text_count": 18,
            "added": 2556,
            "added_by_status": {
                "yet": 240,
                "owned": 1050,
                "beaten": 600,
                "toplay": 550,
                "dropped": 72,
                "playing": 44
            },
            "metacritic": 82,
            "suggestions_count": 365,
            "updated": "2025-03-12T21:06:50",
            "id": 366881,
            "score": null,
            "clip": null,
            "tags": [
                {
                    "id": 31,
                    "name": "Singleplayer",
                    "slug": "singleplayer",
                    "language": "eng",
                    "games_count": 236808,
                    "image_background": "https://media.rawg.io/media/games/4be/4be6a6ad0364751a96229c56bf69be59.jpg"
                },
                {
                    "id": 42396,
                    "name": "Для одного игрока",
                    "slug": "dlia-odnogo-igroka",
                    "language": "rus",
                    "games_count": 59339,
                    "image_background": "https://media.rawg.io/media/games/49c/49c3dfa4ce2f6f140cc4825868e858cb.jpg"
                },
                {
                    "id": 42417,
                    "name": "Экшен",
                    "slug": "ekshen",
                    "language": "rus",
                    "games_count": 45143,
                    "image_background": "https://media.rawg.io/media/games/b45/b45575f34285f2c4479c9a5f719d972e.jpg"
                },
                {
                    "id": 42392,
                    "name": "Приключение",
                    "slug": "prikliuchenie",
                    "language": "rus",
                    "games_count": 43383,
                    "image_background": "https://media.rawg.io/media/games/d82/d82990b9c67ba0d2d09d4e6fa88885a7.jpg"
                },
                {
                    "id": 40847,
                    "name": "Steam Achievements",
                    "slug": "steam-achievements",
                    "language": "eng",
                    "games_count": 44261,
                    "image_background": "https://media.rawg.io/media/games/b8c/b8c243eaa0fbac8115e0cdccac3f91dc.jpg"
                },
                {
                    "id": 42398,
                    "name": "Инди",
                    "slug": "indi-2",
                    "language": "rus",
                    "games_count": 61346,
                    "image_background": "https://media.rawg.io/media/games/562/562553814dd54e001a541e4ee83a591c.jpg"
                },
                {
                    "id": 40836,
                    "name": "Full controller support",
                    "slug": "full-controller-support",
                    "language": "eng",
                    "games_count": 20885,
                    "image_background": "https://media.rawg.io/media/games/562/562553814dd54e001a541e4ee83a591c.jpg"
                },
                {
                    "id": 40849,
                    "name": "Steam Cloud",
                    "slug": "steam-cloud",
                    "language": "eng",
                    "games_count": 21355,
                    "image_background": "https://media.rawg.io/media/games/be0/be01c3d7d8795a45615da139322ca080.jpg"
                },
                {
                    "id": 13,
                    "name": "Atmospheric",
                    "slug": "atmospheric",
                    "language": "eng",
                    "games_count": 36334,
                    "image_background": "https://media.rawg.io/media/games/b45/b45575f34285f2c4479c9a5f719d972e.jpg"
                },
                {
                    "id": 42425,
                    "name": "Для нескольких игроков",
                    "slug": "dlia-neskolkikh-igrokov",
                    "language": "rus",
                    "games_count": 11352,
                    "image_background": "https://media.rawg.io/media/games/157/15742f2f67eacff546738e1ab5c19d20.jpg"
                },
                {
                    "id": 42400,
                    "name": "Атмосфера",
                    "slug": "atmosfera",
                    "language": "rus",
                    "games_count": 6083,
                    "image_background": "https://media.rawg.io/media/games/7fa/7fa0b586293c5861ee32490e953a4996.jpg"
                },
                {
                    "id": 42394,
                    "name": "Глубокий сюжет",
                    "slug": "glubokii-siuzhet",
                    "language": "rus",
                    "games_count": 15181,
                    "image_background": "https://media.rawg.io/media/games/b8c/b8c243eaa0fbac8115e0cdccac3f91dc.jpg"
                },
                {
                    "id": 118,
                    "name": "Story Rich",
                    "slug": "story-rich",
                    "language": "eng",
                    "games_count": 24317,
                    "image_background": "https://media.rawg.io/media/games/be0/be01c3d7d8795a45615da139322ca080.jpg"
                },
                {
                    "id": 16,
                    "name": "Horror",
                    "slug": "horror",
                    "language": "eng",
                    "games_count": 46748,
                    "image_background": "https://media.rawg.io/media/games/4fb/4fb548e4816c84d1d70f1a228fb167cc.jpg"
                },
                {
                    "id": 42465,
                    "name": "Головоломка",
                    "slug": "golovolomka",
                    "language": "rus",
                    "games_count": 18415,
                    "image_background": "https://media.rawg.io/media/games/149/149bbed9d90dc09328ba79bbacfda3c8.jpg"
                },
                {
                    "id": 42463,
                    "name": "Платформер",
                    "slug": "platformer-2",
                    "language": "rus",
                    "games_count": 9925,
                    "image_background": "https://media.rawg.io/media/games/594/59487800889ebac294c7c2c070d02356.jpg"
                },
                {
                    "id": 15,
                    "name": "Stealth",
                    "slug": "stealth",
                    "language": "eng",
                    "games_count": 6675,
                    "image_background": "https://media.rawg.io/media/games/364/3642d850efb217c58feab80b8affaa89.jpg"
                },
                {
                    "id": 42439,
                    "name": "Стелс",
                    "slug": "stels",
                    "language": "rus",
                    "games_count": 2535,
                    "image_background": "https://media.rawg.io/media/games/8a0/8a02f84a5916ede2f923b88d5f8217ba.jpg"
                },
                {
                    "id": 69,
                    "name": "Action-Adventure",
                    "slug": "action-adventure",
                    "language": "eng",
                    "games_count": 18751,
                    "image_background": "https://media.rawg.io/media/games/c50/c5085506fe4b5e20fc7aa5ace842c20b.jpg"
                },
                {
                    "id": 42477,
                    "name": "Мрачная",
                    "slug": "mrachnaia",
                    "language": "rus",
                    "games_count": 6666,
                    "image_background": "https://media.rawg.io/media/games/d9f/d9f982e042df6263684ba1fdea3efc1c.jpg"
                },
                {
                    "id": 41,
                    "name": "Dark",
                    "slug": "dark",
                    "language": "eng",
                    "games_count": 17196,
                    "image_background": "https://media.rawg.io/media/games/d9f/d9f982e042df6263684ba1fdea3efc1c.jpg"
                },
                {
                    "id": 42490,
                    "name": "Приключенческий экшен",
                    "slug": "prikliuchencheskii-ekshen",
                    "language": "rus",
                    "games_count": 11144,
                    "image_background": "https://media.rawg.io/media/games/d1c/d1cd8a226cb224357c1f59605577cbf2.jpg"
                },
                {
                    "id": 40937,
                    "name": "Steam Trading Cards",
                    "slug": "steam-trading-cards-2",
                    "language": "eng",
                    "games_count": 736,
                    "image_background": "https://media.rawg.io/media/games/473/473bd9a5e9522629d6cb28b701fb836a.jpg"
                },
                {
                    "id": 42468,
                    "name": "Головоломка-платформер",
                    "slug": "golovolomka-platformer",
                    "language": "rus",
                    "games_count": 4431,
                    "image_background": "https://media.rawg.io/media/games/74d/74dafeb9a442b87b9dd4a1d4a2faa37b.jpg"
                },
                {
                    "id": 42513,
                    "name": "Триллер",
                    "slug": "triller",
                    "language": "rus",
                    "games_count": 2098,
                    "image_background": "https://media.rawg.io/media/games/238/238df3e0dd805f3b0bef671909d22de8.jpg"
                },
                {
                    "id": 183,
                    "name": "Thriller",
                    "slug": "thriller",
                    "language": "eng",
                    "games_count": 3119,
                    "image_background": "https://media.rawg.io/media/games/5c0/5c0dd63002cb23f804aab327d40ef119.jpg"
                },
                {
                    "id": 49955,
                    "name": "Puzzle Platformer",
                    "slug": "puzzle-platformer-2",
                    "language": "eng",
                    "games_count": 3719,
                    "image_background": "https://media.rawg.io/media/games/b6b/b6b20bfc4b34e312dbc8aac53c95a348.jpg"
                }
            ],
            "esrb_rating": {
                "id": 3,
                "name": "Teen",
                "slug": "teen",
                "name_en": "Teen",
                "name_ru": "С 13 лет"
            },
            "user_game": null,
            "reviews_count": 542,
            "saturated_color": "0f0f0f",
            "dominant_color": "0f0f0f",
            "short_screenshots": [
                {
                    "id": -1,
                    "image": "https://media.rawg.io/media/games/c2a/c2a7dc4540eb79aaff7099ae691105d3.jpg"
                },
                {
                    "id": 2139724,
                    "image": "https://media.rawg.io/media/screenshots/ccc/ccc8bc96a3863a9a618b01a4df172d8d.jpg"
                },
                {
                    "id": 2139725,
                    "image": "https://media.rawg.io/media/screenshots/c75/c751625ebad334a61c515a5ac7ce4d77.jpg"
                },
                {
                    "id": 2139726,
                    "image": "https://media.rawg.io/media/screenshots/fe1/fe15bb608d9b07692d7c78a6bcb59a2b.jpg"
                },
                {
                    "id": 2708508,
                    "image": "https://media.rawg.io/media/screenshots/f4f/f4f9fadbc1ae5ed2e46bc65f6e7f0333.jpg"
                },
                {
                    "id": 2708509,
                    "image": "https://media.rawg.io/media/screenshots/b21/b212c9c571b50642a8df70efc7031c38.jpg"
                },
                {
                    "id": 2708510,
                    "image": "https://media.rawg.io/media/screenshots/c83/c83fa792db91f6b48df731aa260c64ca.jpg"
                }
            ],
            "parent_platforms": [
                {
                    "platform": {
                        "id": 1,
                        "name": "PC",
                        "slug": "pc"
                    }
                },
                {
                    "platform": {
                        "id": 2,
                        "name": "PlayStation",
                        "slug": "playstation"
                    }
                },
                {
                    "platform": {
                        "id": 3,
                        "name": "Xbox",
                        "slug": "xbox"
                    }
                },
                {
                    "platform": {
                        "id": 7,
                        "name": "Nintendo",
                        "slug": "nintendo"
                    }
                }
            ],
            "genres": [
                {
                    "id": 83,
                    "name": "Platformer",
                    "slug": "platformer"
                },
                {
                    "id": 3,
                    "name": "Adventure",
                    "slug": "adventure"
                },
                {
                    "id": 4,
                    "name": "Action",
                    "slug": "action"
                }
            ]
        },
        {
            "slug": "little-nightmares-the-residence",
            "name": "Little Nightmares: The Residence",
            "playtime": 0,
            "platforms": [
                {
                    "platform": {
                        "id": 4,
                        "name": "PC",
                        "slug": "pc"
                    }
                },
                {
                    "platform": {
                        "id": 1,
                        "name": "Xbox One",
                        "slug": "xbox-one"
                    }
                },
                {
                    "platform": {
                        "id": 18,
                        "name": "PlayStation 4",
                        "slug": "playstation4"
                    }
                }
            ],
            "stores": [
                {
                    "store": {
                        "id": 1,
                        "name": "Steam",
                        "slug": "steam"
                    }
                },
                {
                    "store": {
                        "id": 3,
                        "name": "PlayStation Store",
                        "slug": "playstation-store"
                    }
                },
                {
                    "store": {
                        "id": 2,
                        "name": "Xbox Store",
                        "slug": "xbox-store"
                    }
                },
                {
                    "store": {
                        "id": 5,
                        "name": "GOG",
                        "slug": "gog"
                    }
                }
            ],
            "released": "2018-02-23",
            "tba": false,
            "background_image": "https://media.rawg.io/media/screenshots/7d3/7d347a9056c97d3ecb189ff316685d5f.jpg",
            "rating": 4.16,
            "rating_top": 5,
            "ratings": [
                {
                    "id": 5,
                    "title": "exceptional",
                    "count": 24,
                    "percent": 43.64
                },
                {
                    "id": 4,
                    "title": "recommended",
                    "count": 20,
                    "percent": 36.36
                },
                {
                    "id": 3,
                    "title": "meh",
                    "count": 9,
                    "percent": 16.36
                },
                {
                    "id": 1,
                    "title": "skip",
                    "count": 2,
                    "percent": 3.64
                }
            ],
            "ratings_count": 53,
            "reviews_text_count": 2,
            "added": 95,
            "added_by_status": {
                "yet": 5,
                "owned": 11,
                "beaten": 63,
                "toplay": 11,
                "dropped": 4,
                "playing": 1
            },
            "metacritic": null,
            "suggestions_count": 347,
            "updated": "2025-02-18T20:02:04",
            "id": 395157,
            "score": null,
            "clip": null,
            "tags": [],
            "esrb_rating": {
                "id": 3,
                "name": "Teen",
                "slug": "teen",
                "name_en": "Teen",
                "name_ru": "С 13 лет"
            },
            "user_game": null,
            "reviews_count": 55,
            "saturated_color": "0f0f0f",
            "dominant_color": "0f0f0f",
            "short_screenshots": [
                {
                    "id": -1,
                    "image": "https://media.rawg.io/media/screenshots/7d3/7d347a9056c97d3ecb189ff316685d5f.jpg"
                },
                {
                    "id": 3595575,
                    "image": "https://media.rawg.io/media/screenshots/9b3/9b370cb0bac03c280d12ec63b86bde44.jpg"
                },
                {
                    "id": 3595576,
                    "image": "https://media.rawg.io/media/screenshots/6f5/6f513a5afe6dd7201297b013b2f846b9.jpg"
                },
                {
                    "id": 3595577,
                    "image": "https://media.rawg.io/media/screenshots/fd5/fd55e67e7a4b1858fee0a1f3ae47b5c4.jpg"
                },
                {
                    "id": 3595578,
                    "image": "https://media.rawg.io/media/screenshots/313/313ba235982a7b4a413c696eeaa68f9c.jpg"
                },
                {
                    "id": 3595579,
                    "image": "https://media.rawg.io/media/screenshots/4ce/4cef851d9056518fd8c599e4072d669a.jpg"
                },
                {
                    "id": 3595580,
                    "image": "https://media.rawg.io/media/screenshots/6a1/6a1c9507684d56dacd93a78c4a5aac6b.jpg"
                }
            ],
            "parent_platforms": [
                {
                    "platform": {
                        "id": 1,
                        "name": "PC",
                        "slug": "pc"
                    }
                },
                {
                    "platform": {
                        "id": 2,
                        "name": "PlayStation",
                        "slug": "playstation"
                    }
                },
                {
                    "platform": {
                        "id": 3,
                        "name": "Xbox",
                        "slug": "xbox"
                    }
                }
            ],
            "genres": [
                {
                    "id": 83,
                    "name": "Platformer",
                    "slug": "platformer"
                },
                {
                    "id": 3,
                    "name": "Adventure",
                    "slug": "adventure"
                },
                {
                    "id": 4,
                    "name": "Action",
                    "slug": "action"
                }
            ]
        },
        {
            "slug": "statik",
            "name": "Statik",
            "playtime": 0,
            "platforms": [
                {
                    "platform": {
                        "id": 18,
                        "name": "PlayStation 4",
                        "slug": "playstation4"
                    }
                }
            ],
            "stores": [
                {
                    "store": {
                        "id": 3,
                        "name": "PlayStation Store",
                        "slug": "playstation-store"
                    }
                }
            ],
            "released": "2017-04-24",
            "tba": false,
            "background_image": "https://media.rawg.io/media/screenshots/62a/62ae50892216607b20f4f81636751a09.jpg",
            "rating": 4.12,
            "rating_top": 4,
            "ratings": [
                {
                    "id": 4,
                    "title": "recommended",
                    "count": 30,
                    "percent": 60.0
                },
                {
                    "id": 5,
                    "title": "exceptional",
                    "count": 15,
                    "percent": 30.0
                },
                {
                    "id": 3,
                    "title": "meh",
                    "count": 3,
                    "percent": 6.0
                },
                {
                    "id": 1,
                    "title": "skip",
                    "count": 2,
                    "percent": 4.0
                }
            ],
            "ratings_count": 50,
            "reviews_text_count": 0,
            "added": 250,
            "added_by_status": {
                "yet": 11,
                "owned": 191,
                "beaten": 28,
                "toplay": 6,
                "dropped": 10,
                "playing": 4
            },
            "metacritic": null,
            "suggestions_count": 236,
            "updated": "2023-11-28T01:22:16",
            "id": 21931,
            "score": null,
            "clip": null,
            "tags": [
                {
                    "id": 31,
                    "name": "Singleplayer",
                    "slug": "singleplayer",
                    "language": "eng",
                    "games_count": 234962,
                    "image_background": "https://media.rawg.io/media/games/4a0/4a0a1316102366260e6f38fd2a9cfdce.jpg"
                },
                {
                    "id": 42417,
                    "name": "Экшен",
                    "slug": "ekshen",
                    "language": "rus",
                    "games_count": 44402,
                    "image_background": "https://media.rawg.io/media/games/2ba/2bac0e87cf45e5b508f227d281c9252a.jpg"
                },
                {
                    "id": 42392,
                    "name": "Приключение",
                    "slug": "prikliuchenie",
                    "language": "rus",
                    "games_count": 42633,
                    "image_background": "https://media.rawg.io/media/games/942/9424d6bb763dc38d9378b488603c87fa.jpg"
                },
                {
                    "id": 40847,
                    "name": "Steam Achievements",
                    "slug": "steam-achievements",
                    "language": "eng",
                    "games_count": 43323,
                    "image_background": "https://media.rawg.io/media/games/8a0/8a02f84a5916ede2f923b88d5f8217ba.jpg"
                },
                {
                    "id": 7,
                    "name": "Multiplayer",
                    "slug": "multiplayer",
                    "language": "eng",
                    "games_count": 39945,
                    "image_background": "https://media.rawg.io/media/games/8cc/8cce7c0e99dcc43d66c8efd42f9d03e3.jpg"
                },
                {
                    "id": 40836,
                    "name": "Full controller support",
                    "slug": "full-controller-support",
                    "language": "eng",
                    "games_count": 20480,
                    "image_background": "https://media.rawg.io/media/games/b45/b45575f34285f2c4479c9a5f719d972e.jpg"
                },
                {
                    "id": 40849,
                    "name": "Steam Cloud",
                    "slug": "steam-cloud",
                    "language": "eng",
                    "games_count": 20841,
                    "image_background": "https://media.rawg.io/media/games/ee3/ee3e10193aafc3230ba1cae426967d10.jpg"
                },
                {
                    "id": 13,
                    "name": "Atmospheric",
                    "slug": "atmospheric",
                    "language": "eng",
                    "games_count": 35916,
                    "image_background": "https://media.rawg.io/media/games/49c/49c3dfa4ce2f6f140cc4825868e858cb.jpg"
                },
                {
                    "id": 42425,
                    "name": "Для нескольких игроков",
                    "slug": "dlia-neskolkikh-igrokov",
                    "language": "rus",
                    "games_count": 11140,
                    "image_background": "https://media.rawg.io/media/games/174/174fabfca02d5730531bab2153a7dfcb.jpg"
                },
                {
                    "id": 42400,
                    "name": "Атмосфера",
                    "slug": "atmosfera",
                    "language": "rus",
                    "games_count": 6083,
                    "image_background": "https://media.rawg.io/media/games/b8c/b8c243eaa0fbac8115e0cdccac3f91dc.jpg"
                },
                {
                    "id": 18,
                    "name": "Co-op",
                    "slug": "co-op",
                    "language": "eng",
                    "games_count": 12785,
                    "image_background": "https://media.rawg.io/media/games/713/713269608dc8f2f40f5a670a14b2de94.jpg"
                },
                {
                    "id": 42421,
                    "name": "Стратегия",
                    "slug": "strategiia",
                    "language": "rus",
                    "games_count": 21212,
                    "image_background": "https://media.rawg.io/media/games/8bd/8bd24e3c15354a9555bb1437fe555a69.jpg"
                },
                {
                    "id": 42429,
                    "name": "От первого лица",
                    "slug": "ot-pervogo-litsa",
                    "language": "rus",
                    "games_count": 13086,
                    "image_background": "https://media.rawg.io/media/games/00d/00d374f12a3ab5f96c500a2cfa901e15.jpg"
                },
                {
                    "id": 8,
                    "name": "First-Person",
                    "slug": "first-person",
                    "language": "eng",
                    "games_count": 34007,
                    "image_background": "https://media.rawg.io/media/games/15c/15c95a4915f88a3e89c821526afe05fc.jpg"
                },
                {
                    "id": 16,
                    "name": "Horror",
                    "slug": "horror",
                    "language": "eng",
                    "games_count": 46437,
                    "image_background": "https://media.rawg.io/media/games/b49/b4912b5dbfc7ed8927b65f05b8507f6c.jpg"
                },
                {
                    "id": 9,
                    "name": "Online Co-Op",
                    "slug": "online-co-op",
                    "language": "eng",
                    "games_count": 6469,
                    "image_background": "https://media.rawg.io/media/games/34b/34b1f1850a1c06fd971bc6ab3ac0ce0e.jpg"
                },
                {
                    "id": 40850,
                    "name": "Steam Leaderboards",
                    "slug": "steam-leaderboards",
                    "language": "eng",
                    "games_count": 7504,
                    "image_background": "https://media.rawg.io/media/games/095/0953bf01cd4e4dd204aba85489ac9868.jpg"
                },
                {
                    "id": 69,
                    "name": "Action-Adventure",
                    "slug": "action-adventure",
                    "language": "eng",
                    "games_count": 18441,
                    "image_background": "https://media.rawg.io/media/games/63f/63f0e68688cad279ed38cde931dbfcdb.jpg"
                },
                {
                    "id": 42477,
                    "name": "Мрачная",
                    "slug": "mrachnaia",
                    "language": "rus",
                    "games_count": 6470,
                    "image_background": "https://media.rawg.io/media/games/310/3106b0e012271c5ffb16497b070be739.jpg"
                },
                {
                    "id": 11669,
                    "name": "stats",
                    "slug": "stats",
                    "language": "eng",
                    "games_count": 5318,
                    "image_background": "https://media.rawg.io/media/games/388/388935d851846f8ec747fffc7c765800.jpg"
                },
                {
                    "id": 41,
                    "name": "Dark",
                    "slug": "dark",
                    "language": "eng",
                    "games_count": 16999,
                    "image_background": "https://media.rawg.io/media/games/b54/b54598d1d5cc31899f4f0a7e3122a7b0.jpg"
                },
                {
                    "id": 157,
                    "name": "PvP",
                    "slug": "pvp",
                    "language": "eng",
                    "games_count": 10467,
                    "image_background": "https://media.rawg.io/media/games/b29/b294fdd866dcdb643e7bab370a552855.jpg"
                },
                {
                    "id": 42490,
                    "name": "Приключенческий экшен",
                    "slug": "prikliuchencheskii-ekshen",
                    "language": "rus",
                    "games_count": 10834,
                    "image_background": "https://media.rawg.io/media/games/569/569ea25d2b56bd05c7fa309ddabe81ff.jpg"
                },
                {
                    "id": 42471,
                    "name": "Хоррор на выживание",
                    "slug": "khorror-na-vyzhivanie",
                    "language": "rus",
                    "games_count": 3720,
                    "image_background": "https://media.rawg.io/media/games/f3e/f3eec35c6218dcfd93a537751e6bfa61.jpg"
                },
                {
                    "id": 37796,
                    "name": "exclusive",
                    "slug": "exclusive",
                    "language": "eng",
                    "games_count": 4491,
                    "image_background": "https://media.rawg.io/media/games/f24/f2493ea338fe7bd3c7d73750a85a0959.jpeg"
                },
                {
                    "id": 17,
                    "name": "Survival Horror",
                    "slug": "survival-horror",
                    "language": "eng",
                    "games_count": 9081,
                    "image_background": "https://media.rawg.io/media/games/d58/d588947d4286e7b5e0e12e1bea7d9844.jpg"
                },
                {
                    "id": 218,
                    "name": "Multiple Endings",
                    "slug": "multiple-endings",
                    "language": "eng",
                    "games_count": 9914,
                    "image_background": "https://media.rawg.io/media/games/0f4/0f4f4764555736eebfeb01571e44e99e.jpg"
                },
                {
                    "id": 37797,
                    "name": "true exclusive",
                    "slug": "true-exclusive",
                    "language": "eng",
                    "games_count": 3980,
                    "image_background": "https://media.rawg.io/media/games/4be/4be6a6ad0364751a96229c56bf69be59.jpg"
                },
                {
                    "id": 45878,
                    "name": "Online PvP",
                    "slug": "online-pvp",
                    "language": "eng",
                    "games_count": 5346,
                    "image_background": "https://media.rawg.io/media/games/1fa/1fa75f0895240b12fc65cc98ae9649fd.jpg"
                },
                {
                    "id": 42606,
                    "name": "Стилизация",
                    "slug": "stilizatsiia",
                    "language": "rus",
                    "games_count": 7937,
                    "image_background": "https://media.rawg.io/media/games/13a/13a97b75b6e6b999901f6dd6fda47848.jpg"
                },
                {
                    "id": 166,
                    "name": "Stylized",
                    "slug": "stylized",
                    "language": "eng",
                    "games_count": 7955,
                    "image_background": "https://media.rawg.io/media/screenshots/f7f/f7fb42b2115c3730c00248dafe57e2d0.jpg"
                },
                {
                    "id": 187,
                    "name": "Demons",
                    "slug": "demons",
                    "language": "eng",
                    "games_count": 2940,
                    "image_background": "https://media.rawg.io/media/games/998/9988525895232b81618aa7eb2b844002.jpg"
                },
                {
                    "id": 42545,
                    "name": "Демоны",
                    "slug": "demony",
                    "language": "rus",
                    "games_count": 2091,
                    "image_background": "https://media.rawg.io/media/games/1cb/1cb8247e712e8797003387083acf30c0.jpg"
                },
                {
                    "id": 224,
                    "name": "1980s",
                    "slug": "1980s",
                    "language": "eng",
                    "games_count": 2880,
                    "image_background": "https://media.rawg.io/media/games/501/501e7019925a3c692bf1c8062f07abe6.jpg"
                },
                {
                    "id": 279,
                    "name": "Supernatural",
                    "slug": "supernatural",
                    "language": "eng",
                    "games_count": 2595,
                    "image_background": "https://media.rawg.io/media/games/f6b/f6bed028b02369d4cab548f4f9337e81.jpg"
                },
                {
                    "id": 42686,
                    "name": "Сверхъестественное",
                    "slug": "sverkhestestvennoe",
                    "language": "rus",
                    "games_count": 1759,
                    "image_background": "https://media.rawg.io/media/games/326/326cbbdc3bc2da0b10cc3f7edd57161a.jpg"
                },
                {
                    "id": 42513,
                    "name": "Триллер",
                    "slug": "triller",
                    "language": "rus",
                    "games_count": 2029,
                    "image_background": "https://media.rawg.io/media/games/e2d/e2d3f396b16dded0f841c17c9799a882.jpg"
                },
                {
                    "id": 42655,
                    "name": "Психологическая",
                    "slug": "psikhologicheskaia",
                    "language": "rus",
                    "games_count": 2007,
                    "image_background": "https://media.rawg.io/media/games/fae/faebf3c8cbf30db3f46bfbecf6ada3d6.jpg"
                },
                {
                    "id": 40839,
                    "name": "Includes Source SDK",
                    "slug": "includes-source-sdk",
                    "language": "eng",
                    "games_count": 63,
                    "image_background": "https://media.rawg.io/media/games/7a2/7a2500ee8b2c0e1ff268bb4479463dea.jpg"
                },
                {
                    "id": 285,
                    "name": "Psychological",
                    "slug": "psychological",
                    "language": "eng",
                    "games_count": 2107,
                    "image_background": "https://media.rawg.io/media/screenshots/50c/50ca35b80bd7a35a1a7d9fecdbcd6517_kJS1cIB.jpg"
                },
                {
                    "id": 183,
                    "name": "Thriller",
                    "slug": "thriller",
                    "language": "eng",
                    "games_count": 3050,
                    "image_background": "https://media.rawg.io/media/games/0be/0bea0a08a4d954337305391b778a7f37.jpg"
                },
                {
                    "id": 64060,
                    "name": "Несколько концовок",
                    "slug": "neskolko-kontsovok",
                    "language": "rus",
                    "games_count": 5060,
                    "image_background": "https://media.rawg.io/media/games/2a8/2a88f50fc8fe893de15a3bbcae992b01.jpg"
                },
                {
                    "id": 42619,
                    "name": "Психоделия",
                    "slug": "psikhodeliia",
                    "language": "rus",
                    "games_count": 1708,
                    "image_background": "https://media.rawg.io/media/games/15f/15ff2ce4c6007591b59ef2a7724c88e3.jpg"
                },
                {
                    "id": 286,
                    "name": "Psychedelic",
                    "slug": "psychedelic",
                    "language": "eng",
                    "games_count": 2462,
                    "image_background": "https://media.rawg.io/media/screenshots/0cc/0cc6a55041978168782e99e1cf7887a0.jpg"
                },
                {
                    "id": 2896,
                    "name": "collectathon",
                    "slug": "collectathon",
                    "language": "eng",
                    "games_count": 1996,
                    "image_background": "https://media.rawg.io/media/screenshots/c42/c42590b202e160f16669c6885b79f70f.jpg"
                },
                {
                    "id": 58135,
                    "name": "Коллектатон",
                    "slug": "kollektaton",
                    "language": "rus",
                    "games_count": 1803,
                    "image_background": "https://media.rawg.io/media/screenshots/6e4/6e4fb66651c629ad8a471211b975bdeb.jpg"
                },
                {
                    "id": 46115,
                    "name": "LAN Co-op",
                    "slug": "lan-co-op",
                    "language": "eng",
                    "games_count": 698,
                    "image_background": "https://media.rawg.io/media/screenshots/529/529d0535eafe7a55fc4d03b82367ce8a.jpg"
                },
                {
                    "id": 46113,
                    "name": "LAN PvP",
                    "slug": "lan-pvp",
                    "language": "eng",
                    "games_count": 759,
                    "image_background": "https://media.rawg.io/media/screenshots/c35/c35d245b6052a107cda6deb047256ba1.jpg"
                }
            ],
            "esrb_rating": {
                "id": 3,
                "name": "Teen",
                "slug": "teen",
                "name_en": "Teen",
                "name_ru": "С 13 лет"
            },
            "user_game": null,
            "reviews_count": 50,
            "saturated_color": "0f0f0f",
            "dominant_color": "0f0f0f",
            "short_screenshots": [
                {
                    "id": -1,
                    "image": "https://media.rawg.io/media/screenshots/62a/62ae50892216607b20f4f81636751a09.jpg"
                },
                {
                    "id": 209370,
                    "image": "https://media.rawg.io/media/screenshots/56c/56c3b4f5a86e72608d46b60bad63d66e.jpg"
                },
                {
                    "id": 209371,
                    "image": "https://media.rawg.io/media/screenshots/fa7/fa73f9d8ddba3a3a0a5036f4a71a3126.jpg"
                },
                {
                    "id": 209372,
                    "image": "https://media.rawg.io/media/screenshots/240/240e94ff3ccf17ca887da4af6be5deea.jpg"
                },
                {
                    "id": 209373,
                    "image": "https://media.rawg.io/media/screenshots/f41/f41124ea4891152ce0a4cee03b9cd513.jpg"
                },
                {
                    "id": 209374,
                    "image": "https://media.rawg.io/media/screenshots/a1d/a1dbf18ef328b0330a56b813b942927c.jpg"
                },
                {
                    "id": 209375,
                    "image": "https://media.rawg.io/media/screenshots/415/4151fd0bcf4e452943ffb8c55991ead3.jpg"
                }
            ],
            "parent_platforms": [
                {
                    "platform": {
                        "id": 2,
                        "name": "PlayStation",
                        "slug": "playstation"
                    }
                }
            ],
            "genres": [
                {
                    "id": 3,
                    "name": "Adventure",
                    "slug": "adventure"
                },
                {
                    "id": 4,
                    "name": "Action",
                    "slug": "action"
                },
                {
                    "id": 7,
                    "name": "Puzzle",
                    "slug": "puzzle"
                },
                {
                    "id": 40,
                    "name": "Casual",
                    "slug": "casual"
                },
                {
                    "id": 10,
                    "name": "Strategy",
                    "slug": "strategy"
                },
                {
                    "id": 51,
                    "name": "Indie",
                    "slug": "indie"
                }
            ]
        },
        {
            "slug": "little-nightmares-the-hideaway",
            "name": "Little Nightmares: The Hideaway",
            "playtime": 0,
            "platforms": [
                {
                    "platform": {
                        "id": 4,
                        "name": "PC",
                        "slug": "pc"
                    }
                },
                {
                    "platform": {
                        "id": 1,
                        "name": "Xbox One",
                        "slug": "xbox-one"
                    }
                },
                {
                    "platform": {
                        "id": 18,
                        "name": "PlayStation 4",
                        "slug": "playstation4"
                    }
                }
            ],
            "stores": [
                {
                    "store": {
                        "id": 1,
                        "name": "Steam",
                        "slug": "steam"
                    }
                },
                {
                    "store": {
                        "id": 3,
                        "name": "PlayStation Store",
                        "slug": "playstation-store"
                    }
                },
                {
                    "store": {
                        "id": 2,
                        "name": "Xbox Store",
                        "slug": "xbox-store"
                    }
                },
                {
                    "store": {
                        "id": 5,
                        "name": "GOG",
                        "slug": "gog"
                    }
                }
            ],
            "released": "2017-11-09",
            "tba": false,
            "background_image": "https://media.rawg.io/media/screenshots/059/059c0b2d1c716f2e438b3bf9e6e99229.jpg",
            "rating": 4.11,
            "rating_top": 4,
            "ratings": [
                {
                    "id": 4,
                    "title": "recommended",
                    "count": 28,
                    "percent": 51.85
                },
                {
                    "id": 5,
                    "title": "exceptional",
                    "count": 17,
                    "percent": 31.48
                },
                {
                    "id": 3,
                    "title": "meh",
                    "count": 8,
                    "percent": 14.81
                },
                {
                    "id": 1,
                    "title": "skip",
                    "count": 1,
                    "percent": 1.85
                }
            ],
            "ratings_count": 52,
            "reviews_text_count": 2,
            "added": 88,
            "added_by_status": {
                "yet": 4,
                "owned": 7,
                "beaten": 62,
                "toplay": 11,
                "dropped": 3,
                "playing": 1
            },
            "metacritic": null,
            "suggestions_count": 285,
            "updated": "2025-02-18T20:02:08",
            "id": 395156,
            "score": null,
            "clip": null,
            "tags": [],
            "esrb_rating": {
                "id": 3,
                "name": "Teen",
                "slug": "teen",
                "name_en": "Teen",
                "name_ru": "С 13 лет"
            },
            "user_game": null,
            "reviews_count": 54,
            "saturated_color": "0f0f0f",
            "dominant_color": "0f0f0f",
            "short_screenshots": [
                {
                    "id": -1,
                    "image": "https://media.rawg.io/media/screenshots/059/059c0b2d1c716f2e438b3bf9e6e99229.jpg"
                },
                {
                    "id": 3595569,
                    "image": "https://media.rawg.io/media/screenshots/d76/d7602f383c62f3841fcc0859582c3675.jpg"
                },
                {
                    "id": 3595570,
                    "image": "https://media.rawg.io/media/screenshots/c62/c62635664930688e50d4a79bdf4eb2a9.jpg"
                },
                {
                    "id": 3595571,
                    "image": "https://media.rawg.io/media/screenshots/c87/c87e28059ae72e085b9f27491d66e5b8.jpg"
                },
                {
                    "id": 3595572,
                    "image": "https://media.rawg.io/media/screenshots/a35/a358508b4f4259bde56cff0a1a4179a5.jpg"
                },
                {
                    "id": 3595573,
                    "image": "https://media.rawg.io/media/screenshots/a76/a7651f140cda141b3b1d860a9fe475b2.jpg"
                },
                {
                    "id": 3595574,
                    "image": "https://media.rawg.io/media/screenshots/059/059c0b2d1c716f2e438b3bf9e6e99229.jpg"
                }
            ],
            "parent_platforms": [
                {
                    "platform": {
                        "id": 1,
                        "name": "PC",
                        "slug": "pc"
                    }
                },
                {
                    "platform": {
                        "id": 2,
                        "name": "PlayStation",
                        "slug": "playstation"
                    }
                },
                {
                    "platform": {
                        "id": 3,
                        "name": "Xbox",
                        "slug": "xbox"
                    }
                }
            ],
            "genres": [
                {
                    "id": 83,
                    "name": "Platformer",
                    "slug": "platformer"
                },
                {
                    "id": 3,
                    "name": "Adventure",
                    "slug": "adventure"
                },
                {
                    "id": 4,
                    "name": "Action",
                    "slug": "action"
                }
            ]
        },
        {
            "slug": "little-nightmares-the-depths",
            "name": "Little Nightmares: The Depths",
            "playtime": 0,
            "platforms": [
                {
                    "platform": {
                        "id": 4,
                        "name": "PC",
                        "slug": "pc"
                    }
                },
                {
                    "platform": {
                        "id": 1,
                        "name": "Xbox One",
                        "slug": "xbox-one"
                    }
                },
                {
                    "platform": {
                        "id": 18,
                        "name": "PlayStation 4",
                        "slug": "playstation4"
                    }
                }
            ],
            "stores": [
                {
                    "store": {
                        "id": 1,
                        "name": "Steam",
                        "slug": "steam"
                    }
                },
                {
                    "store": {
                        "id": 3,
                        "name": "PlayStation Store",
                        "slug": "playstation-store"
                    }
                },
                {
                    "store": {
                        "id": 2,
                        "name": "Xbox Store",
                        "slug": "xbox-store"
                    }
                },
                {
                    "store": {
                        "id": 5,
                        "name": "GOG",
                        "slug": "gog"
                    }
                }
            ],
            "released": "2017-07-07",
            "tba": false,
            "background_image": "https://media.rawg.io/media/screenshots/9a2/9a2b865dd9b55a1d37d5af4fcc30df4f.jpg",
            "rating": 4.06,
            "rating_top": 4,
            "ratings": [
                {
                    "id": 4,
                    "title": "recommended",
                    "count": 22,
                    "percent": 41.51
                },
                {
                    "id": 5,
                    "title": "exceptional",
                    "count": 19,
                    "percent": 35.85
                },
                {
                    "id": 3,
                    "title": "meh",
                    "count": 10,
                    "percent": 18.87
                },
                {
                    "id": 1,
                    "title": "skip",
                    "count": 2,
                    "percent": 3.77
                }
            ],
            "ratings_count": 51,
            "reviews_text_count": 2,
            "added": 93,
            "added_by_status": {
                "yet": 5,
                "owned": 10,
                "beaten": 63,
                "toplay": 12,
                "dropped": 2,
                "playing": 1
            },
            "metacritic": 62,
            "suggestions_count": 183,
            "updated": "2025-02-18T20:02:00",
            "id": 395155,
            "score": null,
            "clip": null,
            "tags": [],
            "esrb_rating": {
                "id": 3,
                "name": "Teen",
                "slug": "teen",
                "name_en": "Teen",
                "name_ru": "С 13 лет"
            },
            "user_game": null,
            "reviews_count": 53,
            "saturated_color": "0f0f0f",
            "dominant_color": "0f0f0f",
            "short_screenshots": [
                {
                    "id": -1,
                    "image": "https://media.rawg.io/media/screenshots/9a2/9a2b865dd9b55a1d37d5af4fcc30df4f.jpg"
                },
                {
                    "id": 3595565,
                    "image": "https://media.rawg.io/media/screenshots/56e/56e81202d7299bc1b445aa7ade0dabdd.jpg"
                },
                {
                    "id": 3595566,
                    "image": "https://media.rawg.io/media/screenshots/497/4973ec28a901cbc4c7b2e434404c1882.jpg"
                },
                {
                    "id": 3595567,
                    "image": "https://media.rawg.io/media/screenshots/d6d/d6d0e9cef4a64cf219b230d5c5bb99a9.jpg"
                },
                {
                    "id": 3595568,
                    "image": "https://media.rawg.io/media/screenshots/9a2/9a2b865dd9b55a1d37d5af4fcc30df4f.jpg"
                }
            ],
            "parent_platforms": [
                {
                    "platform": {
                        "id": 1,
                        "name": "PC",
                        "slug": "pc"
                    }
                },
                {
                    "platform": {
                        "id": 2,
                        "name": "PlayStation",
                        "slug": "playstation"
                    }
                },
                {
                    "platform": {
                        "id": 3,
                        "name": "Xbox",
                        "slug": "xbox"
                    }
                }
            ],
            "genres": [
                {
                    "id": 83,
                    "name": "Platformer",
                    "slug": "platformer"
                },
                {
                    "id": 3,
                    "name": "Adventure",
                    "slug": "adventure"
                },
                {
                    "id": 4,
                    "name": "Action",
                    "slug": "action"
                }
            ]
        },
        {
            "slug": "little-nightmares",
            "name": "Little Nightmares",
            "playtime": 3,
            "platforms": [
                {
                    "platform": {
                        "id": 4,
                        "name": "PC",
                        "slug": "pc"
                    }
                },
                {
                    "platform": {
                        "id": 1,
                        "name": "Xbox One",
                        "slug": "xbox-one"
                    }
                },
                {
                    "platform": {
                        "id": 18,
                        "name": "PlayStation 4",
                        "slug": "playstation4"
                    }
                },
                {
                    "platform": {
                        "id": 7,
                        "name": "Nintendo Switch",
                        "slug": "nintendo-switch"
                    }
                },
                {
                    "platform": {
                        "id": 3,
                        "name": "iOS",
                        "slug": "ios"
                    }
                }
            ],
            "stores": [
                {
                    "store": {
                        "id": 1,
                        "name": "Steam",
                        "slug": "steam"
                    }
                },
                {
                    "store": {
                        "id": 3,
                        "name": "PlayStation Store",
                        "slug": "playstation-store"
                    }
                },
                {
                    "store": {
                        "id": 2,
                        "name": "Xbox Store",
                        "slug": "xbox-store"
                    }
                },
                {
                    "store": {
                        "id": 4,
                        "name": "App Store",
                        "slug": "apple-appstore"
                    }
                },
                {
                    "store": {
                        "id": 5,
                        "name": "GOG",
                        "slug": "gog"
                    }
                }
            ],
            "released": "2017-04-27",
            "tba": false,
            "background_image": "https://media.rawg.io/media/games/8a0/8a02f84a5916ede2f923b88d5f8217ba.jpg",
            "rating": 4.04,
            "rating_top": 4,
            "ratings": [
                {
                    "id": 4,
                    "title": "recommended",
                    "count": 870,
                    "percent": 54.0
                },
                {
                    "id": 5,
                    "title": "exceptional",
                    "count": 491,
                    "percent": 30.48
                },
                {
                    "id": 3,
                    "title": "meh",
                    "count": 160,
                    "percent": 9.93
                },
                {
                    "id": 1,
                    "title": "skip",
                    "count": 90,
                    "percent": 5.59
                }
            ],
            "ratings_count": 1579,
            "reviews_text_count": 25,
            "added": 11501,
            "added_by_status": {
                "yet": 784,
                "owned": 8453,
                "beaten": 1437,
                "toplay": 390,
                "dropped": 314,
                "playing": 123
            },
            "metacritic": 81,
            "suggestions_count": 340,
            "updated": "2025-03-18T16:26:10",
            "id": 41,
            "score": null,
            "clip": null,
            "tags": [
                {
                    "id": 31,
                    "name": "Singleplayer",
                    "slug": "singleplayer",
                    "language": "eng",
                    "games_count": 236808,
                    "image_background": "https://media.rawg.io/media/games/4be/4be6a6ad0364751a96229c56bf69be59.jpg"
                },
                {
                    "id": 42396,
                    "name": "Для одного игрока",
                    "slug": "dlia-odnogo-igroka",
                    "language": "rus",
                    "games_count": 59339,
                    "image_background": "https://media.rawg.io/media/games/49c/49c3dfa4ce2f6f140cc4825868e858cb.jpg"
                },
                {
                    "id": 42417,
                    "name": "Экшен",
                    "slug": "ekshen",
                    "language": "rus",
                    "games_count": 45143,
                    "image_background": "https://media.rawg.io/media/games/b45/b45575f34285f2c4479c9a5f719d972e.jpg"
                },
                {
                    "id": 42392,
                    "name": "Приключение",
                    "slug": "prikliuchenie",
                    "language": "rus",
                    "games_count": 43383,
                    "image_background": "https://media.rawg.io/media/games/d82/d82990b9c67ba0d2d09d4e6fa88885a7.jpg"
                },
                {
                    "id": 40847,
                    "name": "Steam Achievements",
                    "slug": "steam-achievements",
                    "language": "eng",
                    "games_count": 44261,
                    "image_background": "https://media.rawg.io/media/games/b8c/b8c243eaa0fbac8115e0cdccac3f91dc.jpg"
                },
                {
                    "id": 42398,
                    "name": "Инди",
                    "slug": "indi-2",
                    "language": "rus",
                    "games_count": 61346,
                    "image_background": "https://media.rawg.io/media/games/562/562553814dd54e001a541e4ee83a591c.jpg"
                },
                {
                    "id": 40836,
                    "name": "Full controller support",
                    "slug": "full-controller-support",
                    "language": "eng",
                    "games_count": 20885,
                    "image_background": "https://media.rawg.io/media/games/562/562553814dd54e001a541e4ee83a591c.jpg"
                },
                {
                    "id": 40849,
                    "name": "Steam Cloud",
                    "slug": "steam-cloud",
                    "language": "eng",
                    "games_count": 21355,
                    "image_background": "https://media.rawg.io/media/games/be0/be01c3d7d8795a45615da139322ca080.jpg"
                },
                {
                    "id": 13,
                    "name": "Atmospheric",
                    "slug": "atmospheric",
                    "language": "eng",
                    "games_count": 36334,
                    "image_background": "https://media.rawg.io/media/games/b45/b45575f34285f2c4479c9a5f719d972e.jpg"
                },
                {
                    "id": 42400,
                    "name": "Атмосфера",
                    "slug": "atmosfera",
                    "language": "rus",
                    "games_count": 6083,
                    "image_background": "https://media.rawg.io/media/games/7fa/7fa0b586293c5861ee32490e953a4996.jpg"
                },
                {
                    "id": 7808,
                    "name": "steam-trading-cards",
                    "slug": "steam-trading-cards",
                    "language": "eng",
                    "games_count": 7568,
                    "image_background": "https://media.rawg.io/media/games/d58/d588947d4286e7b5e0e12e1bea7d9844.jpg"
                },
                {
                    "id": 42401,
                    "name": "Отличный саундтрек",
                    "slug": "otlichnyi-saundtrek",
                    "language": "rus",
                    "games_count": 4645,
                    "image_background": "https://media.rawg.io/media/games/7cf/7cfc9220b401b7a300e409e539c9afd5.jpg"
                },
                {
                    "id": 42,
                    "name": "Great Soundtrack",
                    "slug": "great-soundtrack",
                    "language": "eng",
                    "games_count": 3421,
                    "image_background": "https://media.rawg.io/media/games/26d/26d4437715bee60138dab4a7c8c59c92.jpg"
                },
                {
                    "id": 42394,
                    "name": "Глубокий сюжет",
                    "slug": "glubokii-siuzhet",
                    "language": "rus",
                    "games_count": 15181,
                    "image_background": "https://media.rawg.io/media/games/b8c/b8c243eaa0fbac8115e0cdccac3f91dc.jpg"
                },
                {
                    "id": 118,
                    "name": "Story Rich",
                    "slug": "story-rich",
                    "language": "eng",
                    "games_count": 24317,
                    "image_background": "https://media.rawg.io/media/games/be0/be01c3d7d8795a45615da139322ca080.jpg"
                },
                {
                    "id": 42421,
                    "name": "Стратегия",
                    "slug": "strategiia",
                    "language": "rus",
                    "games_count": 21623,
                    "image_background": "https://media.rawg.io/media/games/af7/af7a831001c5c32c46e950cc883b8cb7.jpg"
                },
                {
                    "id": 42441,
                    "name": "От третьего лица",
                    "slug": "ot-tretego-litsa",
                    "language": "rus",
                    "games_count": 8583,
                    "image_background": "https://media.rawg.io/media/games/8a0/8a02f84a5916ede2f923b88d5f8217ba.jpg"
                },
                {
                    "id": 149,
                    "name": "Third Person",
                    "slug": "third-person",
                    "language": "eng",
                    "games_count": 13058,
                    "image_background": "https://media.rawg.io/media/games/6cd/6cd653e0aaef5ff8bbd295bf4bcb12eb.jpg"
                },
                {
                    "id": 16,
                    "name": "Horror",
                    "slug": "horror",
                    "language": "eng",
                    "games_count": 46748,
                    "image_background": "https://media.rawg.io/media/games/4fb/4fb548e4816c84d1d70f1a228fb167cc.jpg"
                },
                {
                    "id": 42465,
                    "name": "Головоломка",
                    "slug": "golovolomka",
                    "language": "rus",
                    "games_count": 18415,
                    "image_background": "https://media.rawg.io/media/games/149/149bbed9d90dc09328ba79bbacfda3c8.jpg"
                },
                {
                    "id": 189,
                    "name": "Female Protagonist",
                    "slug": "female-protagonist",
                    "language": "eng",
                    "games_count": 13922,
                    "image_background": "https://media.rawg.io/media/games/bce/bce62fbc7cf74bf6a1a37340993ec148.jpg"
                },
                {
                    "id": 42404,
                    "name": "Женщина-протагонист",
                    "slug": "zhenshchina-protagonist",
                    "language": "rus",
                    "games_count": 2413,
                    "image_background": "https://media.rawg.io/media/games/651/651ae84f2d5e36206aad90976a453329.jpg"
                },
                {
                    "id": 42463,
                    "name": "Платформер",
                    "slug": "platformer-2",
                    "language": "rus",
                    "games_count": 9925,
                    "image_background": "https://media.rawg.io/media/games/594/59487800889ebac294c7c2c070d02356.jpg"
                },
                {
                    "id": 15,
                    "name": "Stealth",
                    "slug": "stealth",
                    "language": "eng",
                    "games_count": 6675,
                    "image_background": "https://media.rawg.io/media/games/364/3642d850efb217c58feab80b8affaa89.jpg"
                },
                {
                    "id": 42439,
                    "name": "Стелс",
                    "slug": "stels",
                    "language": "rus",
                    "games_count": 2535,
                    "image_background": "https://media.rawg.io/media/games/8a0/8a02f84a5916ede2f923b88d5f8217ba.jpg"
                },
                {
                    "id": 42477,
                    "name": "Мрачная",
                    "slug": "mrachnaia",
                    "language": "rus",
                    "games_count": 6666,
                    "image_background": "https://media.rawg.io/media/games/d9f/d9f982e042df6263684ba1fdea3efc1c.jpg"
                },
                {
                    "id": 41,
                    "name": "Dark",
                    "slug": "dark",
                    "language": "eng",
                    "games_count": 17196,
                    "image_background": "https://media.rawg.io/media/games/d9f/d9f982e042df6263684ba1fdea3efc1c.jpg"
                },
                {
                    "id": 42471,
                    "name": "Хоррор на выживание",
                    "slug": "khorror-na-vyzhivanie",
                    "language": "rus",
                    "games_count": 3813,
                    "image_background": "https://media.rawg.io/media/games/739/73990e3ec9f43a9e8ecafe207fa4f368.jpg"
                },
                {
                    "id": 17,
                    "name": "Survival Horror",
                    "slug": "survival-horror",
                    "language": "eng",
                    "games_count": 9174,
                    "image_background": "https://media.rawg.io/media/games/1be/1be575aa6de86de328433a63fb534d9a.jpg"
                },
                {
                    "id": 336,
                    "name": "controller support",
                    "slug": "controller-support",
                    "language": "eng",
                    "games_count": 293,
                    "image_background": "https://media.rawg.io/media/games/0b3/0b34647c42271600399b93d19b10f1aa.jpg"
                },
                {
                    "id": 111,
                    "name": "Short",
                    "slug": "short",
                    "language": "eng",
                    "games_count": 57947,
                    "image_background": "https://media.rawg.io/media/games/fae/faebf3c8cbf30db3f46bfbecf6ada3d6.jpg"
                },
                {
                    "id": 42457,
                    "name": "Короткая",
                    "slug": "korotkaia",
                    "language": "rus",
                    "games_count": 1826,
                    "image_background": "https://media.rawg.io/media/games/657/657574cd437df9102f511b3be095b0ea.jpg"
                },
                {
                    "id": 42468,
                    "name": "Головоломка-платформер",
                    "slug": "golovolomka-platformer",
                    "language": "rus",
                    "games_count": 4431,
                    "image_background": "https://media.rawg.io/media/games/74d/74dafeb9a442b87b9dd4a1d4a2faa37b.jpg"
                },
                {
                    "id": 334,
                    "name": "achievements",
                    "slug": "achievements",
                    "language": "eng",
                    "games_count": 4925,
                    "image_background": "https://media.rawg.io/media/games/c35/c354856af9151dc63844be4f9843d2c2.jpg"
                },
                {
                    "id": 42667,
                    "name": "Псевдотрёхмерность",
                    "slug": "psevdotriokhmernost",
                    "language": "rus",
                    "games_count": 2531,
                    "image_background": "https://media.rawg.io/media/screenshots/e5b/e5be8c031ac0dbd85bf058947d480375.jpg"
                },
                {
                    "id": 83,
                    "name": "Puzzle-Platformer",
                    "slug": "puzzle-platformer",
                    "language": "eng",
                    "games_count": 9498,
                    "image_background": "https://media.rawg.io/media/games/a91/a917f41bb87e4b9e7a762ac87d97a9dc.jpg"
                },
                {
                    "id": 116,
                    "name": "2.5D",
                    "slug": "25d",
                    "language": "eng",
                    "games_count": 2457,
                    "image_background": "https://media.rawg.io/media/screenshots/e5b/e5be8c031ac0dbd85bf058947d480375.jpg"
                }
            ],
            "esrb_rating": null,
            "user_game": null,
            "reviews_count": 1611,
            "saturated_color": "0f0f0f",
            "dominant_color": "0f0f0f",
            "short_screenshots": [
                {
                    "id": -1,
                    "image": "https://media.rawg.io/media/games/8a0/8a02f84a5916ede2f923b88d5f8217ba.jpg"
                },
                {
                    "id": 258,
                    "image": "https://media.rawg.io/media/screenshots/00a/00a53be1dcfba6c63ac6807637c4a45a.jpg"
                },
                {
                    "id": 259,
                    "image": "https://media.rawg.io/media/screenshots/78a/78aa666996cf9d2708f529c18784262f.jpg"
                },
                {
                    "id": 260,
                    "image": "https://media.rawg.io/media/screenshots/96d/96d356977066c0c2159ed7ef3f470cab.jpg"
                },
                {
                    "id": 261,
                    "image": "https://media.rawg.io/media/screenshots/3dc/3dc7c607ff7873eaa84a8d69eac26335.jpg"
                },
                {
                    "id": 262,
                    "image": "https://media.rawg.io/media/screenshots/a83/a83cce4aae86d8ed0b7c8d933231b9bf.jpg"
                },
                {
                    "id": 263,
                    "image": "https://media.rawg.io/media/screenshots/0c6/0c6642fb4a74893a4c950528791fe7dd.jpg"
                }
            ],
            "parent_platforms": [
                {
                    "platform": {
                        "id": 1,
                        "name": "PC",
                        "slug": "pc"
                    }
                },
                {
                    "platform": {
                        "id": 2,
                        "name": "PlayStation",
                        "slug": "playstation"
                    }
                },
                {
                    "platform": {
                        "id": 3,
                        "name": "Xbox",
                        "slug": "xbox"
                    }
                },
                {
                    "platform": {
                        "id": 4,
                        "name": "iOS",
                        "slug": "ios"
                    }
                },
                {
                    "platform": {
                        "id": 7,
                        "name": "Nintendo",
                        "slug": "nintendo"
                    }
                }
            ],
            "genres": [
                {
                    "id": 83,
                    "name": "Platformer",
                    "slug": "platformer"
                },
                {
                    "id": 3,
                    "name": "Adventure",
                    "slug": "adventure"
                },
                {
                    "id": 4,
                    "name": "Action",
                    "slug": "action"
                }
            ]
        },
        {
            "slug": "little-nightmares-secrets-of-the-maw-expansion-pas",
            "name": "Little Nightmares: Secrets of the Maw",
            "playtime": 0,
            "platforms": [
                {
                    "platform": {
                        "id": 4,
                        "name": "PC",
                        "slug": "pc"
                    }
                },
                {
                    "platform": {
                        "id": 1,
                        "name": "Xbox One",
                        "slug": "xbox-one"
                    }
                },
                {
                    "platform": {
                        "id": 18,
                        "name": "PlayStation 4",
                        "slug": "playstation4"
                    }
                }
            ],
            "stores": [
                {
                    "store": {
                        "id": 1,
                        "name": "Steam",
                        "slug": "steam"
                    }
                },
                {
                    "store": {
                        "id": 3,
                        "name": "PlayStation Store",
                        "slug": "playstation-store"
                    }
                },
                {
                    "store": {
                        "id": 2,
                        "name": "Xbox Store",
                        "slug": "xbox-store"
                    }
                },
                {
                    "store": {
                        "id": 5,
                        "name": "GOG",
                        "slug": "gog"
                    }
                }
            ],
            "released": "2017-06-07",
            "tba": false,
            "background_image": "https://media.rawg.io/media/screenshots/fb2/fb271c7a445b0a92f5e1e090f2ff8d8b_Lqiiprp.jpg",
            "rating": 3.97,
            "rating_top": 4,
            "ratings": [
                {
                    "id": 4,
                    "title": "recommended",
                    "count": 13,
                    "percent": 43.33
                },
                {
                    "id": 3,
                    "title": "meh",
                    "count": 9,
                    "percent": 30.0
                },
                {
                    "id": 5,
                    "title": "exceptional",
                    "count": 8,
                    "percent": 26.67
                }
            ],
            "ratings_count": 28,
            "reviews_text_count": 1,
            "added": 74,
            "added_by_status": {
                "yet": 3,
                "owned": 13,
                "beaten": 38,
                "toplay": 15,
                "dropped": 4,
                "playing": 1
            },
            "metacritic": null,
            "suggestions_count": 380,
            "updated": "2024-12-14T05:37:58",
            "id": 28041,
            "score": null,
            "clip": null,
            "tags": [
                {
                    "id": 31,
                    "name": "Singleplayer",
                    "slug": "singleplayer",
                    "language": "eng",
                    "games_count": 235600,
                    "image_background": "https://media.rawg.io/media/games/bc0/bc06a29ceac58652b684deefe7d56099.jpg"
                },
                {
                    "id": 336,
                    "name": "controller support",
                    "slug": "controller-support",
                    "language": "eng",
                    "games_count": 293,
                    "image_background": "https://media.rawg.io/media/games/0b3/0b34647c42271600399b93d19b10f1aa.jpg"
                },
                {
                    "id": 337,
                    "name": "overlay",
                    "slug": "overlay",
                    "language": "eng",
                    "games_count": 217,
                    "image_background": "https://media.rawg.io/media/games/fad/fadc4be043ed07904012d47cd02671e4.jpg"
                },
                {
                    "id": 334,
                    "name": "achievements",
                    "slug": "achievements",
                    "language": "eng",
                    "games_count": 4921,
                    "image_background": "https://media.rawg.io/media/games/55d/55dd16f70b86426359334a785a1888e6.jpg"
                },
                {
                    "id": 338,
                    "name": "cloud saves",
                    "slug": "cloud-saves",
                    "language": "eng",
                    "games_count": 36,
                    "image_background": "https://media.rawg.io/media/games/1ad/1ad3737af2c4a4ff8e7f5540b5dcade8.jpg"
                }
            ],
            "esrb_rating": {
                "id": 3,
                "name": "Teen",
                "slug": "teen",
                "name_en": "Teen",
                "name_ru": "С 13 лет"
            },
            "user_game": null,
            "reviews_count": 30,
            "saturated_color": "0f0f0f",
            "dominant_color": "0f0f0f",
            "short_screenshots": [
                {
                    "id": -1,
                    "image": "https://media.rawg.io/media/screenshots/fb2/fb271c7a445b0a92f5e1e090f2ff8d8b_Lqiiprp.jpg"
                },
                {
                    "id": 268243,
                    "image": "https://media.rawg.io/media/screenshots/4e8/4e80df5511ed14c4e598a228e0239545.jpg"
                },
                {
                    "id": 268244,
                    "image": "https://media.rawg.io/media/screenshots/04b/04b785196dd61e1e07f89207984e3010.jpg"
                },
                {
                    "id": 268245,
                    "image": "https://media.rawg.io/media/screenshots/0f1/0f1576c3fdba906d0e09d410a327f1ca.jpg"
                },
                {
                    "id": 268246,
                    "image": "https://media.rawg.io/media/screenshots/7a1/7a1cdb73dcf53535d86801203dcf3a82.jpg"
                },
                {
                    "id": 268247,
                    "image": "https://media.rawg.io/media/screenshots/ab4/ab417b8c4622eca9ea0211cb9d602dfd.jpg"
                },
                {
                    "id": 268248,
                    "image": "https://media.rawg.io/media/screenshots/1b1/1b1b04c22dadd06d02726fe3d5f9f720.jpg"
                }
            ],
            "parent_platforms": [
                {
                    "platform": {
                        "id": 1,
                        "name": "PC",
                        "slug": "pc"
                    }
                },
                {
                    "platform": {
                        "id": 2,
                        "name": "PlayStation",
                        "slug": "playstation"
                    }
                },
                {
                    "platform": {
                        "id": 3,
                        "name": "Xbox",
                        "slug": "xbox"
                    }
                }
            ],
            "genres": [
                {
                    "id": 83,
                    "name": "Platformer",
                    "slug": "platformer"
                },
                {
                    "id": 3,
                    "name": "Adventure",
                    "slug": "adventure"
                },
                {
                    "id": 4,
                    "name": "Action",
                    "slug": "action"
                }
            ]
        },
        {
            "slug": "littlebigplanet-ps-vita",
            "name": "LittleBigPlanet (PS Vita)",
            "playtime": 0,
            "platforms": [
                {
                    "platform": {
                        "id": 19,
                        "name": "PS Vita",
                        "slug": "ps-vita"
                    }
                }
            ],
            "stores": null,
            "released": "2012-09-25",
            "tba": false,
            "background_image": "https://media.rawg.io/media/games/ee7/ee7a21b7e1da6752b8061414b26cdb6e.jpg",
            "rating": 3.81,
            "rating_top": 4,
            "ratings": [
                {
                    "id": 4,
                    "title": "recommended",
                    "count": 11,
                    "percent": 52.38
                },
                {
                    "id": 5,
                    "title": "exceptional",
                    "count": 5,
                    "percent": 23.81
                },
                {
                    "id": 3,
                    "title": "meh",
                    "count": 3,
                    "percent": 14.29
                },
                {
                    "id": 1,
                    "title": "skip",
                    "count": 2,
                    "percent": 9.52
                }
            ],
            "ratings_count": 21,
            "reviews_text_count": 0,
            "added": 59,
            "added_by_status": {
                "yet": 9,
                "owned": 9,
                "beaten": 19,
                "toplay": 13,
                "dropped": 9
            },
            "metacritic": 88,
            "suggestions_count": 142,
            "updated": "2025-01-25T07:13:22",
            "id": 4251,
            "score": null,
            "clip": null,
            "tags": [
                {
                    "id": 37796,
                    "name": "exclusive",
                    "slug": "exclusive",
                    "language": "eng",
                    "games_count": 4491,
                    "image_background": "https://media.rawg.io/media/games/f24/f2493ea338fe7bd3c7d73750a85a0959.jpeg"
                },
                {
                    "id": 37797,
                    "name": "true exclusive",
                    "slug": "true-exclusive",
                    "language": "eng",
                    "games_count": 3980,
                    "image_background": "https://media.rawg.io/media/screenshots/0f5/0f585fa72f534f62f9e5da051179f5de.jpg"
                }
            ],
            "esrb_rating": {
                "id": 1,
                "name": "Everyone",
                "slug": "everyone",
                "name_en": "Everyone",
                "name_ru": "Для всех"
            },
            "user_game": null,
            "reviews_count": 21,
            "saturated_color": "0f0f0f",
            "dominant_color": "0f0f0f",
            "short_screenshots": [
                {
                    "id": -1,
                    "image": "https://media.rawg.io/media/games/ee7/ee7a21b7e1da6752b8061414b26cdb6e.jpg"
                },
                {
                    "id": 2022644,
                    "image": "https://media.rawg.io/media/screenshots/54d/54d1b82f911cd5d72c1c8c852a6176f4.jpg"
                },
                {
                    "id": 2022645,
                    "image": "https://media.rawg.io/media/screenshots/62e/62e6646340f97ad11058a1e6733b1928.jpg"
                },
                {
                    "id": 2022646,
                    "image": "https://media.rawg.io/media/screenshots/808/8089a4c93559ebcef9d526f0b8e15fd2.jpg"
                },
                {
                    "id": 2022647,
                    "image": "https://media.rawg.io/media/screenshots/528/52830d959628220f9835aa75652a75dc.jpg"
                }
            ],
            "parent_platforms": [
                {
                    "platform": {
                        "id": 2,
                        "name": "PlayStation",
                        "slug": "playstation"
                    }
                }
            ],
            "genres": [
                {
                    "id": 83,
                    "name": "Platformer",
                    "slug": "platformer"
                },
                {
                    "id": 3,
                    "name": "Adventure",
                    "slug": "adventure"
                },
                {
                    "id": 7,
                    "name": "Puzzle",
                    "slug": "puzzle"
                }
            ]
        },
        {
            "slug": "rag-doll-kung-fu-fists-of-plastic",
            "name": "Rag Doll Kung Fu: Fists of Plastic",
            "playtime": 0,
            "platforms": [
                {
                    "platform": {
                        "id": 16,
                        "name": "PlayStation 3",
                        "slug": "playstation3"
                    }
                }
            ],
            "stores": null,
            "released": "2009-04-09",
            "tba": false,
            "background_image": "https://media.rawg.io/media/screenshots/e56/e56fc9ee27deb9a3e81da8073e4f0900.jpg",
            "rating": 2.67,
            "rating_top": 3,
            "ratings": [
                {
                    "id": 3,
                    "title": "meh",
                    "count": 13,
                    "percent": 48.15
                },
                {
                    "id": 1,
                    "title": "skip",
                    "count": 8,
                    "percent": 29.63
                },
                {
                    "id": 4,
                    "title": "recommended",
                    "count": 5,
                    "percent": 18.52
                },
                {
                    "id": 5,
                    "title": "exceptional",
                    "count": 1,
                    "percent": 3.7
                }
            ],
            "ratings_count": 27,
            "reviews_text_count": 0,
            "added": 183,
            "added_by_status": {
                "yet": 1,
                "owned": 153,
                "beaten": 12,
                "dropped": 16,
                "playing": 1
            },
            "metacritic": null,
            "suggestions_count": 589,
            "updated": "2024-03-10T18:36:37",
            "id": 39209,
            "score": null,
            "clip": null,
            "tags": [],
            "esrb_rating": null,
            "user_game": null,
            "reviews_count": 27,
            "saturated_color": "0f0f0f",
            "dominant_color": "0f0f0f",
            "short_screenshots": [
                {
                    "id": -1,
                    "image": "https://media.rawg.io/media/screenshots/e56/e56fc9ee27deb9a3e81da8073e4f0900.jpg"
                },
                {
                    "id": 516903,
                    "image": "https://media.rawg.io/media/screenshots/e0e/e0e999e665ac6f7bc471bfcf91c23b07.jpg"
                },
                {
                    "id": 516904,
                    "image": "https://media.rawg.io/media/screenshots/1b4/1b42a47d11f34a2aa8e4231bf5427f78.jpg"
                },
                {
                    "id": 516905,
                    "image": "https://media.rawg.io/media/screenshots/5a1/5a11da57ef9e221f7fe9b1b548e13fab.jpg"
                },
                {
                    "id": 516906,
                    "image": "https://media.rawg.io/media/screenshots/745/7455b4a2a9c051a07b491e190bd4ad85.jpg"
                },
                {
                    "id": 516907,
                    "image": "https://media.rawg.io/media/screenshots/8f2/8f21e76854a5b3242b00c5a65e3a398b.jpg"
                },
                {
                    "id": 516908,
                    "image": "https://media.rawg.io/media/screenshots/10f/10fc4b9311ee0518ea0a4d19706845db.jpg"
                }
            ],
            "parent_platforms": [
                {
                    "platform": {
                        "id": 2,
                        "name": "PlayStation",
                        "slug": "playstation"
                    }
                }
            ],
            "genres": [
                {
                    "id": 11,
                    "name": "Arcade",
                    "slug": "arcade"
                },
                {
                    "id": 6,
                    "name": "Fighting",
                    "slug": "fighting"
                }
            ]
        },
        {
            "slug": "the-city-of-metronome",
            "name": "The City of Metronome",
            "playtime": 0,
            "platforms": [
                {
                    "platform": {
                        "id": 4,
                        "name": "PC",
                        "slug": "pc"
                    }
                }
            ],
            "stores": null,
            "released": null,
            "tba": false,
            "background_image": "https://media.rawg.io/media/screenshots/924/924d300143e317c37d654dee4657ecc1.jpg",
            "rating": 0.0,
            "rating_top": 0,
            "ratings": [],
            "ratings_count": 0,
            "reviews_text_count": 0,
            "added": 0,
            "added_by_status": null,
            "metacritic": null,
            "suggestions_count": 642,
            "updated": "2019-01-09T12:41:06",
            "id": 36681,
            "score": null,
            "clip": null,
            "tags": [],
            "esrb_rating": null,
            "user_game": null,
            "reviews_count": 0,
            "community_rating": 0,
            "saturated_color": "0f0f0f",
            "dominant_color": "0f0f0f",
            "short_screenshots": [
                {
                    "id": -1,
                    "image": "https://media.rawg.io/media/screenshots/924/924d300143e317c37d654dee4657ecc1.jpg"
                },
                {
                    "id": 423922,
                    "image": "https://media.rawg.io/media/screenshots/261/261165698d54d5cfd8dd929b29c1546c.jpg"
                },
                {
                    "id": 423923,
                    "image": "https://media.rawg.io/media/screenshots/b1a/b1a5239e7503086b3ae563e810d7fad4.jpg"
                },
                {
                    "id": 423924,
                    "image": "https://media.rawg.io/media/screenshots/03a/03a3cd0a794da9f69fe9aa1a58b63823.jpg"
                },
                {
                    "id": 423925,
                    "image": "https://media.rawg.io/media/screenshots/111/111d15b28c0d21910153ceb83ff79776.jpg"
                },
                {
                    "id": 423926,
                    "image": "https://media.rawg.io/media/screenshots/54e/54eb676f746703e0792014a77113c342.jpg"
                },
                {
                    "id": 423927,
                    "image": "https://media.rawg.io/media/screenshots/9f2/9f255c743bb48628cd62aaeb34271672.jpg"
                }
            ],
            "parent_platforms": [
                {
                    "platform": {
                        "id": 1,
                        "name": "PC",
                        "slug": "pc"
                    }
                }
            ],
            "genres": [
                {
                    "id": 3,
                    "name": "Adventure",
                    "slug": "adventure"
                }
            ]
        }
    ],
    "user_platforms": false
}