{
    "count": 2,
    "next": null,
    "previous": null,
    "results": [
        {
            "slug": "hollow-knight",
            "name": "Hollow Knight",
            "playtime": 7,
            "platforms": [
                {
                    "platform": {
                        "id": 4,
                        "name": "PC",
                        "slug": "pc"
                    }
                },
                {
                    "platform": {
                        "id": 1,
                        "name": "Xbox One",
                        "slug": "xbox-one"
                    }
                },
                {
                    "platform": {
                        "id": 18,
                        "name": "PlayStation 4",
                        "slug": "playstation4"
                    }
                },
                {
                    "platform": {
                        "id": 7,
                        "name": "Nintendo Switch",
                        "slug": "nintendo-switch"
                    }
                },
                {
                    "platform": {
                        "id": 5,
                        "name": "macOS",
                        "slug": "macos"
                    }
                },
                {
                    "platform": {
                        "id": 6,
                        "name": "Linux",
                        "slug": "linux"
                    }
                }
            ],
            "stores": [
                {
                    "store": {
                        "id": 1,
                        "name": "Steam",
                        "slug": "steam"
                    }
                },
                {
                    "store": {
                        "id": 3,
                        "name": "PlayStation Store",
                        "slug": "playstation-store"
                    }
                },
                {
                    "store": {
                        "id": 2,
                        "name": "Xbox Store",
                        "slug": "xbox-store"
                    }
                },
                {
                    "store": {
                        "id": 5,
                        "name": "GOG",
                        "slug": "gog"
                    }
                },
                {
                    "store": {
                        "id": 6,
                        "name": "Nintendo Store",
                        "slug": "nintendo"
                    }
                }
            ],
            "released": "2017-02-23",
            "tba": false,
            "background_image": "https://media.rawg.io/media/games/4cf/4cfc6b7f1850590a4634b08bfab308ab.jpg",
            "rating": 4.41,
            "rating_top": 5,
            "ratings": [
                {
                    "id": 5,
                    "title": "exceptional",
                    "count": 1640,
                    "percent": 62.31
                },
                {
                    "id": 4,
                    "title": "recommended",
                    "count": 671,
                    "percent": 25.49
                },
                {
                    "id": 3,
                    "title": "meh",
                    "count": 198,
                    "percent": 7.52
                },
                {
                    "id": 1,
                    "title": "skip",
                    "count": 123,
                    "percent": 4.67
                }
            ],
            "ratings_count": 2575,
            "reviews_text_count": 34,
            "added": 11485,
            "added_by_status": {
                "yet": 844,
                "owned": 6945,
                "beaten": 1629,
                "toplay": 644,
                "dropped": 898,
                "playing": 525
            },
            "metacritic": 88,
            "suggestions_count": 514,
            "updated": "2025-03-18T22:29:19",
            "id": 9767,
            "score": null,
            "clip": null,
            "tags": [
                {
                    "id": 31,
                    "name": "Singleplayer",
                    "slug": "singleplayer",
                    "language": "eng",
                    "games_count": 236808,
                    "image_background": "https://media.rawg.io/media/games/4be/4be6a6ad0364751a96229c56bf69be59.jpg"
                },
                {
                    "id": 42396,
                    "name": "Для одного игрока",
                    "slug": "dlia-odnogo-igroka",
                    "language": "rus",
                    "games_count": 59339,
                    "image_background": "https://media.rawg.io/media/games/49c/49c3dfa4ce2f6f140cc4825868e858cb.jpg"
                },
                {
                    "id": 42417,
                    "name": "Экшен",
                    "slug": "ekshen",
                    "language": "rus",
                    "games_count": 45143,
                    "image_background": "https://media.rawg.io/media/games/b45/b45575f34285f2c4479c9a5f719d972e.jpg"
                },
                {
                    "id": 42392,
                    "name": "Приключение",
                    "slug": "prikliuchenie",
                    "language": "rus",
                    "games_count": 43383,
                    "image_background": "https://media.rawg.io/media/games/d82/d82990b9c67ba0d2d09d4e6fa88885a7.jpg"
                },
                {
                    "id": 40847,
                    "name": "Steam Achievements",
                    "slug": "steam-achievements",
                    "language": "eng",
                    "games_count": 44261,
                    "image_background": "https://media.rawg.io/media/games/b8c/b8c243eaa0fbac8115e0cdccac3f91dc.jpg"
                },
                {
                    "id": 42398,
                    "name": "Инди",
                    "slug": "indi-2",
                    "language": "rus",
                    "games_count": 61346,
                    "image_background": "https://media.rawg.io/media/games/562/562553814dd54e001a541e4ee83a591c.jpg"
                },
                {
                    "id": 40836,
                    "name": "Full controller support",
                    "slug": "full-controller-support",
                    "language": "eng",
                    "games_count": 20885,
                    "image_background": "https://media.rawg.io/media/games/562/562553814dd54e001a541e4ee83a591c.jpg"
                },
                {
                    "id": 40849,
                    "name": "Steam Cloud",
                    "slug": "steam-cloud",
                    "language": "eng",
                    "games_count": 21355,
                    "image_background": "https://media.rawg.io/media/games/be0/be01c3d7d8795a45615da139322ca080.jpg"
                },
                {
                    "id": 13,
                    "name": "Atmospheric",
                    "slug": "atmospheric",
                    "language": "eng",
                    "games_count": 36334,
                    "image_background": "https://media.rawg.io/media/games/b45/b45575f34285f2c4479c9a5f719d972e.jpg"
                },
                {
                    "id": 42400,
                    "name": "Атмосфера",
                    "slug": "atmosfera",
                    "language": "rus",
                    "games_count": 6083,
                    "image_background": "https://media.rawg.io/media/games/7fa/7fa0b586293c5861ee32490e953a4996.jpg"
                },
                {
                    "id": 7808,
                    "name": "steam-trading-cards",
                    "slug": "steam-trading-cards",
                    "language": "eng",
                    "games_count": 7568,
                    "image_background": "https://media.rawg.io/media/games/d58/d588947d4286e7b5e0e12e1bea7d9844.jpg"
                },
                {
                    "id": 42401,
                    "name": "Отличный саундтрек",
                    "slug": "otlichnyi-saundtrek",
                    "language": "rus",
                    "games_count": 4645,
                    "image_background": "https://media.rawg.io/media/games/7cf/7cfc9220b401b7a300e409e539c9afd5.jpg"
                },
                {
                    "id": 42,
                    "name": "Great Soundtrack",
                    "slug": "great-soundtrack",
                    "language": "eng",
                    "games_count": 3421,
                    "image_background": "https://media.rawg.io/media/games/26d/26d4437715bee60138dab4a7c8c59c92.jpg"
                },
                {
                    "id": 42394,
                    "name": "Глубокий сюжет",
                    "slug": "glubokii-siuzhet",
                    "language": "rus",
                    "games_count": 15181,
                    "image_background": "https://media.rawg.io/media/games/b8c/b8c243eaa0fbac8115e0cdccac3f91dc.jpg"
                },
                {
                    "id": 118,
                    "name": "Story Rich",
                    "slug": "story-rich",
                    "language": "eng",
                    "games_count": 24317,
                    "image_background": "https://media.rawg.io/media/games/be0/be01c3d7d8795a45615da139322ca080.jpg"
                },
                {
                    "id": 42442,
                    "name": "Открытый мир",
                    "slug": "otkrytyi-mir",
                    "language": "rus",
                    "games_count": 6580,
                    "image_background": "https://media.rawg.io/media/games/ee3/ee3e10193aafc3230ba1cae426967d10.jpg"
                },
                {
                    "id": 36,
                    "name": "Open World",
                    "slug": "open-world",
                    "language": "eng",
                    "games_count": 8394,
                    "image_background": "https://media.rawg.io/media/games/00d/00d374f12a3ab5f96c500a2cfa901e15.jpg"
                },
                {
                    "id": 45,
                    "name": "2D",
                    "slug": "2d",
                    "language": "eng",
                    "games_count": 201371,
                    "image_background": "https://media.rawg.io/media/games/9fa/9fa63622543e5d4f6d99aa9d73b043de.jpg"
                },
                {
                    "id": 42420,
                    "name": "Сложная",
                    "slug": "slozhnaia",
                    "language": "rus",
                    "games_count": 5797,
                    "image_background": "https://media.rawg.io/media/games/226/2262cea0b385db6cf399f4be831603b0.jpg"
                },
                {
                    "id": 49,
                    "name": "Difficult",
                    "slug": "difficult",
                    "language": "eng",
                    "games_count": 13769,
                    "image_background": "https://media.rawg.io/media/games/283/283e7e600366b0da7021883d27159b27.jpg"
                },
                {
                    "id": 6,
                    "name": "Exploration",
                    "slug": "exploration",
                    "language": "eng",
                    "games_count": 26004,
                    "image_background": "https://media.rawg.io/media/games/737/737ea5662211d2e0bbd6f5989189e4f1.jpg"
                },
                {
                    "id": 42463,
                    "name": "Платформер",
                    "slug": "platformer-2",
                    "language": "rus",
                    "games_count": 9925,
                    "image_background": "https://media.rawg.io/media/games/594/59487800889ebac294c7c2c070d02356.jpg"
                },
                {
                    "id": 42464,
                    "name": "Исследование",
                    "slug": "issledovanie",
                    "language": "rus",
                    "games_count": 2979,
                    "image_background": "https://media.rawg.io/media/games/da1/da1b267764d77221f07a4386b6548e5a.jpg"
                },
                {
                    "id": 42416,
                    "name": "Контроллер",
                    "slug": "kontroller",
                    "language": "rus",
                    "games_count": 7681,
                    "image_background": "https://media.rawg.io/media/games/89a/89a700d3c6a76bd0610ca89ccd20da54.jpg"
                },
                {
                    "id": 115,
                    "name": "Controller",
                    "slug": "controller",
                    "language": "eng",
                    "games_count": 13235,
                    "image_background": "https://media.rawg.io/media/games/e4a/e4ab7f784bdc38c76ce6e4cef9715d18.jpg"
                },
                {
                    "id": 42586,
                    "name": "Милая",
                    "slug": "milaia",
                    "language": "rus",
                    "games_count": 15501,
                    "image_background": "https://media.rawg.io/media/games/a50/a505bccdcfdc79970a93574c747f6e0d.jpg"
                },
                {
                    "id": 336,
                    "name": "controller support",
                    "slug": "controller-support",
                    "language": "eng",
                    "games_count": 293,
                    "image_background": "https://media.rawg.io/media/games/0b3/0b34647c42271600399b93d19b10f1aa.jpg"
                },
                {
                    "id": 88,
                    "name": "Cute",
                    "slug": "cute",
                    "language": "eng",
                    "games_count": 36419,
                    "image_background": "https://media.rawg.io/media/games/51c/51c430f1795c79b78f863a9f22dc422d.jpg"
                },
                {
                    "id": 42469,
                    "name": "Вид сбоку",
                    "slug": "vid-sboku",
                    "language": "rus",
                    "games_count": 4773,
                    "image_background": "https://media.rawg.io/media/screenshots/4df/4df0b0812fd89af2285e683fb78f1323.jpg"
                },
                {
                    "id": 42506,
                    "name": "Тёмное фэнтези",
                    "slug": "tiomnoe-fentezi",
                    "language": "rus",
                    "games_count": 3629,
                    "image_background": "https://media.rawg.io/media/games/67f/67f62d1f062a6164f57575e0604ee9f6.jpg"
                },
                {
                    "id": 40,
                    "name": "Dark Fantasy",
                    "slug": "dark-fantasy",
                    "language": "eng",
                    "games_count": 4939,
                    "image_background": "https://media.rawg.io/media/games/cfe/cfe5960b5caca432f3575fc7d8ff736b.jpg"
                },
                {
                    "id": 113,
                    "name": "Side Scroller",
                    "slug": "side-scroller",
                    "language": "eng",
                    "games_count": 11151,
                    "image_background": "https://media.rawg.io/media/games/23a/23acbd56da0c30bca0227967a5720c96.jpg"
                },
                {
                    "id": 218,
                    "name": "Multiple Endings",
                    "slug": "multiple-endings",
                    "language": "eng",
                    "games_count": 10118,
                    "image_background": "https://media.rawg.io/media/games/7e7/7e79e3296a7f64e7535c9e5bb5aa4b53.jpg"
                },
                {
                    "id": 259,
                    "name": "Metroidvania",
                    "slug": "metroidvania",
                    "language": "eng",
                    "games_count": 4509,
                    "image_background": "https://media.rawg.io/media/games/8d4/8d46786ca86b1d95f3dc7e700e2dc4dd.jpg"
                },
                {
                    "id": 42508,
                    "name": "Нелинейность",
                    "slug": "nelineinost",
                    "language": "rus",
                    "games_count": 1017,
                    "image_background": "https://media.rawg.io/media/games/6cd/6cd653e0aaef5ff8bbd295bf4bcb12eb.jpg"
                },
                {
                    "id": 42462,
                    "name": "Метроидвания",
                    "slug": "metroidvaniia",
                    "language": "rus",
                    "games_count": 1421,
                    "image_background": "https://media.rawg.io/media/games/c40/c40f9f0a3d1b4601a7a44d230c95f126.jpg"
                },
                {
                    "id": 42483,
                    "name": "Рисованная графика",
                    "slug": "risovannaia-grafika",
                    "language": "rus",
                    "games_count": 5304,
                    "image_background": "https://media.rawg.io/media/games/955/9554bcd979fc7cc52452c332547073db.jpg"
                },
                {
                    "id": 258,
                    "name": "Hand-drawn",
                    "slug": "hand-drawn",
                    "language": "eng",
                    "games_count": 8186,
                    "image_background": "https://media.rawg.io/media/games/8cd/8cd179c85bd3de8f79bef245b15075fb.jpg"
                },
                {
                    "id": 42592,
                    "name": "Похожа на Dark Souls",
                    "slug": "pokhozha-na-dark-souls",
                    "language": "rus",
                    "games_count": 1222,
                    "image_background": "https://media.rawg.io/media/games/a3e/a3ea71c18e81d54ebaf982dadb9a8738.jpg"
                },
                {
                    "id": 204,
                    "name": "Gothic",
                    "slug": "gothic",
                    "language": "eng",
                    "games_count": 1045,
                    "image_background": "https://media.rawg.io/media/games/155/155a7d8f464ef6029e11cc6a9c0f763d.jpg"
                }
            ],
            "esrb_rating": {
                "id": 2,
                "name": "Everyone 10+",
                "slug": "everyone-10-plus",
                "name_en": "Everyone 10+",
                "name_ru": "С 10 лет"
            },
            "user_game": null,
            "reviews_count": 2632,
            "saturated_color": "0f0f0f",
            "dominant_color": "0f0f0f",
            "short_screenshots": [
                {
                    "id": -1,
                    "image": "https://media.rawg.io/media/games/4cf/4cfc6b7f1850590a4634b08bfab308ab.jpg"
                },
                {
                    "id": 72619,
                    "image": "https://media.rawg.io/media/screenshots/6b3/6b309936c1fe07e9b7fa5e62a372790d.jpg"
                },
                {
                    "id": 72620,
                    "image": "https://media.rawg.io/media/screenshots/1a7/1a7a69db58c19d323f1dfbcc340d3f1e.jpg"
                },
                {
                    "id": 72621,
                    "image": "https://media.rawg.io/media/screenshots/723/7237d0c546b0d17a6a226f38823081d4.jpg"
                },
                {
                    "id": 72622,
                    "image": "https://media.rawg.io/media/screenshots/331/331095489397e7387681d921e8e472d4.jpg"
                },
                {
                    "id": 72623,
                    "image": "https://media.rawg.io/media/screenshots/5db/5db89e896496352c8f0a0a0bd545bd6d.jpg"
                },
                {
                    "id": 72624,
                    "image": "https://media.rawg.io/media/screenshots/843/843e06c9c5b26c309b47bd7075320dae.jpg"
                }
            ],
            "parent_platforms": [
                {
                    "platform": {
                        "id": 1,
                        "name": "PC",
                        "slug": "pc"
                    }
                },
                {
                    "platform": {
                        "id": 2,
                        "name": "PlayStation",
                        "slug": "playstation"
                    }
                },
                {
                    "platform": {
                        "id": 3,
                        "name": "Xbox",
                        "slug": "xbox"
                    }
                },
                {
                    "platform": {
                        "id": 5,
                        "name": "Apple Macintosh",
                        "slug": "mac"
                    }
                },
                {
                    "platform": {
                        "id": 6,
                        "name": "Linux",
                        "slug": "linux"
                    }
                },
                {
                    "platform": {
                        "id": 7,
                        "name": "Nintendo",
                        "slug": "nintendo"
                    }
                }
            ],
            "genres": [
                {
                    "id": 83,
                    "name": "Platformer",
                    "slug": "platformer"
                },
                {
                    "id": 51,
                    "name": "Indie",
                    "slug": "indie"
                },
                {
                    "id": 4,
                    "name": "Action",
                    "slug": "action"
                }
            ]
        },
        {
            "slug": "hollow-knight-silksong",
            "name": "Hollow Knight: Silksong",
            "playtime": 0,
            "platforms": [
                {
                    "platform": {
                        "id": 4,
                        "name": "PC",
                        "slug": "pc"
                    }
                },
                {
                    "platform": {
                        "id": 7,
                        "name": "Nintendo Switch",
                        "slug": "nintendo-switch"
                    }
                },
                {
                    "platform": {
                        "id": 5,
                        "name": "macOS",
                        "slug": "macos"
                    }
                },
                {
                    "platform": {
                        "id": 6,
                        "name": "Linux",
                        "slug": "linux"
                    }
                }
            ],
            "stores": [
                {
                    "store": {
                        "id": 1,
                        "name": "Steam",
                        "slug": "steam"
                    }
                },
                {
                    "store": {
                        "id": 5,
                        "name": "GOG",
                        "slug": "gog"
                    }
                }
            ],
            "released": "2024-12-31",
            "tba": true,
            "background_image": "https://media.rawg.io/media/games/27c/27cd8b7dead05a870f8a514a9a1915ad.jpg",
            "rating": 4.22,
            "rating_top": 5,
            "ratings": [
                {
                    "id": 5,
                    "title": "exceptional",
                    "count": 42,
                    "percent": 61.76
                },
                {
                    "id": 4,
                    "title": "recommended",
                    "count": 13,
                    "percent": 19.12
                },
                {
                    "id": 1,
                    "title": "skip",
                    "count": 7,
                    "percent": 10.29
                },
                {
                    "id": 3,
                    "title": "meh",
                    "count": 6,
                    "percent": 8.82
                }
            ],
            "ratings_count": 65,
            "reviews_text_count": 2,
            "added": 1100,
            "added_by_status": {
                "yet": 133,
                "owned": 169,
                "beaten": 9,
                "toplay": 775,
                "dropped": 8,
                "playing": 6
            },
            "metacritic": null,
            "suggestions_count": 423,
            "updated": "2025-03-17T10:00:53",
            "id": 292844,
            "score": null,
            "clip": null,
            "tags": [
                {
                    "id": 31,
                    "name": "Singleplayer",
                    "slug": "singleplayer",
                    "language": "eng",
                    "games_count": 236808,
                    "image_background": "https://media.rawg.io/media/games/4be/4be6a6ad0364751a96229c56bf69be59.jpg"
                },
                {
                    "id": 42396,
                    "name": "Для одного игрока",
                    "slug": "dlia-odnogo-igroka",
                    "language": "rus",
                    "games_count": 59339,
                    "image_background": "https://media.rawg.io/media/games/49c/49c3dfa4ce2f6f140cc4825868e858cb.jpg"
                },
                {
                    "id": 42417,
                    "name": "Экшен",
                    "slug": "ekshen",
                    "language": "rus",
                    "games_count": 45143,
                    "image_background": "https://media.rawg.io/media/games/b45/b45575f34285f2c4479c9a5f719d972e.jpg"
                },
                {
                    "id": 42392,
                    "name": "Приключение",
                    "slug": "prikliuchenie",
                    "language": "rus",
                    "games_count": 43383,
                    "image_background": "https://media.rawg.io/media/games/d82/d82990b9c67ba0d2d09d4e6fa88885a7.jpg"
                },
                {
                    "id": 42398,
                    "name": "Инди",
                    "slug": "indi-2",
                    "language": "rus",
                    "games_count": 61346,
                    "image_background": "https://media.rawg.io/media/games/562/562553814dd54e001a541e4ee83a591c.jpg"
                },
                {
                    "id": 40836,
                    "name": "Full controller support",
                    "slug": "full-controller-support",
                    "language": "eng",
                    "games_count": 20885,
                    "image_background": "https://media.rawg.io/media/games/562/562553814dd54e001a541e4ee83a591c.jpg"
                },
                {
                    "id": 42400,
                    "name": "Атмосфера",
                    "slug": "atmosfera",
                    "language": "rus",
                    "games_count": 6083,
                    "image_background": "https://media.rawg.io/media/games/7fa/7fa0b586293c5861ee32490e953a4996.jpg"
                },
                {
                    "id": 42401,
                    "name": "Отличный саундтрек",
                    "slug": "otlichnyi-saundtrek",
                    "language": "rus",
                    "games_count": 4645,
                    "image_background": "https://media.rawg.io/media/games/7cf/7cfc9220b401b7a300e409e539c9afd5.jpg"
                },
                {
                    "id": 42,
                    "name": "Great Soundtrack",
                    "slug": "great-soundtrack",
                    "language": "eng",
                    "games_count": 3421,
                    "image_background": "https://media.rawg.io/media/games/26d/26d4437715bee60138dab4a7c8c59c92.jpg"
                },
                {
                    "id": 42394,
                    "name": "Глубокий сюжет",
                    "slug": "glubokii-siuzhet",
                    "language": "rus",
                    "games_count": 15181,
                    "image_background": "https://media.rawg.io/media/games/b8c/b8c243eaa0fbac8115e0cdccac3f91dc.jpg"
                },
                {
                    "id": 118,
                    "name": "Story Rich",
                    "slug": "story-rich",
                    "language": "eng",
                    "games_count": 24317,
                    "image_background": "https://media.rawg.io/media/games/be0/be01c3d7d8795a45615da139322ca080.jpg"
                },
                {
                    "id": 42442,
                    "name": "Открытый мир",
                    "slug": "otkrytyi-mir",
                    "language": "rus",
                    "games_count": 6580,
                    "image_background": "https://media.rawg.io/media/games/ee3/ee3e10193aafc3230ba1cae426967d10.jpg"
                },
                {
                    "id": 42435,
                    "name": "Шедевр",
                    "slug": "shedevr",
                    "language": "rus",
                    "games_count": 1059,
                    "image_background": "https://media.rawg.io/media/games/7cf/7cfc9220b401b7a300e409e539c9afd5.jpg"
                },
                {
                    "id": 45,
                    "name": "2D",
                    "slug": "2d",
                    "language": "eng",
                    "games_count": 201371,
                    "image_background": "https://media.rawg.io/media/games/9fa/9fa63622543e5d4f6d99aa9d73b043de.jpg"
                },
                {
                    "id": 42420,
                    "name": "Сложная",
                    "slug": "slozhnaia",
                    "language": "rus",
                    "games_count": 5797,
                    "image_background": "https://media.rawg.io/media/games/226/2262cea0b385db6cf399f4be831603b0.jpg"
                },
                {
                    "id": 49,
                    "name": "Difficult",
                    "slug": "difficult",
                    "language": "eng",
                    "games_count": 13769,
                    "image_background": "https://media.rawg.io/media/games/283/283e7e600366b0da7021883d27159b27.jpg"
                },
                {
                    "id": 6,
                    "name": "Exploration",
                    "slug": "exploration",
                    "language": "eng",
                    "games_count": 26004,
                    "image_background": "https://media.rawg.io/media/games/737/737ea5662211d2e0bbd6f5989189e4f1.jpg"
                },
                {
                    "id": 42404,
                    "name": "Женщина-протагонист",
                    "slug": "zhenshchina-protagonist",
                    "language": "rus",
                    "games_count": 2413,
                    "image_background": "https://media.rawg.io/media/games/651/651ae84f2d5e36206aad90976a453329.jpg"
                },
                {
                    "id": 42463,
                    "name": "Платформер",
                    "slug": "platformer-2",
                    "language": "rus",
                    "games_count": 9925,
                    "image_background": "https://media.rawg.io/media/games/594/59487800889ebac294c7c2c070d02356.jpg"
                },
                {
                    "id": 42464,
                    "name": "Исследование",
                    "slug": "issledovanie",
                    "language": "rus",
                    "games_count": 2979,
                    "image_background": "https://media.rawg.io/media/games/da1/da1b267764d77221f07a4386b6548e5a.jpg"
                },
                {
                    "id": 69,
                    "name": "Action-Adventure",
                    "slug": "action-adventure",
                    "language": "eng",
                    "games_count": 18751,
                    "image_background": "https://media.rawg.io/media/games/c50/c5085506fe4b5e20fc7aa5ace842c20b.jpg"
                },
                {
                    "id": 42586,
                    "name": "Милая",
                    "slug": "milaia",
                    "language": "rus",
                    "games_count": 15501,
                    "image_background": "https://media.rawg.io/media/games/a50/a505bccdcfdc79970a93574c747f6e0d.jpg"
                },
                {
                    "id": 40,
                    "name": "Dark Fantasy",
                    "slug": "dark-fantasy",
                    "language": "eng",
                    "games_count": 4939,
                    "image_background": "https://media.rawg.io/media/games/cfe/cfe5960b5caca432f3575fc7d8ff736b.jpg"
                },
                {
                    "id": 113,
                    "name": "Side Scroller",
                    "slug": "side-scroller",
                    "language": "eng",
                    "games_count": 11151,
                    "image_background": "https://media.rawg.io/media/games/23a/23acbd56da0c30bca0227967a5720c96.jpg"
                },
                {
                    "id": 259,
                    "name": "Metroidvania",
                    "slug": "metroidvania",
                    "language": "eng",
                    "games_count": 4509,
                    "image_background": "https://media.rawg.io/media/games/8d4/8d46786ca86b1d95f3dc7e700e2dc4dd.jpg"
                },
                {
                    "id": 42690,
                    "name": "Красивая",
                    "slug": "krasivaia",
                    "language": "rus",
                    "games_count": 590,
                    "image_background": "https://media.rawg.io/media/games/8cd/8cd179c85bd3de8f79bef245b15075fb.jpg"
                },
                {
                    "id": 42462,
                    "name": "Метроидвания",
                    "slug": "metroidvaniia",
                    "language": "rus",
                    "games_count": 1421,
                    "image_background": "https://media.rawg.io/media/games/c40/c40f9f0a3d1b4601a7a44d230c95f126.jpg"
                },
                {
                    "id": 42483,
                    "name": "Рисованная графика",
                    "slug": "risovannaia-grafika",
                    "language": "rus",
                    "games_count": 5304,
                    "image_background": "https://media.rawg.io/media/games/955/9554bcd979fc7cc52452c332547073db.jpg"
                },
                {
                    "id": 258,
                    "name": "Hand-drawn",
                    "slug": "hand-drawn",
                    "language": "eng",
                    "games_count": 8186,
                    "image_background": "https://media.rawg.io/media/games/8cd/8cd179c85bd3de8f79bef245b15075fb.jpg"
                },
                {
                    "id": 42592,
                    "name": "Похожа на Dark Souls",
                    "slug": "pokhozha-na-dark-souls",
                    "language": "rus",
                    "games_count": 1222,
                    "image_background": "https://media.rawg.io/media/games/a3e/a3ea71c18e81d54ebaf982dadb9a8738.jpg"
                },
                {
                    "id": 204,
                    "name": "Gothic",
                    "slug": "gothic",
                    "language": "eng",
                    "games_count": 1045,
                    "image_background": "https://media.rawg.io/media/games/155/155a7d8f464ef6029e11cc6a9c0f763d.jpg"
                },
                {
                    "id": 42616,
                    "name": "Сиквел",
                    "slug": "sikvel",
                    "language": "rus",
                    "games_count": 144,
                    "image_background": "https://media.rawg.io/media/games/647/64797fe9358aa3c7ddc4ff36f89e4382.jpg"
                }
            ],
            "esrb_rating": null,
            "user_game": null,
            "reviews_count": 68,
            "saturated_color": "0f0f0f",
            "dominant_color": "0f0f0f",
            "short_screenshots": [
                {
                    "id": -1,
                    "image": "https://media.rawg.io/media/games/27c/27cd8b7dead05a870f8a514a9a1915ad.jpg"
                },
                {
                    "id": 1837511,
                    "image": "https://media.rawg.io/media/screenshots/9f9/9f9a0edd1478facde5209abe4000c015.jpg"
                },
                {
                    "id": 1837512,
                    "image": "https://media.rawg.io/media/screenshots/3f3/3f35cf2130d1d8763ee45dc77ce843b2.jpg"
                },
                {
                    "id": 1837513,
                    "image": "https://media.rawg.io/media/screenshots/7e1/7e160928dc38f72937951f56e73a1988.jpg"
                },
                {
                    "id": 1837514,
                    "image": "https://media.rawg.io/media/screenshots/b96/b9656b6e62746c588ea12287fc1c0aed.jpg"
                },
                {
                    "id": 1837515,
                    "image": "https://media.rawg.io/media/screenshots/f2a/f2a7d8d3fc80ca60f36f89419d2547e6.jpg"
                },
                {
                    "id": 1837687,
                    "image": "https://media.rawg.io/media/screenshots/404/4048fa94127cec67d8464aaa13f6d588.jpg"
                }
            ],
            "parent_platforms": [
                {
                    "platform": {
                        "id": 1,
                        "name": "PC",
                        "slug": "pc"
                    }
                },
                {
                    "platform": {
                        "id": 5,
                        "name": "Apple Macintosh",
                        "slug": "mac"
                    }
                },
                {
                    "platform": {
                        "id": 6,
                        "name": "Linux",
                        "slug": "linux"
                    }
                },
                {
                    "platform": {
                        "id": 7,
                        "name": "Nintendo",
                        "slug": "nintendo"
                    }
                }
            ],
            "genres": [
                {
                    "id": 51,
                    "name": "Indie",
                    "slug": "indie"
                },
                {
                    "id": 83,
                    "name": "Platformer",
                    "slug": "platformer"
                },
                {
                    "id": 3,
                    "name": "Adventure",
                    "slug": "adventure"
                },
                {
                    "id": 4,
                    "name": "Action",
                    "slug": "action"
                }
            ]
        }
    ],
    "user_platforms": false
}