{
    "count": 4,
    "next": null,
    "previous": null,
    "results": [
        {
            "slug": "journey",
            "name": "Journey",
            "playtime": 2,
            "platforms": [
                {
                    "platform": {
                        "id": 4,
                        "name": "PC",
                        "slug": "pc"
                    }
                },
                {
                    "platform": {
                        "id": 18,
                        "name": "PlayStation 4",
                        "slug": "playstation4"
                    }
                },
                {
                    "platform": {
                        "id": 3,
                        "name": "iOS",
                        "slug": "ios"
                    }
                },
                {
                    "platform": {
                        "id": 16,
                        "name": "PlayStation 3",
                        "slug": "playstation3"
                    }
                }
            ],
            "stores": [
                {
                    "store": {
                        "id": 1,
                        "name": "Steam",
                        "slug": "steam"
                    }
                },
                {
                    "store": {
                        "id": 3,
                        "name": "PlayStation Store",
                        "slug": "playstation-store"
                    }
                },
                {
                    "store": {
                        "id": 4,
                        "name": "App Store",
                        "slug": "apple-appstore"
                    }
                },
                {
                    "store": {
                        "id": 11,
                        "name": "Epic Games",
                        "slug": "epic-games"
                    }
                }
            ],
            "released": "2012-03-13",
            "tba": false,
            "background_image": "https://media.rawg.io/media/games/baf/baf9905270314e07e6850cffdb51df41.jpg",
            "rating": 4.32,
            "rating_top": 5,
            "ratings": [
                {
                    "id": 5,
                    "title": "exceptional",
                    "count": 1298,
                    "percent": 53.02
                },
                {
                    "id": 4,
                    "title": "recommended",
                    "count": 815,
                    "percent": 33.29
                },
                {
                    "id": 3,
                    "title": "meh",
                    "count": 243,
                    "percent": 9.93
                },
                {
                    "id": 1,
                    "title": "skip",
                    "count": 92,
                    "percent": 3.76
                }
            ],
            "ratings_count": 2430,
            "reviews_text_count": 11,
            "added": 8521,
            "added_by_status": {
                "yet": 425,
                "owned": 5039,
                "beaten": 2273,
                "toplay": 453,
                "dropped": 279,
                "playing": 52
            },
            "metacritic": 92,
            "suggestions_count": 235,
            "updated": "2025-02-25T11:19:44",
            "id": 3254,
            "score": null,
            "clip": null,
            "tags": [
                {
                    "id": 31,
                    "name": "Singleplayer",
                    "slug": "singleplayer",
                    "language": "eng",
                    "games_count": 236808,
                    "image_background": "https://media.rawg.io/media/games/4be/4be6a6ad0364751a96229c56bf69be59.jpg"
                },
                {
                    "id": 42396,
                    "name": "Для одного игрока",
                    "slug": "dlia-odnogo-igroka",
                    "language": "rus",
                    "games_count": 59339,
                    "image_background": "https://media.rawg.io/media/games/49c/49c3dfa4ce2f6f140cc4825868e858cb.jpg"
                },
                {
                    "id": 42392,
                    "name": "Приключение",
                    "slug": "prikliuchenie",
                    "language": "rus",
                    "games_count": 43383,
                    "image_background": "https://media.rawg.io/media/games/d82/d82990b9c67ba0d2d09d4e6fa88885a7.jpg"
                },
                {
                    "id": 40847,
                    "name": "Steam Achievements",
                    "slug": "steam-achievements",
                    "language": "eng",
                    "games_count": 44261,
                    "image_background": "https://media.rawg.io/media/games/b8c/b8c243eaa0fbac8115e0cdccac3f91dc.jpg"
                },
                {
                    "id": 42398,
                    "name": "Инди",
                    "slug": "indi-2",
                    "language": "rus",
                    "games_count": 61346,
                    "image_background": "https://media.rawg.io/media/games/562/562553814dd54e001a541e4ee83a591c.jpg"
                },
                {
                    "id": 7,
                    "name": "Multiplayer",
                    "slug": "multiplayer",
                    "language": "eng",
                    "games_count": 40265,
                    "image_background": "https://media.rawg.io/media/games/021/021c4e21a1824d2526f925eff6324653.jpg"
                },
                {
                    "id": 40836,
                    "name": "Full controller support",
                    "slug": "full-controller-support",
                    "language": "eng",
                    "games_count": 20885,
                    "image_background": "https://media.rawg.io/media/games/562/562553814dd54e001a541e4ee83a591c.jpg"
                },
                {
                    "id": 13,
                    "name": "Atmospheric",
                    "slug": "atmospheric",
                    "language": "eng",
                    "games_count": 36334,
                    "image_background": "https://media.rawg.io/media/games/b45/b45575f34285f2c4479c9a5f719d972e.jpg"
                },
                {
                    "id": 42400,
                    "name": "Атмосфера",
                    "slug": "atmosfera",
                    "language": "rus",
                    "games_count": 6083,
                    "image_background": "https://media.rawg.io/media/games/7fa/7fa0b586293c5861ee32490e953a4996.jpg"
                },
                {
                    "id": 42401,
                    "name": "Отличный саундтрек",
                    "slug": "otlichnyi-saundtrek",
                    "language": "rus",
                    "games_count": 4645,
                    "image_background": "https://media.rawg.io/media/games/7cf/7cfc9220b401b7a300e409e539c9afd5.jpg"
                },
                {
                    "id": 42,
                    "name": "Great Soundtrack",
                    "slug": "great-soundtrack",
                    "language": "eng",
                    "games_count": 3421,
                    "image_background": "https://media.rawg.io/media/games/26d/26d4437715bee60138dab4a7c8c59c92.jpg"
                },
                {
                    "id": 42394,
                    "name": "Глубокий сюжет",
                    "slug": "glubokii-siuzhet",
                    "language": "rus",
                    "games_count": 15181,
                    "image_background": "https://media.rawg.io/media/games/b8c/b8c243eaa0fbac8115e0cdccac3f91dc.jpg"
                },
                {
                    "id": 18,
                    "name": "Co-op",
                    "slug": "co-op",
                    "language": "eng",
                    "games_count": 12990,
                    "image_background": "https://media.rawg.io/media/games/4e0/4e0e7b6d6906a131307c94266e5c9a1c.jpg"
                },
                {
                    "id": 118,
                    "name": "Story Rich",
                    "slug": "story-rich",
                    "language": "eng",
                    "games_count": 24317,
                    "image_background": "https://media.rawg.io/media/games/be0/be01c3d7d8795a45615da139322ca080.jpg"
                },
                {
                    "id": 411,
                    "name": "cooperative",
                    "slug": "cooperative",
                    "language": "eng",
                    "games_count": 5769,
                    "image_background": "https://media.rawg.io/media/games/587/587588c64afbff80e6f444eb2e46f9da.jpg"
                },
                {
                    "id": 42399,
                    "name": "Казуальная игра",
                    "slug": "kazualnaia-igra",
                    "language": "rus",
                    "games_count": 47619,
                    "image_background": "https://media.rawg.io/media/games/baf/baf9905270314e07e6850cffdb51df41.jpg"
                },
                {
                    "id": 42429,
                    "name": "От первого лица",
                    "slug": "ot-pervogo-litsa",
                    "language": "rus",
                    "games_count": 13462,
                    "image_background": "https://media.rawg.io/media/games/b8c/b8c243eaa0fbac8115e0cdccac3f91dc.jpg"
                },
                {
                    "id": 8,
                    "name": "First-Person",
                    "slug": "first-person",
                    "language": "eng",
                    "games_count": 34382,
                    "image_background": "https://media.rawg.io/media/games/2ba/2bac0e87cf45e5b508f227d281c9252a.jpg"
                },
                {
                    "id": 42435,
                    "name": "Шедевр",
                    "slug": "shedevr",
                    "language": "rus",
                    "games_count": 1059,
                    "image_background": "https://media.rawg.io/media/games/7cf/7cfc9220b401b7a300e409e539c9afd5.jpg"
                },
                {
                    "id": 16,
                    "name": "Horror",
                    "slug": "horror",
                    "language": "eng",
                    "games_count": 46748,
                    "image_background": "https://media.rawg.io/media/games/4fb/4fb548e4816c84d1d70f1a228fb167cc.jpg"
                },
                {
                    "id": 30,
                    "name": "FPS",
                    "slug": "fps",
                    "language": "eng",
                    "games_count": 14102,
                    "image_background": "https://media.rawg.io/media/games/ec3/ec3a7db7b8ab5a71aad622fe7c62632f.jpg"
                },
                {
                    "id": 42427,
                    "name": "Шутер от первого лица",
                    "slug": "shuter-ot-pervogo-litsa",
                    "language": "rus",
                    "games_count": 6085,
                    "image_background": "https://media.rawg.io/media/games/f87/f87457e8347484033cb34cde6101d08d.jpg"
                },
                {
                    "id": 9,
                    "name": "Online Co-Op",
                    "slug": "online-co-op",
                    "language": "eng",
                    "games_count": 6621,
                    "image_background": "https://media.rawg.io/media/games/2ba/2bac0e87cf45e5b508f227d281c9252a.jpg"
                },
                {
                    "id": 42461,
                    "name": "Классика",
                    "slug": "klassika",
                    "language": "rus",
                    "games_count": 1475,
                    "image_background": "https://media.rawg.io/media/games/021/021c4e21a1824d2526f925eff6324653.jpg"
                },
                {
                    "id": 6,
                    "name": "Exploration",
                    "slug": "exploration",
                    "language": "eng",
                    "games_count": 26004,
                    "image_background": "https://media.rawg.io/media/games/737/737ea5662211d2e0bbd6f5989189e4f1.jpg"
                },
                {
                    "id": 193,
                    "name": "Classic",
                    "slug": "classic",
                    "language": "eng",
                    "games_count": 1811,
                    "image_background": "https://media.rawg.io/media/games/7a2/7a2500ee8b2c0e1ff268bb4479463dea.jpg"
                },
                {
                    "id": 79,
                    "name": "Free to Play",
                    "slug": "free-to-play",
                    "language": "eng",
                    "games_count": 8323,
                    "image_background": "https://media.rawg.io/media/games/35b/35b47c4d85cd6e08f3e2ca43ea5ce7bb.jpg"
                },
                {
                    "id": 42538,
                    "name": "Бесплатная игра",
                    "slug": "besplatnaia-igra",
                    "language": "rus",
                    "games_count": 8311,
                    "image_background": "https://media.rawg.io/media/games/26b/26b27e1da9e3727fcb12e3e4e86c8c19.jpg"
                },
                {
                    "id": 42464,
                    "name": "Исследование",
                    "slug": "issledovanie",
                    "language": "rus",
                    "games_count": 2979,
                    "image_background": "https://media.rawg.io/media/games/da1/da1b267764d77221f07a4386b6548e5a.jpg"
                },
                {
                    "id": 69,
                    "name": "Action-Adventure",
                    "slug": "action-adventure",
                    "language": "eng",
                    "games_count": 18751,
                    "image_background": "https://media.rawg.io/media/games/c50/c5085506fe4b5e20fc7aa5ace842c20b.jpg"
                },
                {
                    "id": 42562,
                    "name": "Для всей семьи",
                    "slug": "dlia-vsei-semi",
                    "language": "rus",
                    "games_count": 9185,
                    "image_background": "https://media.rawg.io/media/games/096/0962642c3f74cd6306ad8bfdfd3d6150.jpg"
                },
                {
                    "id": 42490,
                    "name": "Приключенческий экшен",
                    "slug": "prikliuchencheskii-ekshen",
                    "language": "rus",
                    "games_count": 11144,
                    "image_background": "https://media.rawg.io/media/games/d1c/d1cd8a226cb224357c1f59605577cbf2.jpg"
                },
                {
                    "id": 107,
                    "name": "Family Friendly",
                    "slug": "family-friendly",
                    "language": "eng",
                    "games_count": 8995,
                    "image_background": "https://media.rawg.io/media/games/1e5/1e5e33b88be978f451196a751424a72e.jpg"
                },
                {
                    "id": 42556,
                    "name": "Тайна",
                    "slug": "taina",
                    "language": "rus",
                    "games_count": 6801,
                    "image_background": "https://media.rawg.io/media/games/b28/b28a135fa6133e17b228f46902a4fda4.jpg"
                },
                {
                    "id": 117,
                    "name": "Mystery",
                    "slug": "mystery",
                    "language": "eng",
                    "games_count": 14928,
                    "image_background": "https://media.rawg.io/media/games/54a/54a3e4c617217848dc43c4de9989fe37.jpg"
                },
                {
                    "id": 571,
                    "name": "3D",
                    "slug": "3d",
                    "language": "eng",
                    "games_count": 88426,
                    "image_background": "https://media.rawg.io/media/games/baf/baf9905270314e07e6850cffdb51df41.jpg"
                },
                {
                    "id": 218,
                    "name": "Multiple Endings",
                    "slug": "multiple-endings",
                    "language": "eng",
                    "games_count": 10118,
                    "image_background": "https://media.rawg.io/media/games/7e7/7e79e3296a7f64e7535c9e5bb5aa4b53.jpg"
                },
                {
                    "id": 42690,
                    "name": "Красивая",
                    "slug": "krasivaia",
                    "language": "rus",
                    "games_count": 590,
                    "image_background": "https://media.rawg.io/media/games/8cd/8cd179c85bd3de8f79bef245b15075fb.jpg"
                },
                {
                    "id": 42606,
                    "name": "Стилизация",
                    "slug": "stilizatsiia",
                    "language": "rus",
                    "games_count": 8183,
                    "image_background": "https://media.rawg.io/media/games/a38/a3857b2445c70ac5dbe73b210a827ad8.jpg"
                },
                {
                    "id": 478,
                    "name": "3rd-Person Perspective",
                    "slug": "3rd-person-perspective",
                    "language": "eng",
                    "games_count": 87,
                    "image_background": "https://media.rawg.io/media/games/21c/21cc15d233117c6809ec86870559e105.jpg"
                },
                {
                    "id": 136,
                    "name": "Music",
                    "slug": "music",
                    "language": "eng",
                    "games_count": 26130,
                    "image_background": "https://media.rawg.io/media/games/af7/af7a831001c5c32c46e950cc883b8cb7.jpg"
                },
                {
                    "id": 166,
                    "name": "Stylized",
                    "slug": "stylized",
                    "language": "eng",
                    "games_count": 8201,
                    "image_background": "https://media.rawg.io/media/games/ba9/ba981ea851b2a85b78d63d9ec53c19e5.jpg"
                },
                {
                    "id": 42620,
                    "name": "Музыка",
                    "slug": "muzyka",
                    "language": "rus",
                    "games_count": 1283,
                    "image_background": "https://media.rawg.io/media/screenshots/695/69511e8a8ec8edf9b85c3e68190844a4.jpg"
                },
                {
                    "id": 578,
                    "name": "Masterpiece",
                    "slug": "masterpiece",
                    "language": "eng",
                    "games_count": 301,
                    "image_background": "https://media.rawg.io/media/games/c24/c24f4434882ae9c2c8d9d38de82cb7a5.jpg"
                },
                {
                    "id": 577,
                    "name": "Beautiful",
                    "slug": "beautiful",
                    "language": "eng",
                    "games_count": 1871,
                    "image_background": "https://media.rawg.io/media/screenshots/2af/2aff127d5caa7985bfdb5106f75052fe.jpg"
                },
                {
                    "id": 64060,
                    "name": "Несколько концовок",
                    "slug": "neskolko-kontsovok",
                    "language": "rus",
                    "games_count": 5265,
                    "image_background": "https://media.rawg.io/media/games/f40/f407a80be4c604d013e4b9d1e0c6dbef.jpg"
                },
                {
                    "id": 1468,
                    "name": "calm",
                    "slug": "calm",
                    "language": "eng",
                    "games_count": 676,
                    "image_background": "https://media.rawg.io/media/games/981/981c3e9d9d931e64bc294eec9ebbeb6c.jpg"
                },
                {
                    "id": 1470,
                    "name": "peaceful",
                    "slug": "peaceful",
                    "language": "eng",
                    "games_count": 201,
                    "image_background": "https://media.rawg.io/media/screenshots/40f/40f3496d68f6382e5a2fb189579d6b99.jpg"
                }
            ],
            "esrb_rating": null,
            "user_game": null,
            "reviews_count": 2448,
            "saturated_color": "0f0f0f",
            "dominant_color": "0f0f0f",
            "short_screenshots": [
                {
                    "id": -1,
                    "image": "https://media.rawg.io/media/games/baf/baf9905270314e07e6850cffdb51df41.jpg"
                },
                {
                    "id": 29691,
                    "image": "https://media.rawg.io/media/screenshots/b3f/b3f7f9c7fc81de2417135f758470b806.jpg"
                },
                {
                    "id": 29692,
                    "image": "https://media.rawg.io/media/screenshots/08b/08b24d5b3d2074f37500e938771edafa.jpg"
                },
                {
                    "id": 29694,
                    "image": "https://media.rawg.io/media/screenshots/704/70438c6fad16044c53a67b5c63fda9a6.jpg"
                },
                {
                    "id": 29695,
                    "image": "https://media.rawg.io/media/screenshots/d3c/d3c6674838af8d63f2e8bc1d7da16a9d.jpg"
                },
                {
                    "id": 29696,
                    "image": "https://media.rawg.io/media/screenshots/f61/f61dc90adfc5796cd1a950f6eb5eb16e.jpg"
                },
                {
                    "id": 29697,
                    "image": "https://media.rawg.io/media/screenshots/509/5094aeab0e11682a6792d09a0828154a.jpg"
                }
            ],
            "parent_platforms": [
                {
                    "platform": {
                        "id": 1,
                        "name": "PC",
                        "slug": "pc"
                    }
                },
                {
                    "platform": {
                        "id": 2,
                        "name": "PlayStation",
                        "slug": "playstation"
                    }
                },
                {
                    "platform": {
                        "id": 4,
                        "name": "iOS",
                        "slug": "ios"
                    }
                }
            ],
            "genres": [
                {
                    "id": 19,
                    "name": "Family",
                    "slug": "family"
                },
                {
                    "id": 51,
                    "name": "Indie",
                    "slug": "indie"
                },
                {
                    "id": 3,
                    "name": "Adventure",
                    "slug": "adventure"
                }
            ]
        },
        {
            "slug": "sky-light-awaits",
            "name": "Sky: Children of the Light",
            "playtime": 1,
            "platforms": [
                {
                    "platform": {
                        "id": 4,
                        "name": "PC",
                        "slug": "pc"
                    }
                },
                {
                    "platform": {
                        "id": 18,
                        "name": "PlayStation 4",
                        "slug": "playstation4"
                    }
                },
                {
                    "platform": {
                        "id": 7,
                        "name": "Nintendo Switch",
                        "slug": "nintendo-switch"
                    }
                },
                {
                    "platform": {
                        "id": 3,
                        "name": "iOS",
                        "slug": "ios"
                    }
                },
                {
                    "platform": {
                        "id": 21,
                        "name": "Android",
                        "slug": "android"
                    }
                }
            ],
            "stores": [
                {
                    "store": {
                        "id": 1,
                        "name": "Steam",
                        "slug": "steam"
                    }
                },
                {
                    "store": {
                        "id": 4,
                        "name": "App Store",
                        "slug": "apple-appstore"
                    }
                },
                {
                    "store": {
                        "id": 6,
                        "name": "Nintendo Store",
                        "slug": "nintendo"
                    }
                },
                {
                    "store": {
                        "id": 8,
                        "name": "Google Play",
                        "slug": "google-play"
                    }
                }
            ],
            "released": "2019-07-18",
            "tba": false,
            "background_image": "https://media.rawg.io/media/games/cb1/cb14d42b58bdb6cf5948d0eed778c2f0.jpg",
            "rating": 4.02,
            "rating_top": 4,
            "ratings": [
                {
                    "id": 4,
                    "title": "recommended",
                    "count": 48,
                    "percent": 44.44
                },
                {
                    "id": 5,
                    "title": "exceptional",
                    "count": 33,
                    "percent": 30.56
                },
                {
                    "id": 3,
                    "title": "meh",
                    "count": 25,
                    "percent": 23.15
                },
                {
                    "id": 1,
                    "title": "skip",
                    "count": 2,
                    "percent": 1.85
                }
            ],
            "ratings_count": 106,
            "reviews_text_count": 1,
            "added": 602,
            "added_by_status": {
                "yet": 67,
                "owned": 307,
                "beaten": 34,
                "toplay": 83,
                "dropped": 80,
                "playing": 31
            },
            "metacritic": 82,
            "suggestions_count": 337,
            "updated": "2025-01-23T22:12:34",
            "id": 244698,
            "score": null,
            "clip": null,
            "tags": [
                {
                    "id": 31,
                    "name": "Singleplayer",
                    "slug": "singleplayer",
                    "language": "eng",
                    "games_count": 236808,
                    "image_background": "https://media.rawg.io/media/games/4be/4be6a6ad0364751a96229c56bf69be59.jpg"
                },
                {
                    "id": 42392,
                    "name": "Приключение",
                    "slug": "prikliuchenie",
                    "language": "rus",
                    "games_count": 43383,
                    "image_background": "https://media.rawg.io/media/games/d82/d82990b9c67ba0d2d09d4e6fa88885a7.jpg"
                },
                {
                    "id": 42398,
                    "name": "Инди",
                    "slug": "indi-2",
                    "language": "rus",
                    "games_count": 61346,
                    "image_background": "https://media.rawg.io/media/games/562/562553814dd54e001a541e4ee83a591c.jpg"
                },
                {
                    "id": 7,
                    "name": "Multiplayer",
                    "slug": "multiplayer",
                    "language": "eng",
                    "games_count": 40265,
                    "image_background": "https://media.rawg.io/media/games/021/021c4e21a1824d2526f925eff6324653.jpg"
                },
                {
                    "id": 40836,
                    "name": "Full controller support",
                    "slug": "full-controller-support",
                    "language": "eng",
                    "games_count": 20885,
                    "image_background": "https://media.rawg.io/media/games/562/562553814dd54e001a541e4ee83a591c.jpg"
                },
                {
                    "id": 13,
                    "name": "Atmospheric",
                    "slug": "atmospheric",
                    "language": "eng",
                    "games_count": 36334,
                    "image_background": "https://media.rawg.io/media/games/b45/b45575f34285f2c4479c9a5f719d972e.jpg"
                },
                {
                    "id": 42425,
                    "name": "Для нескольких игроков",
                    "slug": "dlia-neskolkikh-igrokov",
                    "language": "rus",
                    "games_count": 11352,
                    "image_background": "https://media.rawg.io/media/games/157/15742f2f67eacff546738e1ab5c19d20.jpg"
                },
                {
                    "id": 24,
                    "name": "RPG",
                    "slug": "rpg",
                    "language": "eng",
                    "games_count": 23789,
                    "image_background": "https://media.rawg.io/media/games/618/618c2031a07bbff6b4f611f10b6bcdbc.jpg"
                },
                {
                    "id": 18,
                    "name": "Co-op",
                    "slug": "co-op",
                    "language": "eng",
                    "games_count": 12990,
                    "image_background": "https://media.rawg.io/media/games/4e0/4e0e7b6d6906a131307c94266e5c9a1c.jpg"
                },
                {
                    "id": 42412,
                    "name": "Ролевая игра",
                    "slug": "rolevaia-igra",
                    "language": "rus",
                    "games_count": 20193,
                    "image_background": "https://media.rawg.io/media/games/ee3/ee3e10193aafc3230ba1cae426967d10.jpg"
                },
                {
                    "id": 42399,
                    "name": "Казуальная игра",
                    "slug": "kazualnaia-igra",
                    "language": "rus",
                    "games_count": 47619,
                    "image_background": "https://media.rawg.io/media/games/baf/baf9905270314e07e6850cffdb51df41.jpg"
                },
                {
                    "id": 42465,
                    "name": "Головоломка",
                    "slug": "golovolomka",
                    "language": "rus",
                    "games_count": 18415,
                    "image_background": "https://media.rawg.io/media/games/149/149bbed9d90dc09328ba79bbacfda3c8.jpg"
                },
                {
                    "id": 9,
                    "name": "Online Co-Op",
                    "slug": "online-co-op",
                    "language": "eng",
                    "games_count": 6621,
                    "image_background": "https://media.rawg.io/media/games/2ba/2bac0e87cf45e5b508f227d281c9252a.jpg"
                },
                {
                    "id": 42480,
                    "name": "Фэнтези",
                    "slug": "fentezi",
                    "language": "rus",
                    "games_count": 14087,
                    "image_background": "https://media.rawg.io/media/games/6fc/6fcf4cd3b17c288821388e6085bb0fc9.jpg"
                },
                {
                    "id": 64,
                    "name": "Fantasy",
                    "slug": "fantasy",
                    "language": "eng",
                    "games_count": 30331,
                    "image_background": "https://media.rawg.io/media/games/04a/04a7e7e185fb51493bdcbe1693a8b3dc.jpg"
                },
                {
                    "id": 6,
                    "name": "Exploration",
                    "slug": "exploration",
                    "language": "eng",
                    "games_count": 26004,
                    "image_background": "https://media.rawg.io/media/games/737/737ea5662211d2e0bbd6f5989189e4f1.jpg"
                },
                {
                    "id": 42411,
                    "name": "Ранний доступ",
                    "slug": "rannii-dostup",
                    "language": "rus",
                    "games_count": 16901,
                    "image_background": "https://media.rawg.io/media/games/5cb/5cbbc5cd24677331c85253f961cad72a.jpg"
                },
                {
                    "id": 14,
                    "name": "Early Access",
                    "slug": "early-access",
                    "language": "eng",
                    "games_count": 17371,
                    "image_background": "https://media.rawg.io/media/screenshots/2b9/2b9a49e89c1ba892a648620194dcf327.jpg"
                },
                {
                    "id": 40832,
                    "name": "Cross-Platform Multiplayer",
                    "slug": "cross-platform-multiplayer",
                    "language": "eng",
                    "games_count": 2884,
                    "image_background": "https://media.rawg.io/media/games/12e/12ea6b35b65df38258e25885a0a392a6.jpg"
                },
                {
                    "id": 468,
                    "name": "role-playing",
                    "slug": "role-playing",
                    "language": "eng",
                    "games_count": 1621,
                    "image_background": "https://media.rawg.io/media/games/c47/c4796c4c49e7e06ad328e07aa8944cdd.jpg"
                },
                {
                    "id": 42562,
                    "name": "Для всей семьи",
                    "slug": "dlia-vsei-semi",
                    "language": "rus",
                    "games_count": 9185,
                    "image_background": "https://media.rawg.io/media/games/096/0962642c3f74cd6306ad8bfdfd3d6150.jpg"
                },
                {
                    "id": 42586,
                    "name": "Милая",
                    "slug": "milaia",
                    "language": "rus",
                    "games_count": 15501,
                    "image_background": "https://media.rawg.io/media/games/a50/a505bccdcfdc79970a93574c747f6e0d.jpg"
                },
                {
                    "id": 42530,
                    "name": "Кастомизация персонажа",
                    "slug": "kastomizatsiia-personazha",
                    "language": "rus",
                    "games_count": 4895,
                    "image_background": "https://media.rawg.io/media/games/260/26023c855f1769a93411d6a7ea084632.jpeg"
                },
                {
                    "id": 42453,
                    "name": "ММО",
                    "slug": "mmo-2",
                    "language": "rus",
                    "games_count": 2678,
                    "image_background": "https://media.rawg.io/media/games/34b/34b1f1850a1c06fd971bc6ab3ac0ce0e.jpg"
                },
                {
                    "id": 40837,
                    "name": "In-App Purchases",
                    "slug": "in-app-purchases",
                    "language": "eng",
                    "games_count": 3046,
                    "image_background": "https://media.rawg.io/media/games/73e/73eecb8909e0c39fb246f457b5d6cbbe.jpg"
                },
                {
                    "id": 121,
                    "name": "Character Customization",
                    "slug": "character-customization",
                    "language": "eng",
                    "games_count": 5667,
                    "image_background": "https://media.rawg.io/media/games/e3d/e3ddc524c6292a435d01d97cc5f42ea7.jpg"
                },
                {
                    "id": 107,
                    "name": "Family Friendly",
                    "slug": "family-friendly",
                    "language": "eng",
                    "games_count": 8995,
                    "image_background": "https://media.rawg.io/media/games/1e5/1e5e33b88be978f451196a751424a72e.jpg"
                },
                {
                    "id": 88,
                    "name": "Cute",
                    "slug": "cute",
                    "language": "eng",
                    "games_count": 36419,
                    "image_background": "https://media.rawg.io/media/games/51c/51c430f1795c79b78f863a9f22dc422d.jpg"
                },
                {
                    "id": 571,
                    "name": "3D",
                    "slug": "3d",
                    "language": "eng",
                    "games_count": 88426,
                    "image_background": "https://media.rawg.io/media/games/baf/baf9905270314e07e6850cffdb51df41.jpg"
                },
                {
                    "id": 42564,
                    "name": "Расслабляющая",
                    "slug": "rasslabliaiushchaia",
                    "language": "rus",
                    "games_count": 11202,
                    "image_background": "https://media.rawg.io/media/screenshots/ab0/ab012b3fe017ab1dad34c7936200d24c.jpg"
                },
                {
                    "id": 1656,
                    "name": "mmo",
                    "slug": "mmo",
                    "language": "eng",
                    "games_count": 2156,
                    "image_background": "https://media.rawg.io/media/games/651/651ae84f2d5e36206aad90976a453329.jpg"
                },
                {
                    "id": 138,
                    "name": "Relaxing",
                    "slug": "relaxing",
                    "language": "eng",
                    "games_count": 18896,
                    "image_background": "https://media.rawg.io/media/games/f86/f869253c68b38fa789f58cc5be2cb996.jpg"
                },
                {
                    "id": 58132,
                    "name": "Атмосферная",
                    "slug": "atmosfernaia",
                    "language": "rus",
                    "games_count": 12034,
                    "image_background": "https://media.rawg.io/media/games/044/044b2ee023930ca138deda151f40c18c.jpg"
                },
                {
                    "id": 158,
                    "name": "MMORPG",
                    "slug": "mmorpg",
                    "language": "eng",
                    "games_count": 1542,
                    "image_background": "https://media.rawg.io/media/screenshots/3ed/3ed77f22a7bf8139b096a90bb732e208.jpg"
                },
                {
                    "id": 66533,
                    "name": "Исследования",
                    "slug": "issledovaniia",
                    "language": "rus",
                    "games_count": 11324,
                    "image_background": "https://media.rawg.io/media/games/b6f/b6fa0cde8a1204c7d6edc2ec3c753df9.jpg"
                },
                {
                    "id": 42691,
                    "name": "Эмоциональная",
                    "slug": "emotsionalnaia",
                    "language": "rus",
                    "games_count": 3510,
                    "image_background": "https://media.rawg.io/media/games/473/473bd9a5e9522629d6cb28b701fb836a.jpg"
                },
                {
                    "id": 572,
                    "name": "Emotional",
                    "slug": "emotional",
                    "language": "eng",
                    "games_count": 3624,
                    "image_background": "https://media.rawg.io/media/games/4be/4be6a6ad0364751a96229c56bf69be59.jpg"
                },
                {
                    "id": 577,
                    "name": "Beautiful",
                    "slug": "beautiful",
                    "language": "eng",
                    "games_count": 1871,
                    "image_background": "https://media.rawg.io/media/screenshots/2af/2aff127d5caa7985bfdb5106f75052fe.jpg"
                },
                {
                    "id": 70351,
                    "name": "Сетевой кооператив",
                    "slug": "setevoi-kooperativ",
                    "language": "rus",
                    "games_count": 2280,
                    "image_background": "https://media.rawg.io/media/screenshots/420/4205650e0fd16a5ba7bf4f8524fac1f1.jpg"
                },
                {
                    "id": 91537,
                    "name": "HDR available",
                    "slug": "hdr-available",
                    "language": "eng",
                    "games_count": 114,
                    "image_background": "https://media.rawg.io/media/games/27d/27d2f9f7ee2c49d21c9c21e74cf98749.jpg"
                },
                {
                    "id": 658,
                    "name": "Cozy",
                    "slug": "cozy",
                    "language": "eng",
                    "games_count": 2107,
                    "image_background": "https://media.rawg.io/media/screenshots/ea5/ea586b50b2cfe7ffa946488a91275dd1.jpg"
                },
                {
                    "id": 1470,
                    "name": "peaceful",
                    "slug": "peaceful",
                    "language": "eng",
                    "games_count": 201,
                    "image_background": "https://media.rawg.io/media/screenshots/40f/40f3496d68f6382e5a2fb189579d6b99.jpg"
                },
                {
                    "id": 81814,
                    "name": "Уютная",
                    "slug": "uiutnaia",
                    "language": "rus",
                    "games_count": 594,
                    "image_background": "https://media.rawg.io/media/games/b39/b3981eb418efc2472847660e34a6517f.jpg"
                },
                {
                    "id": 38016,
                    "name": "safe-for-kids",
                    "slug": "safe-for-kids",
                    "language": "eng",
                    "games_count": 2,
                    "image_background": "https://media.rawg.io/media/screenshots/e8c/e8c66b02e4bae046911f34e2a21c2c84.jpg"
                },
                {
                    "id": 12907,
                    "name": "friendly",
                    "slug": "friendly",
                    "language": "eng",
                    "games_count": 10,
                    "image_background": "https://media.rawg.io/media/games/cb1/cb14d42b58bdb6cf5948d0eed778c2f0.jpg"
                },
                {
                    "id": 20100,
                    "name": "kid-safe",
                    "slug": "kid-safe",
                    "language": "eng",
                    "games_count": 2,
                    "image_background": "https://media.rawg.io/media/games/cb1/cb14d42b58bdb6cf5948d0eed778c2f0.jpg"
                },
                {
                    "id": 31642,
                    "name": "non-violence",
                    "slug": "non-violence",
                    "language": "eng",
                    "games_count": 2,
                    "image_background": "https://media.rawg.io/media/screenshots/755/7557e6f35e51b7c0c3f54afcdb23aa59.jpg"
                }
            ],
            "esrb_rating": null,
            "user_game": null,
            "reviews_count": 108,
            "saturated_color": "0f0f0f",
            "dominant_color": "0f0f0f",
            "short_screenshots": [
                {
                    "id": -1,
                    "image": "https://media.rawg.io/media/games/cb1/cb14d42b58bdb6cf5948d0eed778c2f0.jpg"
                },
                {
                    "id": 1643916,
                    "image": "https://media.rawg.io/media/screenshots/689/689895d9bd2237b32c5f969ec025a611.jpg"
                },
                {
                    "id": 1643917,
                    "image": "https://media.rawg.io/media/screenshots/2d5/2d5fdd83ff2bf08089d2b512407518f2.jpg"
                },
                {
                    "id": 1643918,
                    "image": "https://media.rawg.io/media/screenshots/032/0328f4be952c7c35fc4040d3941c41c9.jpg"
                },
                {
                    "id": 1643919,
                    "image": "https://media.rawg.io/media/screenshots/459/459a8e31dada707ecdb939a20b41fffd.jpg"
                },
                {
                    "id": 1643920,
                    "image": "https://media.rawg.io/media/screenshots/555/555789d2976c878d97b59a35876f51aa.jpg"
                },
                {
                    "id": 1998484,
                    "image": "https://media.rawg.io/media/screenshots/d0b/d0b778af398dc8e3f9f3582c1a78ab77.jpg"
                }
            ],
            "parent_platforms": [
                {
                    "platform": {
                        "id": 1,
                        "name": "PC",
                        "slug": "pc"
                    }
                },
                {
                    "platform": {
                        "id": 2,
                        "name": "PlayStation",
                        "slug": "playstation"
                    }
                },
                {
                    "platform": {
                        "id": 4,
                        "name": "iOS",
                        "slug": "ios"
                    }
                },
                {
                    "platform": {
                        "id": 8,
                        "name": "Android",
                        "slug": "android"
                    }
                },
                {
                    "platform": {
                        "id": 7,
                        "name": "Nintendo",
                        "slug": "nintendo"
                    }
                }
            ],
            "genres": [
                {
                    "id": 3,
                    "name": "Adventure",
                    "slug": "adventure"
                },
                {
                    "id": 5,
                    "name": "RPG",
                    "slug": "role-playing-games-rpg"
                },
                {
                    "id": 7,
                    "name": "Puzzle",
                    "slug": "puzzle"
                },
                {
                    "id": 40,
                    "name": "Casual",
                    "slug": "casual"
                },
                {
                    "id": 19,
                    "name": "Family",
                    "slug": "family"
                },
                {
                    "id": 51,
                    "name": "Indie",
                    "slug": "indie"
                },
                {
                    "id": 59,
                    "name": "Massively Multiplayer",
                    "slug": "massively-multiplayer"
                }
            ]
        },
        {
            "slug": "flower",
            "name": "Flower",
            "playtime": 2,
            "platforms": [
                {
                    "platform": {
                        "id": 4,
                        "name": "PC",
                        "slug": "pc"
                    }
                },
                {
                    "platform": {
                        "id": 18,
                        "name": "PlayStation 4",
                        "slug": "playstation4"
                    }
                },
                {
                    "platform": {
                        "id": 3,
                        "name": "iOS",
                        "slug": "ios"
                    }
                },
                {
                    "platform": {
                        "id": 16,
                        "name": "PlayStation 3",
                        "slug": "playstation3"
                    }
                },
                {
                    "platform": {
                        "id": 19,
                        "name": "PS Vita",
                        "slug": "ps-vita"
                    }
                }
            ],
            "stores": [
                {
                    "store": {
                        "id": 1,
                        "name": "Steam",
                        "slug": "steam"
                    }
                },
                {
                    "store": {
                        "id": 3,
                        "name": "PlayStation Store",
                        "slug": "playstation-store"
                    }
                },
                {
                    "store": {
                        "id": 4,
                        "name": "App Store",
                        "slug": "apple-appstore"
                    }
                },
                {
                    "store": {
                        "id": 5,
                        "name": "GOG",
                        "slug": "gog"
                    }
                },
                {
                    "store": {
                        "id": 11,
                        "name": "Epic Games",
                        "slug": "epic-games"
                    }
                }
            ],
            "released": "2009-02-12",
            "tba": false,
            "background_image": "https://media.rawg.io/media/screenshots/4bc/4bc75319da5601d337452ca0462255ab.jpg",
            "rating": 3.97,
            "rating_top": 4,
            "ratings": [
                {
                    "id": 4,
                    "title": "recommended",
                    "count": 308,
                    "percent": 55.0
                },
                {
                    "id": 5,
                    "title": "exceptional",
                    "count": 138,
                    "percent": 24.64
                },
                {
                    "id": 3,
                    "title": "meh",
                    "count": 94,
                    "percent": 16.79
                },
                {
                    "id": 1,
                    "title": "skip",
                    "count": 20,
                    "percent": 3.57
                }
            ],
            "ratings_count": 556,
            "reviews_text_count": 3,
            "added": 2733,
            "added_by_status": {
                "yet": 87,
                "owned": 1967,
                "beaten": 472,
                "toplay": 84,
                "dropped": 109,
                "playing": 14
            },
            "metacritic": 89,
            "suggestions_count": 327,
            "updated": "2025-02-09T12:20:25",
            "id": 5403,
            "score": null,
            "clip": null,
            "tags": [
                {
                    "id": 31,
                    "name": "Singleplayer",
                    "slug": "singleplayer",
                    "language": "eng",
                    "games_count": 236399,
                    "image_background": "https://media.rawg.io/media/games/20a/20aa03a10cda45239fe22d035c0ebe64.jpg"
                },
                {
                    "id": 42392,
                    "name": "Приключение",
                    "slug": "prikliuchenie",
                    "language": "rus",
                    "games_count": 43223,
                    "image_background": "https://media.rawg.io/media/games/d1a/d1a2e99ade53494c6330a0ed945fe823.jpg"
                },
                {
                    "id": 40847,
                    "name": "Steam Achievements",
                    "slug": "steam-achievements",
                    "language": "eng",
                    "games_count": 44039,
                    "image_background": "https://media.rawg.io/media/games/2ba/2bac0e87cf45e5b508f227d281c9252a.jpg"
                },
                {
                    "id": 40836,
                    "name": "Full controller support",
                    "slug": "full-controller-support",
                    "language": "eng",
                    "games_count": 20784,
                    "image_background": "https://media.rawg.io/media/games/16b/16b1b7b36e2042d1128d5a3e852b3b2f.jpg"
                },
                {
                    "id": 40849,
                    "name": "Steam Cloud",
                    "slug": "steam-cloud",
                    "language": "eng",
                    "games_count": 21239,
                    "image_background": "https://media.rawg.io/media/games/d58/d588947d4286e7b5e0e12e1bea7d9844.jpg"
                },
                {
                    "id": 42400,
                    "name": "Атмосфера",
                    "slug": "atmosfera",
                    "language": "rus",
                    "games_count": 6083,
                    "image_background": "https://media.rawg.io/media/games/942/9424d6bb763dc38d9378b488603c87fa.jpg"
                },
                {
                    "id": 42399,
                    "name": "Казуальная игра",
                    "slug": "kazualnaia-igra",
                    "language": "rus",
                    "games_count": 47402,
                    "image_background": "https://media.rawg.io/media/games/e9c/e9c042d14515eb3ff7cb4db9fe78e435.jpg"
                },
                {
                    "id": 6,
                    "name": "Exploration",
                    "slug": "exploration",
                    "language": "eng",
                    "games_count": 25920,
                    "image_background": "https://media.rawg.io/media/games/253/2534a46f3da7fa7c315f1387515ca393.jpg"
                },
                {
                    "id": 42464,
                    "name": "Исследование",
                    "slug": "issledovanie",
                    "language": "rus",
                    "games_count": 2979,
                    "image_background": "https://media.rawg.io/media/games/021/021c4e21a1824d2526f925eff6324653.jpg"
                },
                {
                    "id": 42564,
                    "name": "Расслабляющая",
                    "slug": "rasslabliaiushchaia",
                    "language": "rus",
                    "games_count": 11121,
                    "image_background": "https://media.rawg.io/media/games/6c8/6c8cb4780ce30b76b944cf656e8fff49.jpg"
                },
                {
                    "id": 42690,
                    "name": "Красивая",
                    "slug": "krasivaia",
                    "language": "rus",
                    "games_count": 590,
                    "image_background": "https://media.rawg.io/media/games/8cd/8cd179c85bd3de8f79bef245b15075fb.jpg"
                },
                {
                    "id": 42458,
                    "name": "Полёты",
                    "slug": "polioty",
                    "language": "rus",
                    "games_count": 1640,
                    "image_background": "https://media.rawg.io/media/games/179/179245a3693049a11a25b900ab18f8f7.jpg"
                },
                {
                    "id": 774,
                    "name": "nature",
                    "slug": "nature",
                    "language": "eng",
                    "games_count": 6542,
                    "image_background": "https://media.rawg.io/media/screenshots/1dd/1ddb8ea784f98fc8cb77c0e5ccd28105.jpeg"
                },
                {
                    "id": 53,
                    "name": "Flight",
                    "slug": "flight",
                    "language": "eng",
                    "games_count": 4554,
                    "image_background": "https://media.rawg.io/media/screenshots/fe0/fe0ccce931cdb5aaff9500a331e5c2eb.jpg"
                }
            ],
            "esrb_rating": {
                "id": 2,
                "name": "Everyone 10+",
                "slug": "everyone-10-plus",
                "name_en": "Everyone 10+",
                "name_ru": "С 10 лет"
            },
            "user_game": null,
            "reviews_count": 560,
            "saturated_color": "0f0f0f",
            "dominant_color": "0f0f0f",
            "short_screenshots": [
                {
                    "id": -1,
                    "image": "https://media.rawg.io/media/screenshots/4bc/4bc75319da5601d337452ca0462255ab.jpg"
                },
                {
                    "id": 514634,
                    "image": "https://media.rawg.io/media/screenshots/a20/a209c02d894f1cc299c9513bd7d4a9df.jpg"
                },
                {
                    "id": 514635,
                    "image": "https://media.rawg.io/media/screenshots/f1a/f1acc8f88b1ade423b1afa8bd4431cd9.jpg"
                },
                {
                    "id": 514636,
                    "image": "https://media.rawg.io/media/screenshots/050/05062c00d40ade288a1bf2a1e738b7f2.jpg"
                },
                {
                    "id": 514637,
                    "image": "https://media.rawg.io/media/screenshots/c97/c979f060100dd372c1f93fe188da89f0.jpg"
                },
                {
                    "id": 514638,
                    "image": "https://media.rawg.io/media/screenshots/207/2071ac73fd442014c7e705507012a37d.jpg"
                },
                {
                    "id": 514639,
                    "image": "https://media.rawg.io/media/screenshots/6c2/6c2a777806558e4035681b5a542bd57b.jpg"
                }
            ],
            "parent_platforms": [
                {
                    "platform": {
                        "id": 1,
                        "name": "PC",
                        "slug": "pc"
                    }
                },
                {
                    "platform": {
                        "id": 2,
                        "name": "PlayStation",
                        "slug": "playstation"
                    }
                },
                {
                    "platform": {
                        "id": 4,
                        "name": "iOS",
                        "slug": "ios"
                    }
                }
            ],
            "genres": [
                {
                    "id": 11,
                    "name": "Arcade",
                    "slug": "arcade"
                },
                {
                    "id": 19,
                    "name": "Family",
                    "slug": "family"
                },
                {
                    "id": 40,
                    "name": "Casual",
                    "slug": "casual"
                },
                {
                    "id": 3,
                    "name": "Adventure",
                    "slug": "adventure"
                }
            ]
        },
        {
            "slug": "flow",
            "name": "flOw",
            "playtime": 0,
            "platforms": [
                {
                    "platform": {
                        "id": 4,
                        "name": "PC",
                        "slug": "pc"
                    }
                },
                {
                    "platform": {
                        "id": 18,
                        "name": "PlayStation 4",
                        "slug": "playstation4"
                    }
                },
                {
                    "platform": {
                        "id": 16,
                        "name": "PlayStation 3",
                        "slug": "playstation3"
                    }
                },
                {
                    "platform": {
                        "id": 19,
                        "name": "PS Vita",
                        "slug": "ps-vita"
                    }
                },
                {
                    "platform": {
                        "id": 17,
                        "name": "PSP",
                        "slug": "psp"
                    }
                }
            ],
            "stores": [
                {
                    "store": {
                        "id": 1,
                        "name": "Steam",
                        "slug": "steam"
                    }
                },
                {
                    "store": {
                        "id": 3,
                        "name": "PlayStation Store",
                        "slug": "playstation-store"
                    }
                }
            ],
            "released": "2006-04-14",
            "tba": false,
            "background_image": "https://media.rawg.io/media/screenshots/50c/50ca35b80bd7a35a1a7d9fecdbcd6517_kJS1cIB.jpg",
            "rating": 3.6,
            "rating_top": 4,
            "ratings": [
                {
                    "id": 4,
                    "title": "recommended",
                    "count": 113,
                    "percent": 58.55
                },
                {
                    "id": 3,
                    "title": "meh",
                    "count": 49,
                    "percent": 25.39
                },
                {
                    "id": 5,
                    "title": "exceptional",
                    "count": 16,
                    "percent": 8.29
                },
                {
                    "id": 1,
                    "title": "skip",
                    "count": 15,
                    "percent": 7.77
                }
            ],
            "ratings_count": 192,
            "reviews_text_count": 1,
            "added": 836,
            "added_by_status": {
                "yet": 27,
                "owned": 577,
                "beaten": 145,
                "toplay": 13,
                "dropped": 71,
                "playing": 3
            },
            "metacritic": 71,
            "suggestions_count": 165,
            "updated": "2025-02-09T19:47:49",
            "id": 5424,
            "score": null,
            "clip": null,
            "tags": [
                {
                    "id": 31,
                    "name": "Singleplayer",
                    "slug": "singleplayer",
                    "language": "eng",
                    "games_count": 234962,
                    "image_background": "https://media.rawg.io/media/games/4a0/4a0a1316102366260e6f38fd2a9cfdce.jpg"
                },
                {
                    "id": 42396,
                    "name": "Для одного игрока",
                    "slug": "dlia-odnogo-igroka",
                    "language": "rus",
                    "games_count": 57883,
                    "image_background": "https://media.rawg.io/media/games/4be/4be6a6ad0364751a96229c56bf69be59.jpg"
                },
                {
                    "id": 42398,
                    "name": "Инди",
                    "slug": "indi-2",
                    "language": "rus",
                    "games_count": 60493,
                    "image_background": "https://media.rawg.io/media/games/d0f/d0f91fe1d92332147e5db74e207cfc7a.jpg"
                },
                {
                    "id": 7,
                    "name": "Multiplayer",
                    "slug": "multiplayer",
                    "language": "eng",
                    "games_count": 39945,
                    "image_background": "https://media.rawg.io/media/games/8cc/8cce7c0e99dcc43d66c8efd42f9d03e3.jpg"
                },
                {
                    "id": 13,
                    "name": "Atmospheric",
                    "slug": "atmospheric",
                    "language": "eng",
                    "games_count": 35916,
                    "image_background": "https://media.rawg.io/media/games/49c/49c3dfa4ce2f6f140cc4825868e858cb.jpg"
                },
                {
                    "id": 42394,
                    "name": "Глубокий сюжет",
                    "slug": "glubokii-siuzhet",
                    "language": "rus",
                    "games_count": 14817,
                    "image_background": "https://media.rawg.io/media/games/4be/4be6a6ad0364751a96229c56bf69be59.jpg"
                },
                {
                    "id": 24,
                    "name": "RPG",
                    "slug": "rpg",
                    "language": "eng",
                    "games_count": 23398,
                    "image_background": "https://media.rawg.io/media/games/d0f/d0f91fe1d92332147e5db74e207cfc7a.jpg"
                },
                {
                    "id": 42412,
                    "name": "Ролевая игра",
                    "slug": "rolevaia-igra",
                    "language": "rus",
                    "games_count": 19804,
                    "image_background": "https://media.rawg.io/media/games/7cf/7cfc9220b401b7a300e409e539c9afd5.jpg"
                },
                {
                    "id": 118,
                    "name": "Story Rich",
                    "slug": "story-rich",
                    "language": "eng",
                    "games_count": 23954,
                    "image_background": "https://media.rawg.io/media/games/be0/be01c3d7d8795a45615da139322ca080.jpg"
                },
                {
                    "id": 42442,
                    "name": "Открытый мир",
                    "slug": "otkrytyi-mir",
                    "language": "rus",
                    "games_count": 6468,
                    "image_background": "https://media.rawg.io/media/games/e6d/e6de699bd788497f4b52e2f41f9698f2.jpg"
                },
                {
                    "id": 36,
                    "name": "Open World",
                    "slug": "open-world",
                    "language": "eng",
                    "games_count": 8282,
                    "image_background": "https://media.rawg.io/media/games/e6d/e6de699bd788497f4b52e2f41f9698f2.jpg"
                },
                {
                    "id": 45,
                    "name": "2D",
                    "slug": "2d",
                    "language": "eng",
                    "games_count": 200504,
                    "image_background": "https://media.rawg.io/media/games/942/9424d6bb763dc38d9378b488603c87fa.jpg"
                },
                {
                    "id": 40845,
                    "name": "Partial Controller Support",
                    "slug": "partial-controller-support",
                    "language": "eng",
                    "games_count": 12725,
                    "image_background": "https://media.rawg.io/media/games/9fa/9fa63622543e5d4f6d99aa9d73b043de.jpg"
                },
                {
                    "id": 16,
                    "name": "Horror",
                    "slug": "horror",
                    "language": "eng",
                    "games_count": 46437,
                    "image_background": "https://media.rawg.io/media/games/b49/b4912b5dbfc7ed8927b65f05b8507f6c.jpg"
                },
                {
                    "id": 42413,
                    "name": "Симулятор",
                    "slug": "simuliator",
                    "language": "rus",
                    "games_count": 21930,
                    "image_background": "https://media.rawg.io/media/games/c22/c22d804ac753c72f2617b3708a625dec.jpg"
                },
                {
                    "id": 42480,
                    "name": "Фэнтези",
                    "slug": "fentezi",
                    "language": "rus",
                    "games_count": 13751,
                    "image_background": "https://media.rawg.io/media/games/f99/f9979698c43fd84c3ab69280576dd3af.jpg"
                },
                {
                    "id": 64,
                    "name": "Fantasy",
                    "slug": "fantasy",
                    "language": "eng",
                    "games_count": 29997,
                    "image_background": "https://media.rawg.io/media/games/f99/f9979698c43fd84c3ab69280576dd3af.jpg"
                },
                {
                    "id": 6,
                    "name": "Exploration",
                    "slug": "exploration",
                    "language": "eng",
                    "games_count": 25625,
                    "image_background": "https://media.rawg.io/media/games/849/849414b978db37d4563ff9e4b0d3a787.jpg"
                },
                {
                    "id": 79,
                    "name": "Free to Play",
                    "slug": "free-to-play",
                    "language": "eng",
                    "games_count": 8129,
                    "image_background": "https://media.rawg.io/media/games/d07/d0790809a13027251b6d0f4dc7538c58.jpg"
                },
                {
                    "id": 42538,
                    "name": "Бесплатная игра",
                    "slug": "besplatnaia-igra",
                    "language": "rus",
                    "games_count": 8116,
                    "image_background": "https://media.rawg.io/media/games/35b/35b47c4d85cd6e08f3e2ca43ea5ce7bb.jpg"
                },
                {
                    "id": 42415,
                    "name": "Пиксельная графика",
                    "slug": "pikselnaia-grafika",
                    "language": "rus",
                    "games_count": 14804,
                    "image_background": "https://media.rawg.io/media/games/a0c/a0cb0ac048c75b41d2620d2e6cb6f983.jpg"
                },
                {
                    "id": 42416,
                    "name": "Контроллер",
                    "slug": "kontroller",
                    "language": "rus",
                    "games_count": 7453,
                    "image_background": "https://media.rawg.io/media/games/0b3/0b34647c42271600399b93d19b10f1aa.jpg"
                },
                {
                    "id": 69,
                    "name": "Action-Adventure",
                    "slug": "action-adventure",
                    "language": "eng",
                    "games_count": 18441,
                    "image_background": "https://media.rawg.io/media/games/63f/63f0e68688cad279ed38cde931dbfcdb.jpg"
                },
                {
                    "id": 122,
                    "name": "Pixel Graphics",
                    "slug": "pixel-graphics",
                    "language": "eng",
                    "games_count": 95888,
                    "image_background": "https://media.rawg.io/media/games/926/926928beb8a9f9b31cf202965aa4cbbc.jpg"
                },
                {
                    "id": 115,
                    "name": "Controller",
                    "slug": "controller",
                    "language": "eng",
                    "games_count": 13006,
                    "image_background": "https://media.rawg.io/media/games/8ee/8eed88e297441ef9202b5d1d35d7d86f.jpg"
                },
                {
                    "id": 40837,
                    "name": "In-App Purchases",
                    "slug": "in-app-purchases",
                    "language": "eng",
                    "games_count": 2986,
                    "image_background": "https://media.rawg.io/media/games/934/9346092ae11bf7582c883869468171cc.jpg"
                },
                {
                    "id": 42490,
                    "name": "Приключенческий экшен",
                    "slug": "prikliuchencheskii-ekshen",
                    "language": "rus",
                    "games_count": 10834,
                    "image_background": "https://media.rawg.io/media/games/569/569ea25d2b56bd05c7fa309ddabe81ff.jpg"
                },
                {
                    "id": 42601,
                    "name": "Цветастая",
                    "slug": "tsvetastaia",
                    "language": "rus",
                    "games_count": 16366,
                    "image_background": "https://media.rawg.io/media/games/f15/f15e1dbda32b588a981bbc6b222a4b4c.jpg"
                },
                {
                    "id": 42460,
                    "name": "Реализм",
                    "slug": "realizm",
                    "language": "rus",
                    "games_count": 7209,
                    "image_background": "https://media.rawg.io/media/games/708/7080e6c87e0825cb02888bf3c44b3889.jpg"
                },
                {
                    "id": 165,
                    "name": "Colorful",
                    "slug": "colorful",
                    "language": "eng",
                    "games_count": 24923,
                    "image_background": "https://media.rawg.io/media/games/578/57885b9590c9a9f80ceea34d147a34c4.jpg"
                },
                {
                    "id": 77,
                    "name": "Realistic",
                    "slug": "realistic",
                    "language": "eng",
                    "games_count": 7230,
                    "image_background": "https://media.rawg.io/media/games/109/10956e4561064fc4f1dda0baa540735e.jpg"
                },
                {
                    "id": 42555,
                    "name": "Симулятор ходьбы",
                    "slug": "simuliator-khodby",
                    "language": "rus",
                    "games_count": 3458,
                    "image_background": "https://media.rawg.io/media/screenshots/b20/b20a20205954f9765e82298dbd41e48a.jpg"
                },
                {
                    "id": 33,
                    "name": "VR",
                    "slug": "vr",
                    "language": "eng",
                    "games_count": 12656,
                    "image_background": "https://media.rawg.io/media/screenshots/015/015988a097b5a0e78b4ecd631e85daba.jpg"
                },
                {
                    "id": 91,
                    "name": "Walking Simulator",
                    "slug": "walking-simulator",
                    "language": "eng",
                    "games_count": 7891,
                    "image_background": "https://media.rawg.io/media/games/ba9/ba9ad92b6d04825bd15a407c6059db94.jpg"
                },
                {
                    "id": 42515,
                    "name": "Вид сверху",
                    "slug": "vid-sverkhu",
                    "language": "rus",
                    "games_count": 8102,
                    "image_background": "https://media.rawg.io/media/games/e4a/e4ab7f784bdc38c76ce6e4cef9715d18.jpg"
                },
                {
                    "id": 42564,
                    "name": "Расслабляющая",
                    "slug": "rasslabliaiushchaia",
                    "language": "rus",
                    "games_count": 10863,
                    "image_background": "https://media.rawg.io/media/screenshots/0f5/0f585fa72f534f62f9e5da051179f5de.jpg"
                },
                {
                    "id": 61,
                    "name": "Top-Down",
                    "slug": "top-down",
                    "language": "eng",
                    "games_count": 26695,
                    "image_background": "https://media.rawg.io/media/screenshots/4f4/4f4722571e32954af43a4508607c1748.jpg"
                },
                {
                    "id": 138,
                    "name": "Relaxing",
                    "slug": "relaxing",
                    "language": "eng",
                    "games_count": 18557,
                    "image_background": "https://media.rawg.io/media/screenshots/b4d/b4df87a9b3f9867d0bfd9c1910193008.jpg"
                },
                {
                    "id": 58132,
                    "name": "Атмосферная",
                    "slug": "atmosfernaia",
                    "language": "rus",
                    "games_count": 11614,
                    "image_background": "https://media.rawg.io/media/games/c4e/c4e3ad247e93d3a5dc40aa215a778a9c.jpg"
                },
                {
                    "id": 413,
                    "name": "online",
                    "slug": "online",
                    "language": "eng",
                    "games_count": 6553,
                    "image_background": "https://media.rawg.io/media/games/819/819cbc1d24837166b24299f5c8b68e07.jpg"
                },
                {
                    "id": 42672,
                    "name": "Сюрреалистичная",
                    "slug": "siurrealistichnaia",
                    "language": "rus",
                    "games_count": 2963,
                    "image_background": "https://media.rawg.io/media/games/e85/e851f527ab0658519436342ee73da191.jpg"
                },
                {
                    "id": 46,
                    "name": "Surreal",
                    "slug": "surreal",
                    "language": "eng",
                    "games_count": 5862,
                    "image_background": "https://media.rawg.io/media/games/942/9424d6bb763dc38d9378b488603c87fa.jpg"
                },
                {
                    "id": 42568,
                    "name": "Пошаговые сражения",
                    "slug": "poshagovye-srazheniia",
                    "language": "rus",
                    "games_count": 3540,
                    "image_background": "https://media.rawg.io/media/screenshots/56c/56cdc9d4e29255e4a0d90cb2bce2dc14.jpg"
                },
                {
                    "id": 66533,
                    "name": "Исследования",
                    "slug": "issledovaniia",
                    "language": "rus",
                    "games_count": 10946,
                    "image_background": "https://media.rawg.io/media/screenshots/8a7/8a7586c647e10e6b6959df16d8bdc909.jpg"
                },
                {
                    "id": 175,
                    "name": "Turn-Based Combat",
                    "slug": "turn-based-combat",
                    "language": "eng",
                    "games_count": 5543,
                    "image_background": "https://media.rawg.io/media/games/1aa/1aa082df2dbde6940e9ccbee4aac0feb.jpg"
                },
                {
                    "id": 200,
                    "name": "Narration",
                    "slug": "narration",
                    "language": "eng",
                    "games_count": 2465,
                    "image_background": "https://media.rawg.io/media/games/068/0686934f91304843c9ad37ec55c3ac1d.jpg"
                },
                {
                    "id": 205,
                    "name": "Lore-Rich",
                    "slug": "lore-rich",
                    "language": "eng",
                    "games_count": 1668,
                    "image_background": "https://media.rawg.io/media/games/95a/95a10817d1fc648cff1153f3fa8ef6c5.jpg"
                },
                {
                    "id": 42627,
                    "name": "Повествование",
                    "slug": "povestvovanie",
                    "language": "rus",
                    "games_count": 666,
                    "image_background": "https://media.rawg.io/media/games/cbd/cbdaa32349be63a57099669be29dc7ca.jpg"
                },
                {
                    "id": 42594,
                    "name": "Проработанная вселенная",
                    "slug": "prorabotannaia-vselennaia",
                    "language": "rus",
                    "games_count": 1696,
                    "image_background": "https://media.rawg.io/media/screenshots/871/87167cbda7085dbeb98bfc92c19d5a42.jpg"
                },
                {
                    "id": 42655,
                    "name": "Психологическая",
                    "slug": "psikhologicheskaia",
                    "language": "rus",
                    "games_count": 2007,
                    "image_background": "https://media.rawg.io/media/games/fae/faebf3c8cbf30db3f46bfbecf6ada3d6.jpg"
                },
                {
                    "id": 285,
                    "name": "Psychological",
                    "slug": "psychological",
                    "language": "eng",
                    "games_count": 2107,
                    "image_background": "https://media.rawg.io/media/screenshots/50c/50ca35b80bd7a35a1a7d9fecdbcd6517_kJS1cIB.jpg"
                },
                {
                    "id": 1484,
                    "name": "skill",
                    "slug": "skill",
                    "language": "eng",
                    "games_count": 3527,
                    "image_background": "https://media.rawg.io/media/games/4a5/4a5ce21f529cf8fd4670b4c3188b25df.jpg"
                },
                {
                    "id": 1079,
                    "name": "environment",
                    "slug": "environment",
                    "language": "eng",
                    "games_count": 7122,
                    "image_background": "https://media.rawg.io/media/screenshots/079/079cfb4d56acbca84e3322f80c8a01cb.jpg"
                },
                {
                    "id": 1500,
                    "name": "immersive",
                    "slug": "immersive",
                    "language": "eng",
                    "games_count": 1010,
                    "image_background": "https://media.rawg.io/media/games/8cb/8cbf9a1735ae48b70b9aba5f82ab56da.jpg"
                },
                {
                    "id": 239,
                    "name": "6DOF",
                    "slug": "6dof",
                    "language": "eng",
                    "games_count": 831,
                    "image_background": "https://media.rawg.io/media/screenshots/6d4/6d4fb614168b74aab07722757cadc549.jpg"
                },
                {
                    "id": 42674,
                    "name": "Свобода движения",
                    "slug": "svoboda-dvizheniia",
                    "language": "rus",
                    "games_count": 808,
                    "image_background": "https://media.rawg.io/media/screenshots/c0f/c0fb14960d365f5ac7188d8eb4bd533d.jpg"
                },
                {
                    "id": 58140,
                    "name": "Иммерсивная игра",
                    "slug": "immersivnaia-igra",
                    "language": "rus",
                    "games_count": 337,
                    "image_background": "https://media.rawg.io/media/screenshots/9bf/9bfd312d33c00287db183cb199ce69d0.jpg"
                },
                {
                    "id": 2373,
                    "name": "text",
                    "slug": "text",
                    "language": "eng",
                    "games_count": 2077,
                    "image_background": "https://media.rawg.io/media/screenshots/238/238e604c624909062ab66ebbb37b510d.jpg"
                },
                {
                    "id": 42726,
                    "name": "Панорамное видео",
                    "slug": "panoramnoe-video",
                    "language": "rus",
                    "games_count": 125,
                    "image_background": "https://media.rawg.io/media/screenshots/31a/31a7b8e852eab7a1ab6cc13fbec9fe71.jpg"
                },
                {
                    "id": 39457,
                    "name": "360 Video",
                    "slug": "360-video-2",
                    "language": "eng",
                    "games_count": 125,
                    "image_background": "https://media.rawg.io/media/games/9b5/9b5b8cf04ca150ec83867b388f29b999.jpg"
                }
            ],
            "esrb_rating": {
                "id": 2,
                "name": "Everyone 10+",
                "slug": "everyone-10-plus",
                "name_en": "Everyone 10+",
                "name_ru": "С 10 лет"
            },
            "user_game": null,
            "reviews_count": 193,
            "saturated_color": "0f0f0f",
            "dominant_color": "0f0f0f",
            "short_screenshots": [
                {
                    "id": -1,
                    "image": "https://media.rawg.io/media/screenshots/50c/50ca35b80bd7a35a1a7d9fecdbcd6517_kJS1cIB.jpg"
                },
                {
                    "id": 479915,
                    "image": "https://media.rawg.io/media/screenshots/c89/c89c956371a179e5f68165b7bc002943.jpg"
                },
                {
                    "id": 479916,
                    "image": "https://media.rawg.io/media/screenshots/f36/f36401d125951745e1a90afe83654ab5.jpg"
                },
                {
                    "id": 479917,
                    "image": "https://media.rawg.io/media/screenshots/d4b/d4b1dbad43b3c6410956d0d220c7c4e5.jpg"
                },
                {
                    "id": 479918,
                    "image": "https://media.rawg.io/media/screenshots/946/946efcef01c7bd5331e6b8578b4f2127.jpg"
                },
                {
                    "id": 479919,
                    "image": "https://media.rawg.io/media/screenshots/07e/07ede83eec67aeb4ba2c05a6ded677a2.jpg"
                },
                {
                    "id": 479920,
                    "image": "https://media.rawg.io/media/screenshots/499/499bd638e861de82bc55c22a47aacee2.jpg"
                }
            ],
            "parent_platforms": [
                {
                    "platform": {
                        "id": 1,
                        "name": "PC",
                        "slug": "pc"
                    }
                },
                {
                    "platform": {
                        "id": 2,
                        "name": "PlayStation",
                        "slug": "playstation"
                    }
                }
            ],
            "genres": [
                {
                    "id": 3,
                    "name": "Adventure",
                    "slug": "adventure"
                },
                {
                    "id": 7,
                    "name": "Puzzle",
                    "slug": "puzzle"
                },
                {
                    "id": 11,
                    "name": "Arcade",
                    "slug": "arcade"
                },
                {
                    "id": 14,
                    "name": "Simulation",
                    "slug": "simulation"
                },
                {
                    "id": 51,
                    "name": "Indie",
                    "slug": "indie"
                }
            ]
        }
    ],
    "user_platforms": false
}