{
    "count": 6,
    "next": null,
    "previous": null,
    "results": [
        {
            "slug": "gears-of-war-ultimate-edition",
            "name": "Gears of War: Ultimate Edition",
            "playtime": 0,
            "platforms": [
                {
                    "platform": {
                        "id": 4,
                        "name": "PC",
                        "slug": "pc"
                    }
                },
                {
                    "platform": {
                        "id": 1,
                        "name": "Xbox One",
                        "slug": "xbox-one"
                    }
                }
            ],
            "stores": [
                {
                    "store": {
                        "id": 2,
                        "name": "Xbox Store",
                        "slug": "xbox-store"
                    }
                }
            ],
            "released": "2015-08-25",
            "tba": false,
            "background_image": "https://media.rawg.io/media/games/49f/49f35940fbb28a00c4e10d7c7ef44de4.jpg",
            "rating": 4.07,
            "rating_top": 4,
            "ratings": [
                {
                    "id": 4,
                    "title": "recommended",
                    "count": 252,
                    "percent": 54.31
                },
                {
                    "id": 5,
                    "title": "exceptional",
                    "count": 139,
                    "percent": 29.96
                },
                {
                    "id": 3,
                    "title": "meh",
                    "count": 56,
                    "percent": 12.07
                },
                {
                    "id": 1,
                    "title": "skip",
                    "count": 17,
                    "percent": 3.66
                }
            ],
            "ratings_count": 458,
            "reviews_text_count": 3,
            "added": 1855,
            "added_by_status": {
                "yet": 74,
                "owned": 1275,
                "beaten": 351,
                "toplay": 57,
                "dropped": 78,
                "playing": 20
            },
            "metacritic": 78,
            "suggestions_count": 708,
            "updated": "2025-01-30T21:44:23",
            "id": 43242,
            "score": null,
            "clip": null,
            "tags": [
                {
                    "id": 31,
                    "name": "Singleplayer",
                    "slug": "singleplayer",
                    "language": "eng",
                    "games_count": 236399,
                    "image_background": "https://media.rawg.io/media/games/20a/20aa03a10cda45239fe22d035c0ebe64.jpg"
                },
                {
                    "id": 7,
                    "name": "Multiplayer",
                    "slug": "multiplayer",
                    "language": "eng",
                    "games_count": 40195,
                    "image_background": "https://media.rawg.io/media/games/6c5/6c55e22185876626881b76c11922b073.jpg"
                },
                {
                    "id": 18,
                    "name": "Co-op",
                    "slug": "co-op",
                    "language": "eng",
                    "games_count": 12942,
                    "image_background": "https://media.rawg.io/media/games/713/713269608dc8f2f40f5a670a14b2de94.jpg"
                },
                {
                    "id": 32,
                    "name": "Sci-fi",
                    "slug": "sci-fi",
                    "language": "eng",
                    "games_count": 20531,
                    "image_background": "https://media.rawg.io/media/games/6c5/6c55e22185876626881b76c11922b073.jpg"
                },
                {
                    "id": 34,
                    "name": "Violent",
                    "slug": "violent",
                    "language": "eng",
                    "games_count": 7189,
                    "image_background": "https://media.rawg.io/media/games/909/909974d1c7863c2027241e265fe7011f.jpg"
                },
                {
                    "id": 37796,
                    "name": "exclusive",
                    "slug": "exclusive",
                    "language": "eng",
                    "games_count": 4491,
                    "image_background": "https://media.rawg.io/media/games/f24/f2493ea338fe7bd3c7d73750a85a0959.jpeg"
                },
                {
                    "id": 172,
                    "name": "Aliens",
                    "slug": "aliens",
                    "language": "eng",
                    "games_count": 7151,
                    "image_background": "https://media.rawg.io/media/games/d54/d54f0267a042f44c032d8ca264584ecf.jpg"
                },
                {
                    "id": 19085,
                    "name": "chainsaw",
                    "slug": "chainsaw",
                    "language": "eng",
                    "games_count": 14,
                    "image_background": "https://media.rawg.io/media/screenshots/487/4878ab9c0ed3f7730fb658a09bb46a2b.jpg"
                },
                {
                    "id": 1455,
                    "name": "brutal",
                    "slug": "brutal",
                    "language": "eng",
                    "games_count": 30,
                    "image_background": "https://media.rawg.io/media/screenshots/14f/14f472eec11e04a22b247e88ed393f88.jpg"
                }
            ],
            "esrb_rating": {
                "id": 4,
                "name": "Mature",
                "slug": "mature",
                "name_en": "Mature",
                "name_ru": "С 17 лет"
            },
            "user_game": null,
            "reviews_count": 464,
            "saturated_color": "0f0f0f",
            "dominant_color": "0f0f0f",
            "short_screenshots": [
                {
                    "id": -1,
                    "image": "https://media.rawg.io/media/games/49f/49f35940fbb28a00c4e10d7c7ef44de4.jpg"
                },
                {
                    "id": 624411,
                    "image": "https://media.rawg.io/media/screenshots/0b8/0b860d149420381cce3bae95c9aace97.jpg"
                },
                {
                    "id": 624412,
                    "image": "https://media.rawg.io/media/screenshots/ecc/eccd052bf6295d34abd2f055b73d965d.jpg"
                },
                {
                    "id": 624413,
                    "image": "https://media.rawg.io/media/screenshots/3f4/3f4fe935e2f03842dc227f4993461d82.jpg"
                },
                {
                    "id": 624414,
                    "image": "https://media.rawg.io/media/screenshots/714/7148a9f085f59f0a241ee58b97733baf.jpg"
                },
                {
                    "id": 624415,
                    "image": "https://media.rawg.io/media/screenshots/f1c/f1cc5e47b7d34b029d2a90e9baf66c59.jpg"
                },
                {
                    "id": 624416,
                    "image": "https://media.rawg.io/media/screenshots/3d4/3d4d2ec9fac50cfb68669cf650ca2e0b.jpg"
                }
            ],
            "parent_platforms": [
                {
                    "platform": {
                        "id": 1,
                        "name": "PC",
                        "slug": "pc"
                    }
                },
                {
                    "platform": {
                        "id": 3,
                        "name": "Xbox",
                        "slug": "xbox"
                    }
                }
            ],
            "genres": [
                {
                    "id": 2,
                    "name": "Shooter",
                    "slug": "shooter"
                },
                {
                    "id": 4,
                    "name": "Action",
                    "slug": "action"
                }
            ]
        },
        {
            "slug": "gears-5",
            "name": "Gears 5",
            "playtime": 7,
            "platforms": [
                {
                    "platform": {
                        "id": 4,
                        "name": "PC",
                        "slug": "pc"
                    }
                },
                {
                    "platform": {
                        "id": 1,
                        "name": "Xbox One",
                        "slug": "xbox-one"
                    }
                },
                {
                    "platform": {
                        "id": 186,
                        "name": "Xbox Series S/X",
                        "slug": "xbox-series-x"
                    }
                }
            ],
            "stores": [
                {
                    "store": {
                        "id": 1,
                        "name": "Steam",
                        "slug": "steam"
                    }
                },
                {
                    "store": {
                        "id": 2,
                        "name": "Xbox Store",
                        "slug": "xbox-store"
                    }
                }
            ],
            "released": "2019-09-10",
            "tba": false,
            "background_image": "https://media.rawg.io/media/games/121/1213f8b9b0a26307e672cf51f34882f8.jpg",
            "rating": 3.92,
            "rating_top": 4,
            "ratings": [
                {
                    "id": 4,
                    "title": "recommended",
                    "count": 496,
                    "percent": 58.49
                },
                {
                    "id": 5,
                    "title": "exceptional",
                    "count": 174,
                    "percent": 20.52
                },
                {
                    "id": 3,
                    "title": "meh",
                    "count": 144,
                    "percent": 16.98
                },
                {
                    "id": 1,
                    "title": "skip",
                    "count": 34,
                    "percent": 4.01
                }
            ],
            "ratings_count": 832,
            "reviews_text_count": 10,
            "added": 4485,
            "added_by_status": {
                "yet": 279,
                "owned": 2951,
                "beaten": 577,
                "toplay": 387,
                "dropped": 186,
                "playing": 105
            },
            "metacritic": 83,
            "suggestions_count": 682,
            "updated": "2025-02-16T12:23:44",
            "id": 326252,
            "score": null,
            "clip": null,
            "tags": [
                {
                    "id": 31,
                    "name": "Singleplayer",
                    "slug": "singleplayer",
                    "language": "eng",
                    "games_count": 236808,
                    "image_background": "https://media.rawg.io/media/games/4be/4be6a6ad0364751a96229c56bf69be59.jpg"
                },
                {
                    "id": 42396,
                    "name": "Для одного игрока",
                    "slug": "dlia-odnogo-igroka",
                    "language": "rus",
                    "games_count": 59339,
                    "image_background": "https://media.rawg.io/media/games/49c/49c3dfa4ce2f6f140cc4825868e858cb.jpg"
                },
                {
                    "id": 42417,
                    "name": "Экшен",
                    "slug": "ekshen",
                    "language": "rus",
                    "games_count": 45143,
                    "image_background": "https://media.rawg.io/media/games/b45/b45575f34285f2c4479c9a5f719d972e.jpg"
                },
                {
                    "id": 7,
                    "name": "Multiplayer",
                    "slug": "multiplayer",
                    "language": "eng",
                    "games_count": 40265,
                    "image_background": "https://media.rawg.io/media/games/021/021c4e21a1824d2526f925eff6324653.jpg"
                },
                {
                    "id": 42425,
                    "name": "Для нескольких игроков",
                    "slug": "dlia-neskolkikh-igrokov",
                    "language": "rus",
                    "games_count": 11352,
                    "image_background": "https://media.rawg.io/media/games/157/15742f2f67eacff546738e1ab5c19d20.jpg"
                },
                {
                    "id": 42394,
                    "name": "Глубокий сюжет",
                    "slug": "glubokii-siuzhet",
                    "language": "rus",
                    "games_count": 15181,
                    "image_background": "https://media.rawg.io/media/games/b8c/b8c243eaa0fbac8115e0cdccac3f91dc.jpg"
                },
                {
                    "id": 18,
                    "name": "Co-op",
                    "slug": "co-op",
                    "language": "eng",
                    "games_count": 12990,
                    "image_background": "https://media.rawg.io/media/games/4e0/4e0e7b6d6906a131307c94266e5c9a1c.jpg"
                },
                {
                    "id": 411,
                    "name": "cooperative",
                    "slug": "cooperative",
                    "language": "eng",
                    "games_count": 5769,
                    "image_background": "https://media.rawg.io/media/games/587/587588c64afbff80e6f444eb2e46f9da.jpg"
                },
                {
                    "id": 40845,
                    "name": "Partial Controller Support",
                    "slug": "partial-controller-support",
                    "language": "eng",
                    "games_count": 12869,
                    "image_background": "https://media.rawg.io/media/games/995/9951d9d55323d08967640f7b9ab3e342.jpg"
                },
                {
                    "id": 9,
                    "name": "Online Co-Op",
                    "slug": "online-co-op",
                    "language": "eng",
                    "games_count": 6621,
                    "image_background": "https://media.rawg.io/media/games/2ba/2bac0e87cf45e5b508f227d281c9252a.jpg"
                },
                {
                    "id": 42491,
                    "name": "Мясо",
                    "slug": "miaso",
                    "language": "rus",
                    "games_count": 4962,
                    "image_background": "https://media.rawg.io/media/games/9dd/9ddabb34840ea9227556670606cf8ea3.jpg"
                },
                {
                    "id": 26,
                    "name": "Gore",
                    "slug": "gore",
                    "language": "eng",
                    "games_count": 6148,
                    "image_background": "https://media.rawg.io/media/games/c6b/c6bfece1daf8d06bc0a60632ac78e5bf.jpg"
                },
                {
                    "id": 189,
                    "name": "Female Protagonist",
                    "slug": "female-protagonist",
                    "language": "eng",
                    "games_count": 13922,
                    "image_background": "https://media.rawg.io/media/games/bce/bce62fbc7cf74bf6a1a37340993ec148.jpg"
                },
                {
                    "id": 42404,
                    "name": "Женщина-протагонист",
                    "slug": "zhenshchina-protagonist",
                    "language": "rus",
                    "games_count": 2413,
                    "image_background": "https://media.rawg.io/media/games/651/651ae84f2d5e36206aad90976a453329.jpg"
                },
                {
                    "id": 42402,
                    "name": "Насилие",
                    "slug": "nasilie",
                    "language": "rus",
                    "games_count": 6168,
                    "image_background": "https://media.rawg.io/media/games/0af/0af85e8edddfa55368e47c539914a220.jpg"
                },
                {
                    "id": 34,
                    "name": "Violent",
                    "slug": "violent",
                    "language": "eng",
                    "games_count": 7206,
                    "image_background": "https://media.rawg.io/media/games/a0e/a0ef08621301a1eab5e04fa5c96978fa.jpeg"
                },
                {
                    "id": 397,
                    "name": "Online multiplayer",
                    "slug": "online-multiplayer",
                    "language": "eng",
                    "games_count": 3804,
                    "image_background": "https://media.rawg.io/media/games/f46/f466571d536f2e3ea9e815ad17177501.jpg"
                },
                {
                    "id": 198,
                    "name": "Split Screen",
                    "slug": "split-screen",
                    "language": "eng",
                    "games_count": 7359,
                    "image_background": "https://media.rawg.io/media/games/12e/12ea6b35b65df38258e25885a0a392a6.jpg"
                },
                {
                    "id": 75,
                    "name": "Local Co-Op",
                    "slug": "local-co-op",
                    "language": "eng",
                    "games_count": 5748,
                    "image_background": "https://media.rawg.io/media/games/926/926928beb8a9f9b31cf202965aa4cbbc.jpg"
                },
                {
                    "id": 42446,
                    "name": "Шутер от третьего лица",
                    "slug": "shuter-ot-tretego-litsa",
                    "language": "rus",
                    "games_count": 2413,
                    "image_background": "https://media.rawg.io/media/games/7ac/7aca7ccf0e70cd0974cb899ab9e5158e.jpg"
                },
                {
                    "id": 72,
                    "name": "Local Multiplayer",
                    "slug": "local-multiplayer",
                    "language": "eng",
                    "games_count": 13574,
                    "image_background": "https://media.rawg.io/media/screenshots/4f4/4f4722571e32954af43a4508607c1748.jpg"
                },
                {
                    "id": 40832,
                    "name": "Cross-Platform Multiplayer",
                    "slug": "cross-platform-multiplayer",
                    "language": "eng",
                    "games_count": 2884,
                    "image_background": "https://media.rawg.io/media/games/12e/12ea6b35b65df38258e25885a0a392a6.jpg"
                },
                {
                    "id": 81,
                    "name": "Military",
                    "slug": "military",
                    "language": "eng",
                    "games_count": 2202,
                    "image_background": "https://media.rawg.io/media/games/ccd/ccd40e8f86c0ae10a082b610d31d4475.jpg"
                },
                {
                    "id": 3068,
                    "name": "future",
                    "slug": "future",
                    "language": "eng",
                    "games_count": 3135,
                    "image_background": "https://media.rawg.io/media/screenshots/10d/10db5d29da790ef08c915b7e121d280b.jpg"
                }
            ],
            "esrb_rating": null,
            "user_game": null,
            "reviews_count": 848,
            "saturated_color": "0f0f0f",
            "dominant_color": "0f0f0f",
            "short_screenshots": [
                {
                    "id": -1,
                    "image": "https://media.rawg.io/media/games/121/1213f8b9b0a26307e672cf51f34882f8.jpg"
                },
                {
                    "id": 1957721,
                    "image": "https://media.rawg.io/media/screenshots/9f0/9f085738a4ee6bb44b4b26cd3eb9ef93.jpg"
                },
                {
                    "id": 1957722,
                    "image": "https://media.rawg.io/media/screenshots/1c8/1c8eb3c87b9396e924ade589d543790e.jpg"
                },
                {
                    "id": 1957723,
                    "image": "https://media.rawg.io/media/screenshots/a83/a832752f82cfde4a811c581e9cd3efd0.jpg"
                },
                {
                    "id": 1957724,
                    "image": "https://media.rawg.io/media/screenshots/a6f/a6fafe1183ce4b3f68287219ea3dd6c8.jpg"
                },
                {
                    "id": 1957725,
                    "image": "https://media.rawg.io/media/screenshots/38c/38c4c8601a72e1d0dacf6d1fe1c5dfb3.jpg"
                },
                {
                    "id": 778890,
                    "image": "https://media.rawg.io/media/screenshots/ae7/ae7fcd1a2d11be26e1ea72e6d5d83ecc.jpg"
                }
            ],
            "parent_platforms": [
                {
                    "platform": {
                        "id": 1,
                        "name": "PC",
                        "slug": "pc"
                    }
                },
                {
                    "platform": {
                        "id": 3,
                        "name": "Xbox",
                        "slug": "xbox"
                    }
                }
            ],
            "genres": [
                {
                    "id": 2,
                    "name": "Shooter",
                    "slug": "shooter"
                },
                {
                    "id": 4,
                    "name": "Action",
                    "slug": "action"
                }
            ]
        },
        {
            "slug": "gears-of-war-4",
            "name": "Gears of War 4",
            "playtime": 0,
            "platforms": [
                {
                    "platform": {
                        "id": 4,
                        "name": "PC",
                        "slug": "pc"
                    }
                },
                {
                    "platform": {
                        "id": 1,
                        "name": "Xbox One",
                        "slug": "xbox-one"
                    }
                },
                {
                    "platform": {
                        "id": 186,
                        "name": "Xbox Series S/X",
                        "slug": "xbox-series-x"
                    }
                }
            ],
            "stores": [
                {
                    "store": {
                        "id": 2,
                        "name": "Xbox Store",
                        "slug": "xbox-store"
                    }
                }
            ],
            "released": "2016-10-11",
            "tba": false,
            "background_image": "https://media.rawg.io/media/games/079/079175933a50b2bf202edd6aa17be19c.jpg",
            "rating": 3.9,
            "rating_top": 4,
            "ratings": [
                {
                    "id": 4,
                    "title": "recommended",
                    "count": 412,
                    "percent": 60.23
                },
                {
                    "id": 5,
                    "title": "exceptional",
                    "count": 127,
                    "percent": 18.57
                },
                {
                    "id": 3,
                    "title": "meh",
                    "count": 121,
                    "percent": 17.69
                },
                {
                    "id": 1,
                    "title": "skip",
                    "count": 24,
                    "percent": 3.51
                }
            ],
            "ratings_count": 676,
            "reviews_text_count": 5,
            "added": 2594,
            "added_by_status": {
                "yet": 125,
                "owned": 1651,
                "beaten": 556,
                "toplay": 135,
                "dropped": 89,
                "playing": 38
            },
            "metacritic": 85,
            "suggestions_count": 689,
            "updated": "2025-02-17T18:06:38",
            "id": 8278,
            "score": null,
            "clip": null,
            "tags": [
                {
                    "id": 31,
                    "name": "Singleplayer",
                    "slug": "singleplayer",
                    "language": "eng",
                    "games_count": 236399,
                    "image_background": "https://media.rawg.io/media/games/20a/20aa03a10cda45239fe22d035c0ebe64.jpg"
                },
                {
                    "id": 7,
                    "name": "Multiplayer",
                    "slug": "multiplayer",
                    "language": "eng",
                    "games_count": 40195,
                    "image_background": "https://media.rawg.io/media/games/6c5/6c55e22185876626881b76c11922b073.jpg"
                },
                {
                    "id": 32,
                    "name": "Sci-fi",
                    "slug": "sci-fi",
                    "language": "eng",
                    "games_count": 20531,
                    "image_background": "https://media.rawg.io/media/games/6c5/6c55e22185876626881b76c11922b073.jpg"
                },
                {
                    "id": 34,
                    "name": "Violent",
                    "slug": "violent",
                    "language": "eng",
                    "games_count": 7189,
                    "image_background": "https://media.rawg.io/media/games/909/909974d1c7863c2027241e265fe7011f.jpg"
                },
                {
                    "id": 37796,
                    "name": "exclusive",
                    "slug": "exclusive",
                    "language": "eng",
                    "games_count": 4491,
                    "image_background": "https://media.rawg.io/media/games/f24/f2493ea338fe7bd3c7d73750a85a0959.jpeg"
                },
                {
                    "id": 172,
                    "name": "Aliens",
                    "slug": "aliens",
                    "language": "eng",
                    "games_count": 7151,
                    "image_background": "https://media.rawg.io/media/games/d54/d54f0267a042f44c032d8ca264584ecf.jpg"
                },
                {
                    "id": 48354,
                    "name": "w10 exclusive",
                    "slug": "w10-exclusive",
                    "language": "eng",
                    "games_count": 9,
                    "image_background": "https://media.rawg.io/media/games/079/079175933a50b2bf202edd6aa17be19c.jpg"
                },
                {
                    "id": 19085,
                    "name": "chainsaw",
                    "slug": "chainsaw",
                    "language": "eng",
                    "games_count": 14,
                    "image_background": "https://media.rawg.io/media/screenshots/487/4878ab9c0ed3f7730fb658a09bb46a2b.jpg"
                },
                {
                    "id": 6524,
                    "name": "cover",
                    "slug": "cover",
                    "language": "eng",
                    "games_count": 14,
                    "image_background": "https://media.rawg.io/media/screenshots/111/1116feab6bdd98a4ea17ee414a1c8984.jpg"
                }
            ],
            "esrb_rating": {
                "id": 4,
                "name": "Mature",
                "slug": "mature",
                "name_en": "Mature",
                "name_ru": "С 17 лет"
            },
            "user_game": null,
            "reviews_count": 684,
            "saturated_color": "0f0f0f",
            "dominant_color": "0f0f0f",
            "short_screenshots": [
                {
                    "id": -1,
                    "image": "https://media.rawg.io/media/games/079/079175933a50b2bf202edd6aa17be19c.jpg"
                },
                {
                    "id": 57925,
                    "image": "https://media.rawg.io/media/screenshots/363/3633a88a72c79be3f664cd53e56af86a.jpg"
                },
                {
                    "id": 57930,
                    "image": "https://media.rawg.io/media/screenshots/0f1/0f17b7da5e213e1e39232c42919ba72a.jpg"
                },
                {
                    "id": 57938,
                    "image": "https://media.rawg.io/media/screenshots/b3f/b3f8c065855c6347b5b5b6d4e6893c7e.jpg"
                },
                {
                    "id": 57945,
                    "image": "https://media.rawg.io/media/screenshots/2b8/2b8ffbf61eb1eb314c7990a7086d95e5.jpg"
                },
                {
                    "id": 57947,
                    "image": "https://media.rawg.io/media/screenshots/7e4/7e4337fb27a42c6c04e3a331070ee27e.jpg"
                },
                {
                    "id": 621117,
                    "image": "https://media.rawg.io/media/screenshots/d95/d95aad92a2a68aa0d09fc059af9b4d9d.jpg"
                }
            ],
            "parent_platforms": [
                {
                    "platform": {
                        "id": 1,
                        "name": "PC",
                        "slug": "pc"
                    }
                },
                {
                    "platform": {
                        "id": 3,
                        "name": "Xbox",
                        "slug": "xbox"
                    }
                }
            ],
            "genres": [
                {
                    "id": 2,
                    "name": "Shooter",
                    "slug": "shooter"
                },
                {
                    "id": 4,
                    "name": "Action",
                    "slug": "action"
                }
            ]
        },
        {
            "slug": "gears-tactics",
            "name": "Gears Tactics",
            "playtime": 7,
            "platforms": [
                {
                    "platform": {
                        "id": 4,
                        "name": "PC",
                        "slug": "pc"
                    }
                },
                {
                    "platform": {
                        "id": 1,
                        "name": "Xbox One",
                        "slug": "xbox-one"
                    }
                }
            ],
            "stores": [
                {
                    "store": {
                        "id": 1,
                        "name": "Steam",
                        "slug": "steam"
                    }
                },
                {
                    "store": {
                        "id": 2,
                        "name": "Xbox Store",
                        "slug": "xbox-store"
                    }
                }
            ],
            "released": "2020-04-28",
            "tba": false,
            "background_image": "https://media.rawg.io/media/games/c36/c366f32194f488b2d04c0ec086c2cc3d.jpg",
            "rating": 3.89,
            "rating_top": 4,
            "ratings": [
                {
                    "id": 4,
                    "title": "recommended",
                    "count": 128,
                    "percent": 57.92
                },
                {
                    "id": 5,
                    "title": "exceptional",
                    "count": 45,
                    "percent": 20.36
                },
                {
                    "id": 3,
                    "title": "meh",
                    "count": 37,
                    "percent": 16.74
                },
                {
                    "id": 1,
                    "title": "skip",
                    "count": 11,
                    "percent": 4.98
                }
            ],
            "ratings_count": 214,
            "reviews_text_count": 4,
            "added": 1663,
            "added_by_status": {
                "yet": 106,
                "owned": 1187,
                "beaten": 116,
                "toplay": 140,
                "dropped": 80,
                "playing": 34
            },
            "metacritic": 81,
            "suggestions_count": 728,
            "updated": "2025-02-04T06:09:42",
            "id": 58762,
            "score": null,
            "clip": null,
            "tags": [
                {
                    "id": 31,
                    "name": "Singleplayer",
                    "slug": "singleplayer",
                    "language": "eng",
                    "games_count": 235909,
                    "image_background": "https://media.rawg.io/media/games/34b/34b1f1850a1c06fd971bc6ab3ac0ce0e.jpg"
                },
                {
                    "id": 40847,
                    "name": "Steam Achievements",
                    "slug": "steam-achievements",
                    "language": "eng",
                    "games_count": 43776,
                    "image_background": "https://media.rawg.io/media/games/490/49016e06ae2103881ff6373248843069.jpg"
                },
                {
                    "id": 40849,
                    "name": "Steam Cloud",
                    "slug": "steam-cloud",
                    "language": "eng",
                    "games_count": 21086,
                    "image_background": "https://media.rawg.io/media/games/c6b/c6bfece1daf8d06bc0a60632ac78e5bf.jpg"
                },
                {
                    "id": 42421,
                    "name": "Стратегия",
                    "slug": "strategiia",
                    "language": "rus",
                    "games_count": 21406,
                    "image_background": "https://media.rawg.io/media/games/9c4/9c47f320eb73c9a02d462e12f6206b26.jpg"
                },
                {
                    "id": 40845,
                    "name": "Partial Controller Support",
                    "slug": "partial-controller-support",
                    "language": "eng",
                    "games_count": 12803,
                    "image_background": "https://media.rawg.io/media/games/2ad/2ad87a4a69b1104f02435c14c5196095.jpg"
                },
                {
                    "id": 42491,
                    "name": "Мясо",
                    "slug": "miaso",
                    "language": "rus",
                    "games_count": 4962,
                    "image_background": "https://media.rawg.io/media/games/4fb/4fb548e4816c84d1d70f1a228fb167cc.jpg"
                },
                {
                    "id": 26,
                    "name": "Gore",
                    "slug": "gore",
                    "language": "eng",
                    "games_count": 6118,
                    "image_background": "https://media.rawg.io/media/games/511/5118aff5091cb3efec399c808f8c598f.jpg"
                },
                {
                    "id": 1,
                    "name": "Survival",
                    "slug": "survival",
                    "language": "eng",
                    "games_count": 9687,
                    "image_background": "https://media.rawg.io/media/games/b54/b54598d1d5cc31899f4f0a7e3122a7b0.jpg"
                },
                {
                    "id": 42402,
                    "name": "Насилие",
                    "slug": "nasilie",
                    "language": "rus",
                    "games_count": 6125,
                    "image_background": "https://media.rawg.io/media/games/63f/63f0e68688cad279ed38cde931dbfcdb.jpg"
                },
                {
                    "id": 34,
                    "name": "Violent",
                    "slug": "violent",
                    "language": "eng",
                    "games_count": 7163,
                    "image_background": "https://media.rawg.io/media/games/3ea/3ea3c9bbd940b6cb7f2139e42d3d443f.jpg"
                },
                {
                    "id": 42436,
                    "name": "Тактика",
                    "slug": "taktika",
                    "language": "rus",
                    "games_count": 4375,
                    "image_background": "https://media.rawg.io/media/games/1a1/1a17e9b6286edb7e1f1e510110ccb0c0.jpg"
                },
                {
                    "id": 80,
                    "name": "Tactical",
                    "slug": "tactical",
                    "language": "eng",
                    "games_count": 5748,
                    "image_background": "https://media.rawg.io/media/games/1a1/1a17e9b6286edb7e1f1e510110ccb0c0.jpg"
                },
                {
                    "id": 42424,
                    "name": "Пошаговая",
                    "slug": "poshagovaia",
                    "language": "rus",
                    "games_count": 1829,
                    "image_background": "https://media.rawg.io/media/screenshots/0a6/0a62ee096ef629d5c3c44cc4bcc8cbb5.jpg"
                },
                {
                    "id": 70,
                    "name": "War",
                    "slug": "war",
                    "language": "eng",
                    "games_count": 9671,
                    "image_background": "https://media.rawg.io/media/games/0bd/0bd5646a3d8ee0ac3314bced91ea306d.jpg"
                },
                {
                    "id": 102,
                    "name": "Turn-Based",
                    "slug": "turn-based",
                    "language": "eng",
                    "games_count": 5450,
                    "image_background": "https://media.rawg.io/media/screenshots/010/0101f021b2dc123c98969fda7e4bcd92.jpg"
                },
                {
                    "id": 40833,
                    "name": "Captions available",
                    "slug": "captions-available",
                    "language": "eng",
                    "games_count": 1428,
                    "image_background": "https://media.rawg.io/media/games/b28/b28a135fa6133e17b228f46902a4fda4.jpg"
                },
                {
                    "id": 1465,
                    "name": "combat",
                    "slug": "combat",
                    "language": "eng",
                    "games_count": 14048,
                    "image_background": "https://media.rawg.io/media/games/88a/88af17cc08783ccdd1608ae63c47eeac.jpg"
                },
                {
                    "id": 406,
                    "name": "Story",
                    "slug": "story",
                    "language": "eng",
                    "games_count": 11485,
                    "image_background": "https://media.rawg.io/media/games/1eb/1ebef06e55f756974654c35b9aedb127.jpg"
                },
                {
                    "id": 981,
                    "name": "battle",
                    "slug": "battle",
                    "language": "eng",
                    "games_count": 10679,
                    "image_background": "https://media.rawg.io/media/screenshots/7f8/7f8b58994fc420fefaa5fb9992335a11.jpg"
                },
                {
                    "id": 42546,
                    "name": "Пошаговая тактика",
                    "slug": "poshagovaia-taktika",
                    "language": "rus",
                    "games_count": 3736,
                    "image_background": "https://media.rawg.io/media/screenshots/75c/75c109a3b66c84787f137d948292c44a_DIwNRKi.jpg"
                },
                {
                    "id": 98,
                    "name": "Loot",
                    "slug": "loot",
                    "language": "eng",
                    "games_count": 2543,
                    "image_background": "https://media.rawg.io/media/screenshots/ef8/ef8201008461d1c102b6c11c4114d08e.jpg"
                },
                {
                    "id": 176,
                    "name": "Turn-Based Tactics",
                    "slug": "turn-based-tactics",
                    "language": "eng",
                    "games_count": 3602,
                    "image_background": "https://media.rawg.io/media/games/0da/0da3910a656f417ef5853381b9f97e59.jpg"
                },
                {
                    "id": 808,
                    "name": "character",
                    "slug": "character",
                    "language": "eng",
                    "games_count": 8870,
                    "image_background": "https://media.rawg.io/media/games/a8d/a8d08a70ce7a4f3263bedf5d764fc538.jpg"
                },
                {
                    "id": 1529,
                    "name": "fight",
                    "slug": "fight",
                    "language": "eng",
                    "games_count": 7904,
                    "image_background": "https://media.rawg.io/media/games/e58/e58c97f607ceafe069b80a769d021ae2.jpg"
                },
                {
                    "id": 3109,
                    "name": "weapons",
                    "slug": "weapons",
                    "language": "eng",
                    "games_count": 2280,
                    "image_background": "https://media.rawg.io/media/games/60c/60ca6f84551e6f5435d97b603a77d551.jpg"
                },
                {
                    "id": 624,
                    "name": "Monsters",
                    "slug": "monsters",
                    "language": "eng",
                    "games_count": 9629,
                    "image_background": "https://media.rawg.io/media/screenshots/525/525b5da62342fa726bfe2820e8f93c09.jpg"
                },
                {
                    "id": 2232,
                    "name": "journey",
                    "slug": "journey",
                    "language": "eng",
                    "games_count": 2089,
                    "image_background": "https://media.rawg.io/media/games/dec/decdfa154a72265cd2914097666a99d5.jpg"
                },
                {
                    "id": 2184,
                    "name": "hunt",
                    "slug": "hunt",
                    "language": "eng",
                    "games_count": 2348,
                    "image_background": "https://media.rawg.io/media/games/52b/52be96c19be0d79eeb8664e4ca2aabd5.jpg"
                },
                {
                    "id": 1105,
                    "name": "planet",
                    "slug": "planet",
                    "language": "eng",
                    "games_count": 3019,
                    "image_background": "https://media.rawg.io/media/games/c30/c304b2c132f6bc1b6bcec5b03417a005.jpg"
                },
                {
                    "id": 5777,
                    "name": "pack",
                    "slug": "pack",
                    "language": "eng",
                    "games_count": 2697,
                    "image_background": "https://media.rawg.io/media/games/708/7080e6c87e0825cb02888bf3c44b3889.jpg"
                },
                {
                    "id": 8234,
                    "name": "fall",
                    "slug": "fall",
                    "language": "eng",
                    "games_count": 3542,
                    "image_background": "https://media.rawg.io/media/games/f2f/f2fdc4c16129ec0a594955d558098d1f.jpg"
                },
                {
                    "id": 3803,
                    "name": "boss",
                    "slug": "boss",
                    "language": "eng",
                    "games_count": 3108,
                    "image_background": "https://media.rawg.io/media/games/312/3121ba5c3d5fbe8b747475099f3e63b8.jpg"
                },
                {
                    "id": 3103,
                    "name": "evil",
                    "slug": "evil",
                    "language": "eng",
                    "games_count": 1316,
                    "image_background": "https://media.rawg.io/media/screenshots/c92/c9257055d2d63a69fb74b722161f6f71.jpg"
                },
                {
                    "id": 3786,
                    "name": "sacrifice",
                    "slug": "sacrifice",
                    "language": "eng",
                    "games_count": 334,
                    "image_background": "https://media.rawg.io/media/screenshots/edc/edcd951b0e5af582d3fe93e4e9ebfa58.jpg"
                },
                {
                    "id": 749,
                    "name": "army",
                    "slug": "army",
                    "language": "eng",
                    "games_count": 630,
                    "image_background": "https://media.rawg.io/media/screenshots/e8c/e8cc165f42c87b15ff5497e3fbaa37f9.jpg"
                }
            ],
            "esrb_rating": {
                "id": 5,
                "name": "Adults Only",
                "slug": "adults-only",
                "name_en": "Adults Only",
                "name_ru": "Только для взрослых"
            },
            "user_game": null,
            "reviews_count": 221,
            "saturated_color": "0f0f0f",
            "dominant_color": "0f0f0f",
            "short_screenshots": [
                {
                    "id": -1,
                    "image": "https://media.rawg.io/media/games/c36/c366f32194f488b2d04c0ec086c2cc3d.jpg"
                },
                {
                    "id": 2538179,
                    "image": "https://media.rawg.io/media/screenshots/a27/a2735550053a339b59346df0f100e193.jpg"
                },
                {
                    "id": 2538180,
                    "image": "https://media.rawg.io/media/screenshots/1c2/1c233f11db75321901d57e78dc5f399f.jpg"
                },
                {
                    "id": 2538181,
                    "image": "https://media.rawg.io/media/screenshots/be8/be8487b87b9f0042c11d70b1aedd310f.jpg"
                },
                {
                    "id": 2538182,
                    "image": "https://media.rawg.io/media/screenshots/a07/a07ef9b73272dde323dd8c99ee953794.jpg"
                },
                {
                    "id": 2538183,
                    "image": "https://media.rawg.io/media/screenshots/283/283b6266c343f1a0d387213e53c8872e.jpg"
                },
                {
                    "id": 2538184,
                    "image": "https://media.rawg.io/media/screenshots/619/619294941c4707306d34911b60b4a230.jpg"
                }
            ],
            "parent_platforms": [
                {
                    "platform": {
                        "id": 1,
                        "name": "PC",
                        "slug": "pc"
                    }
                },
                {
                    "platform": {
                        "id": 3,
                        "name": "Xbox",
                        "slug": "xbox"
                    }
                }
            ],
            "genres": [
                {
                    "id": 10,
                    "name": "Strategy",
                    "slug": "strategy"
                }
            ]
        },
        {
            "slug": "gears-5-hivebusters",
            "name": "Gears 5: Hivebusters",
            "playtime": 0,
            "platforms": [
                {
                    "platform": {
                        "id": 4,
                        "name": "PC",
                        "slug": "pc"
                    }
                },
                {
                    "platform": {
                        "id": 1,
                        "name": "Xbox One",
                        "slug": "xbox-one"
                    }
                },
                {
                    "platform": {
                        "id": 186,
                        "name": "Xbox Series S/X",
                        "slug": "xbox-series-x"
                    }
                }
            ],
            "stores": [
                {
                    "store": {
                        "id": 1,
                        "name": "Steam",
                        "slug": "steam"
                    }
                },
                {
                    "store": {
                        "id": 2,
                        "name": "Xbox Store",
                        "slug": "xbox-store"
                    }
                }
            ],
            "released": "2020-12-15",
            "tba": false,
            "background_image": "https://media.rawg.io/media/games/89e/89e871fdee230faa9c512b0bcd9c8993.jpg",
            "rating": 3.85,
            "rating_top": 4,
            "ratings": [
                {
                    "id": 4,
                    "title": "recommended",
                    "count": 31,
                    "percent": 67.39
                },
                {
                    "id": 5,
                    "title": "exceptional",
                    "count": 7,
                    "percent": 15.22
                },
                {
                    "id": 3,
                    "title": "meh",
                    "count": 5,
                    "percent": 10.87
                },
                {
                    "id": 1,
                    "title": "skip",
                    "count": 3,
                    "percent": 6.52
                }
            ],
            "ratings_count": 46,
            "reviews_text_count": 0,
            "added": 116,
            "added_by_status": {
                "yet": 11,
                "owned": 14,
                "beaten": 57,
                "toplay": 30,
                "dropped": 3,
                "playing": 1
            },
            "metacritic": 82,
            "suggestions_count": 335,
            "updated": "2024-10-28T17:31:55",
            "id": 534163,
            "score": null,
            "clip": null,
            "tags": [],
            "esrb_rating": {
                "id": 5,
                "name": "Adults Only",
                "slug": "adults-only",
                "name_en": "Adults Only",
                "name_ru": "Только для взрослых"
            },
            "user_game": null,
            "reviews_count": 46,
            "saturated_color": "0f0f0f",
            "dominant_color": "0f0f0f",
            "short_screenshots": [
                {
                    "id": -1,
                    "image": "https://media.rawg.io/media/games/89e/89e871fdee230faa9c512b0bcd9c8993.jpg"
                },
                {
                    "id": 2643819,
                    "image": "https://media.rawg.io/media/screenshots/1f5/1f546024012766dd0187e6f44bbbfd58.jpg"
                },
                {
                    "id": 2654976,
                    "image": "https://media.rawg.io/media/screenshots/2f6/2f60897571bd1d9c9abedf744d49122f.jpg"
                },
                {
                    "id": 2654977,
                    "image": "https://media.rawg.io/media/screenshots/d41/d41c647e5e75869e66fecd00c9276b00.jpg"
                },
                {
                    "id": 2654978,
                    "image": "https://media.rawg.io/media/screenshots/c40/c40935315bd950c281b116817b7a1e4a.jpg"
                },
                {
                    "id": 2654979,
                    "image": "https://media.rawg.io/media/screenshots/7ac/7ac8c4c1db2bf150ceb48bfc8eb8052b.jpg"
                }
            ],
            "parent_platforms": [
                {
                    "platform": {
                        "id": 1,
                        "name": "PC",
                        "slug": "pc"
                    }
                },
                {
                    "platform": {
                        "id": 3,
                        "name": "Xbox",
                        "slug": "xbox"
                    }
                }
            ],
            "genres": [
                {
                    "id": 2,
                    "name": "Shooter",
                    "slug": "shooter"
                },
                {
                    "id": 4,
                    "name": "Action",
                    "slug": "action"
                }
            ]
        },
        {
            "slug": "gears-of-war-e-day",
            "name": "Gears of War: E-Day",
            "playtime": 0,
            "platforms": [
                {
                    "platform": {
                        "id": 4,
                        "name": "PC",
                        "slug": "pc"
                    }
                },
                {
                    "platform": {
                        "id": 186,
                        "name": "Xbox Series S/X",
                        "slug": "xbox-series-x"
                    }
                }
            ],
            "stores": [
                {
                    "store": {
                        "id": 1,
                        "name": "Steam",
                        "slug": "steam"
                    }
                }
            ],
            "released": null,
            "tba": true,
            "background_image": "https://media.rawg.io/media/screenshots/2dd/2ddacaf4a439076f390beaca74707bcb.jpg",
            "rating": 0.0,
            "rating_top": 0,
            "ratings": [
                {
                    "id": 4,
                    "title": "recommended",
                    "count": 1,
                    "percent": 100.0
                }
            ],
            "ratings_count": 1,
            "reviews_text_count": 0,
            "added": 18,
            "added_by_status": {
                "yet": 4,
                "owned": 2,
                "toplay": 12
            },
            "metacritic": null,
            "suggestions_count": 63,
            "updated": "2025-01-05T15:25:20",
            "id": 983213,
            "score": null,
            "clip": null,
            "tags": [],
            "esrb_rating": null,
            "user_game": null,
            "reviews_count": 1,
            "community_rating": 0,
            "saturated_color": "0f0f0f",
            "dominant_color": "0f0f0f",
            "short_screenshots": [
                {
                    "id": -1,
                    "image": "https://media.rawg.io/media/screenshots/2dd/2ddacaf4a439076f390beaca74707bcb.jpg"
                },
                {
                    "id": 4052560,
                    "image": "https://media.rawg.io/media/screenshots/2dd/2ddacaf4a439076f390beaca74707bcb.jpg"
                }
            ],
            "parent_platforms": [
                {
                    "platform": {
                        "id": 1,
                        "name": "PC",
                        "slug": "pc"
                    }
                },
                {
                    "platform": {
                        "id": 3,
                        "name": "Xbox",
                        "slug": "xbox"
                    }
                }
            ],
            "genres": [
                {
                    "id": 3,
                    "name": "Adventure",
                    "slug": "adventure"
                },
                {
                    "id": 4,
                    "name": "Action",
                    "slug": "action"
                }
            ]
        }
    ],
    "user_platforms": false
}