{
    "count": 8,
    "next": null,
    "previous": null,
    "results": [
        {
            "slug": "forza-motorsport-7",
            "name": "Forza Motorsport 7",
            "playtime": 0,
            "platforms": [
                {
                    "platform": {
                        "id": 4,
                        "name": "PC",
                        "slug": "pc"
                    }
                },
                {
                    "platform": {
                        "id": 1,
                        "name": "Xbox One",
                        "slug": "xbox-one"
                    }
                }
            ],
            "stores": [
                {
                    "store": {
                        "id": 2,
                        "name": "Xbox Store",
                        "slug": "xbox-store"
                    }
                }
            ],
            "released": "2017-10-03",
            "tba": false,
            "background_image": "https://media.rawg.io/media/games/2ff/2ffc64e3c5569e29627aeb8b8637d693.jpg",
            "rating": 4.06,
            "rating_top": 4,
            "ratings": [
                {
                    "id": 4,
                    "title": "recommended",
                    "count": 140,
                    "percent": 49.47
                },
                {
                    "id": 5,
                    "title": "exceptional",
                    "count": 88,
                    "percent": 31.1
                },
                {
                    "id": 3,
                    "title": "meh",
                    "count": 47,
                    "percent": 16.61
                },
                {
                    "id": 1,
                    "title": "skip",
                    "count": 8,
                    "percent": 2.83
                }
            ],
            "ratings_count": 282,
            "reviews_text_count": 1,
            "added": 1424,
            "added_by_status": {
                "yet": 39,
                "owned": 1094,
                "beaten": 75,
                "toplay": 46,
                "dropped": 125,
                "playing": 45
            },
            "metacritic": 84,
            "suggestions_count": 467,
            "updated": "2025-01-17T21:40:55",
            "id": 28203,
            "score": null,
            "clip": null,
            "tags": [
                {
                    "id": 7,
                    "name": "Multiplayer",
                    "slug": "multiplayer",
                    "language": "eng",
                    "games_count": 40195,
                    "image_background": "https://media.rawg.io/media/games/6c5/6c55e22185876626881b76c11922b073.jpg"
                },
                {
                    "id": 37796,
                    "name": "exclusive",
                    "slug": "exclusive",
                    "language": "eng",
                    "games_count": 4491,
                    "image_background": "https://media.rawg.io/media/games/f24/f2493ea338fe7bd3c7d73750a85a0959.jpeg"
                },
                {
                    "id": 1497,
                    "name": "car",
                    "slug": "car",
                    "language": "eng",
                    "games_count": 7464,
                    "image_background": "https://media.rawg.io/media/games/2b6/2b6806f039c1345a0f61894eaa5f3414.jpg"
                },
                {
                    "id": 48354,
                    "name": "w10 exclusive",
                    "slug": "w10-exclusive",
                    "language": "eng",
                    "games_count": 9,
                    "image_background": "https://media.rawg.io/media/games/079/079175933a50b2bf202edd6aa17be19c.jpg"
                }
            ],
            "esrb_rating": {
                "id": 1,
                "name": "Everyone",
                "slug": "everyone",
                "name_en": "Everyone",
                "name_ru": "Для всех"
            },
            "user_game": null,
            "reviews_count": 283,
            "saturated_color": "0f0f0f",
            "dominant_color": "0f0f0f",
            "short_screenshots": [
                {
                    "id": -1,
                    "image": "https://media.rawg.io/media/games/2ff/2ffc64e3c5569e29627aeb8b8637d693.jpg"
                },
                {
                    "id": 286916,
                    "image": "https://media.rawg.io/media/screenshots/5f1/5f1b936257fa3eca8bc2c3134e3bc351.jpg"
                },
                {
                    "id": 269765,
                    "image": "https://media.rawg.io/media/screenshots/e15/e15316ac78c1ace114afaa8bfddb168e.jpg"
                },
                {
                    "id": 269766,
                    "image": "https://media.rawg.io/media/screenshots/52c/52c6f73ea5a4b9e2aec3988b5ed34a6d.jpg"
                },
                {
                    "id": 269767,
                    "image": "https://media.rawg.io/media/screenshots/329/3297aaadb9b805baccb99944d87899fa.jpg"
                },
                {
                    "id": 269768,
                    "image": "https://media.rawg.io/media/screenshots/67f/67f4ea5fd8d37722fbd5cc76f9655f0b.jpg"
                },
                {
                    "id": 269769,
                    "image": "https://media.rawg.io/media/screenshots/014/01456d55b4524121db154cb10dd2a191.jpg"
                }
            ],
            "parent_platforms": [
                {
                    "platform": {
                        "id": 1,
                        "name": "PC",
                        "slug": "pc"
                    }
                },
                {
                    "platform": {
                        "id": 3,
                        "name": "Xbox",
                        "slug": "xbox"
                    }
                }
            ],
            "genres": [
                {
                    "id": 1,
                    "name": "Racing",
                    "slug": "racing"
                }
            ]
        },
        {
            "slug": "forza-motorsport-6",
            "name": "Forza Motorsport 6",
            "playtime": 0,
            "platforms": [
                {
                    "platform": {
                        "id": 4,
                        "name": "PC",
                        "slug": "pc"
                    }
                },
                {
                    "platform": {
                        "id": 1,
                        "name": "Xbox One",
                        "slug": "xbox-one"
                    }
                }
            ],
            "stores": [
                {
                    "store": {
                        "id": 2,
                        "name": "Xbox Store",
                        "slug": "xbox-store"
                    }
                }
            ],
            "released": "2015-09-15",
            "tba": false,
            "background_image": "https://media.rawg.io/media/games/bd4/bd4ab8c94e52fb6d2da185ecca8f6c45.jpg",
            "rating": 4.01,
            "rating_top": 4,
            "ratings": [
                {
                    "id": 4,
                    "title": "recommended",
                    "count": 96,
                    "percent": 57.83
                },
                {
                    "id": 5,
                    "title": "exceptional",
                    "count": 40,
                    "percent": 24.1
                },
                {
                    "id": 3,
                    "title": "meh",
                    "count": 26,
                    "percent": 15.66
                },
                {
                    "id": 1,
                    "title": "skip",
                    "count": 4,
                    "percent": 2.41
                }
            ],
            "ratings_count": 166,
            "reviews_text_count": 0,
            "added": 986,
            "added_by_status": {
                "yet": 28,
                "owned": 796,
                "beaten": 59,
                "toplay": 17,
                "dropped": 76,
                "playing": 10
            },
            "metacritic": 87,
            "suggestions_count": 369,
            "updated": "2025-01-05T15:29:51",
            "id": 8098,
            "score": null,
            "clip": null,
            "tags": [
                {
                    "id": 7,
                    "name": "Multiplayer",
                    "slug": "multiplayer",
                    "language": "eng",
                    "games_count": 39945,
                    "image_background": "https://media.rawg.io/media/games/8cc/8cce7c0e99dcc43d66c8efd42f9d03e3.jpg"
                },
                {
                    "id": 37796,
                    "name": "exclusive",
                    "slug": "exclusive",
                    "language": "eng",
                    "games_count": 4491,
                    "image_background": "https://media.rawg.io/media/games/f24/f2493ea338fe7bd3c7d73750a85a0959.jpeg"
                },
                {
                    "id": 151,
                    "name": "Modern",
                    "slug": "modern",
                    "language": "eng",
                    "games_count": 1867,
                    "image_background": "https://media.rawg.io/media/games/081/081a4ed8d38ae678cf79b60491d2da2b.jpg"
                },
                {
                    "id": 1632,
                    "name": "cars",
                    "slug": "cars",
                    "language": "eng",
                    "games_count": 5833,
                    "image_background": "https://media.rawg.io/media/games/9de/9de9d9c51e2867486222a7b3e0fb6062.jpg"
                },
                {
                    "id": 16391,
                    "name": "tracks",
                    "slug": "tracks",
                    "language": "eng",
                    "games_count": 14,
                    "image_background": "https://media.rawg.io/media/screenshots/83c/83c0b62ba783db72cfa6f3c204a5fa28.jpg"
                }
            ],
            "esrb_rating": null,
            "user_game": null,
            "reviews_count": 166,
            "saturated_color": "0f0f0f",
            "dominant_color": "0f0f0f",
            "short_screenshots": [
                {
                    "id": -1,
                    "image": "https://media.rawg.io/media/games/bd4/bd4ab8c94e52fb6d2da185ecca8f6c45.jpg"
                },
                {
                    "id": 56166,
                    "image": "https://media.rawg.io/media/screenshots/917/91755ede896f76374516960f06031294.jpg"
                },
                {
                    "id": 56168,
                    "image": "https://media.rawg.io/media/screenshots/b23/b2367fe0b59f6315d3122db63ba6a951.jpg"
                },
                {
                    "id": 56170,
                    "image": "https://media.rawg.io/media/screenshots/857/8577fef281227266f32b39eca299c96e.jpg"
                },
                {
                    "id": 214974,
                    "image": "https://media.rawg.io/media/screenshots/655/6559b475d0a83ec65f6804639b6df208.jpg"
                },
                {
                    "id": 214975,
                    "image": "https://media.rawg.io/media/screenshots/f84/f841beb5434accc00f8b9b88e5f612a9.jpg"
                },
                {
                    "id": 214976,
                    "image": "https://media.rawg.io/media/screenshots/c69/c6996f542e5092367caa9fd0230160ba.jpg"
                }
            ],
            "parent_platforms": [
                {
                    "platform": {
                        "id": 1,
                        "name": "PC",
                        "slug": "pc"
                    }
                },
                {
                    "platform": {
                        "id": 3,
                        "name": "Xbox",
                        "slug": "xbox"
                    }
                }
            ],
            "genres": [
                {
                    "id": 1,
                    "name": "Racing",
                    "slug": "racing"
                }
            ]
        },
        {
            "slug": "forza-motorsport-4",
            "name": "Forza Motorsport 4",
            "playtime": 65,
            "platforms": [
                {
                    "platform": {
                        "id": 14,
                        "name": "Xbox 360",
                        "slug": "xbox360"
                    }
                }
            ],
            "stores": [
                {
                    "store": {
                        "id": 7,
                        "name": "Xbox 360 Store",
                        "slug": "xbox360"
                    }
                }
            ],
            "released": "2011-01-03",
            "tba": false,
            "background_image": "https://media.rawg.io/media/games/609/6093bea01151a43078264e33e91bbf83.jpg",
            "rating": 3.91,
            "rating_top": 4,
            "ratings": [
                {
                    "id": 4,
                    "title": "recommended",
                    "count": 98,
                    "percent": 56.0
                },
                {
                    "id": 5,
                    "title": "exceptional",
                    "count": 42,
                    "percent": 24.0
                },
                {
                    "id": 3,
                    "title": "meh",
                    "count": 24,
                    "percent": 13.71
                },
                {
                    "id": 1,
                    "title": "skip",
                    "count": 11,
                    "percent": 6.29
                }
            ],
            "ratings_count": 174,
            "reviews_text_count": 1,
            "added": 934,
            "added_by_status": {
                "yet": 23,
                "owned": 728,
                "beaten": 78,
                "toplay": 14,
                "dropped": 83,
                "playing": 8
            },
            "metacritic": 91,
            "suggestions_count": 387,
            "updated": "2025-01-05T15:30:02",
            "id": 28460,
            "score": null,
            "clip": null,
            "tags": [
                {
                    "id": 31,
                    "name": "Singleplayer",
                    "slug": "singleplayer",
                    "language": "eng",
                    "games_count": 235265,
                    "image_background": "https://media.rawg.io/media/games/f87/f87457e8347484033cb34cde6101d08d.jpg"
                },
                {
                    "id": 8,
                    "name": "First-Person",
                    "slug": "first-person",
                    "language": "eng",
                    "games_count": 34068,
                    "image_background": "https://media.rawg.io/media/games/736/73619bd336c894d6941d926bfd563946.jpg"
                },
                {
                    "id": 397,
                    "name": "Online multiplayer",
                    "slug": "online-multiplayer",
                    "language": "eng",
                    "games_count": 3804,
                    "image_background": "https://media.rawg.io/media/games/424/424facd40f4eb1f2794fe4b4bb28a277.jpg"
                },
                {
                    "id": 37796,
                    "name": "exclusive",
                    "slug": "exclusive",
                    "language": "eng",
                    "games_count": 4491,
                    "image_background": "https://media.rawg.io/media/games/f24/f2493ea338fe7bd3c7d73750a85a0959.jpeg"
                },
                {
                    "id": 77,
                    "name": "Realistic",
                    "slug": "realistic",
                    "language": "eng",
                    "games_count": 7268,
                    "image_background": "https://media.rawg.io/media/games/b34/b3419c2706f8f8dbe40d08e23642ad06.jpg"
                },
                {
                    "id": 37797,
                    "name": "true exclusive",
                    "slug": "true-exclusive",
                    "language": "eng",
                    "games_count": 3980,
                    "image_background": "https://media.rawg.io/media/games/4be/4be6a6ad0364751a96229c56bf69be59.jpg"
                },
                {
                    "id": 130,
                    "name": "Driving",
                    "slug": "driving",
                    "language": "eng",
                    "games_count": 5311,
                    "image_background": "https://media.rawg.io/media/games/9f1/9f1891779cb20f44de93cef33b067e50.jpg"
                },
                {
                    "id": 478,
                    "name": "3rd-Person Perspective",
                    "slug": "3rd-person-perspective",
                    "language": "eng",
                    "games_count": 87,
                    "image_background": "https://media.rawg.io/media/games/21c/21cc15d233117c6809ec86870559e105.jpg"
                }
            ],
            "esrb_rating": {
                "id": 1,
                "name": "Everyone",
                "slug": "everyone",
                "name_en": "Everyone",
                "name_ru": "Для всех"
            },
            "user_game": null,
            "reviews_count": 175,
            "saturated_color": "0f0f0f",
            "dominant_color": "0f0f0f",
            "short_screenshots": [
                {
                    "id": -1,
                    "image": "https://media.rawg.io/media/games/609/6093bea01151a43078264e33e91bbf83.jpg"
                },
                {
                    "id": 2021177,
                    "image": "https://media.rawg.io/media/screenshots/157/15748c75936a180d17b35457fcf19854.jpg"
                },
                {
                    "id": 2021178,
                    "image": "https://media.rawg.io/media/screenshots/68f/68f908fc6fa03193107a70a06b5a364b.jpg"
                },
                {
                    "id": 2021180,
                    "image": "https://media.rawg.io/media/screenshots/1be/1beaedd3dac6276194fe966051617a70.jpg"
                },
                {
                    "id": 2021181,
                    "image": "https://media.rawg.io/media/screenshots/766/766adff5b8e16368a27335a88ed5934b.jpg"
                },
                {
                    "id": 274570,
                    "image": "https://media.rawg.io/media/screenshots/f6a/f6a242297ce137f2a7ed4eeb59940749.jpg"
                },
                {
                    "id": 274571,
                    "image": "https://media.rawg.io/media/screenshots/694/694ce712e8087aef8d6453057f9e97ab.jpg"
                }
            ],
            "parent_platforms": [
                {
                    "platform": {
                        "id": 3,
                        "name": "Xbox",
                        "slug": "xbox"
                    }
                }
            ],
            "genres": [
                {
                    "id": 1,
                    "name": "Racing",
                    "slug": "racing"
                }
            ]
        },
        {
            "slug": "forza-motorsport-3",
            "name": "Forza Motorsport 3",
            "playtime": 16,
            "platforms": [
                {
                    "platform": {
                        "id": 14,
                        "name": "Xbox 360",
                        "slug": "xbox360"
                    }
                }
            ],
            "stores": [
                {
                    "store": {
                        "id": 7,
                        "name": "Xbox 360 Store",
                        "slug": "xbox360"
                    }
                }
            ],
            "released": "2009-10-22",
            "tba": false,
            "background_image": "https://media.rawg.io/media/games/283/28305d39eacde0458b87e30a467e5d8d.jpg",
            "rating": 3.83,
            "rating_top": 4,
            "ratings": [
                {
                    "id": 4,
                    "title": "recommended",
                    "count": 91,
                    "percent": 61.07
                },
                {
                    "id": 5,
                    "title": "exceptional",
                    "count": 25,
                    "percent": 16.78
                },
                {
                    "id": 3,
                    "title": "meh",
                    "count": 24,
                    "percent": 16.11
                },
                {
                    "id": 1,
                    "title": "skip",
                    "count": 9,
                    "percent": 6.04
                }
            ],
            "ratings_count": 149,
            "reviews_text_count": 0,
            "added": 1015,
            "added_by_status": {
                "yet": 23,
                "owned": 808,
                "beaten": 81,
                "toplay": 13,
                "dropped": 85,
                "playing": 5
            },
            "metacritic": 92,
            "suggestions_count": 359,
            "updated": "2025-01-25T07:07:04",
            "id": 29131,
            "score": null,
            "clip": null,
            "tags": [
                {
                    "id": 31,
                    "name": "Singleplayer",
                    "slug": "singleplayer",
                    "language": "eng",
                    "games_count": 234049,
                    "image_background": "https://media.rawg.io/media/games/587/587588c64afbff80e6f444eb2e46f9da.jpg"
                },
                {
                    "id": 397,
                    "name": "Online multiplayer",
                    "slug": "online-multiplayer",
                    "language": "eng",
                    "games_count": 3804,
                    "image_background": "https://media.rawg.io/media/games/5eb/5eb49eb2fa0738fdb5bacea557b1bc57.jpg"
                },
                {
                    "id": 37796,
                    "name": "exclusive",
                    "slug": "exclusive",
                    "language": "eng",
                    "games_count": 4491,
                    "image_background": "https://media.rawg.io/media/games/f24/f2493ea338fe7bd3c7d73750a85a0959.jpeg"
                },
                {
                    "id": 77,
                    "name": "Realistic",
                    "slug": "realistic",
                    "language": "eng",
                    "games_count": 7120,
                    "image_background": "https://media.rawg.io/media/screenshots/ca8/ca840f2a8ebfc74aac1688367dc1f903.jpg"
                },
                {
                    "id": 37797,
                    "name": "true exclusive",
                    "slug": "true-exclusive",
                    "language": "eng",
                    "games_count": 3980,
                    "image_background": "https://media.rawg.io/media/screenshots/0f5/0f585fa72f534f62f9e5da051179f5de.jpg"
                },
                {
                    "id": 130,
                    "name": "Driving",
                    "slug": "driving",
                    "language": "eng",
                    "games_count": 5278,
                    "image_background": "https://media.rawg.io/media/games/345/3452d9d4483686c602372e0e6b3bb4cc.jpg"
                }
            ],
            "esrb_rating": {
                "id": 1,
                "name": "Everyone",
                "slug": "everyone",
                "name_en": "Everyone",
                "name_ru": "Для всех"
            },
            "user_game": null,
            "reviews_count": 149,
            "saturated_color": "0f0f0f",
            "dominant_color": "0f0f0f",
            "short_screenshots": [
                {
                    "id": -1,
                    "image": "https://media.rawg.io/media/games/283/28305d39eacde0458b87e30a467e5d8d.jpg"
                },
                {
                    "id": 2021168,
                    "image": "https://media.rawg.io/media/screenshots/425/425bdf31dfdd4c02ef56dda22acdf38a.jpg"
                },
                {
                    "id": 2021169,
                    "image": "https://media.rawg.io/media/screenshots/505/505b8e9691d184713a84e09bfcec3b18.jpg"
                },
                {
                    "id": 2021170,
                    "image": "https://media.rawg.io/media/screenshots/f96/f9625c722036330d61e4639e19d9ef61.jpg"
                },
                {
                    "id": 2021171,
                    "image": "https://media.rawg.io/media/screenshots/435/435ec4290f74330f6c19d23544161ceb.jpg"
                },
                {
                    "id": 285798,
                    "image": "https://media.rawg.io/media/screenshots/c47/c4765fde4c3684fa9cac30fd67545df2.jpg"
                },
                {
                    "id": 285799,
                    "image": "https://media.rawg.io/media/screenshots/e1b/e1b8d2a1df9858dcddf4192891477e67.jpg"
                }
            ],
            "parent_platforms": [
                {
                    "platform": {
                        "id": 3,
                        "name": "Xbox",
                        "slug": "xbox"
                    }
                }
            ],
            "genres": [
                {
                    "id": 1,
                    "name": "Racing",
                    "slug": "racing"
                }
            ]
        },
        {
            "slug": "forza-motorsport-6-apex",
            "name": "Forza Motorsport 6: Apex",
            "playtime": 0,
            "platforms": [
                {
                    "platform": {
                        "id": 4,
                        "name": "PC",
                        "slug": "pc"
                    }
                }
            ],
            "stores": [
                {
                    "store": {
                        "id": 2,
                        "name": "Xbox Store",
                        "slug": "xbox-store"
                    }
                }
            ],
            "released": "2016-05-05",
            "tba": false,
            "background_image": "https://media.rawg.io/media/games/e2e/e2eaa67a7648997e9775e54948e5ac99.jpg",
            "rating": 3.8,
            "rating_top": 4,
            "ratings": [
                {
                    "id": 4,
                    "title": "recommended",
                    "count": 6,
                    "percent": 60.0
                },
                {
                    "id": 5,
                    "title": "exceptional",
                    "count": 2,
                    "percent": 20.0
                },
                {
                    "id": 3,
                    "title": "meh",
                    "count": 1,
                    "percent": 10.0
                },
                {
                    "id": 1,
                    "title": "skip",
                    "count": 1,
                    "percent": 10.0
                }
            ],
            "ratings_count": 10,
            "reviews_text_count": 0,
            "added": 26,
            "added_by_status": {
                "yet": 2,
                "owned": 5,
                "beaten": 8,
                "toplay": 4,
                "dropped": 6,
                "playing": 1
            },
            "metacritic": null,
            "suggestions_count": 272,
            "updated": "2022-02-02T01:34:54",
            "id": 318354,
            "score": null,
            "clip": null,
            "tags": [
                {
                    "id": 114,
                    "name": "Physics",
                    "slug": "physics",
                    "language": "eng",
                    "games_count": 20151,
                    "image_background": "https://media.rawg.io/media/games/998/9980c4296f311d8bcc5b451ca51e4fe1.jpg"
                },
                {
                    "id": 1407,
                    "name": "race",
                    "slug": "race",
                    "language": "eng",
                    "games_count": 6790,
                    "image_background": "https://media.rawg.io/media/games/586/5862351f30cfe0b4e11e48916c8cff71.jpg"
                },
                {
                    "id": 1302,
                    "name": "windows",
                    "slug": "windows",
                    "language": "eng",
                    "games_count": 3174,
                    "image_background": "https://media.rawg.io/media/screenshots/a97/a97494c1815252ff4116e630b15b9fbe.jpg"
                }
            ],
            "esrb_rating": {
                "id": 1,
                "name": "Everyone",
                "slug": "everyone",
                "name_en": "Everyone",
                "name_ru": "Для всех"
            },
            "user_game": null,
            "reviews_count": 10,
            "saturated_color": "0f0f0f",
            "dominant_color": "0f0f0f",
            "short_screenshots": [
                {
                    "id": -1,
                    "image": "https://media.rawg.io/media/games/e2e/e2eaa67a7648997e9775e54948e5ac99.jpg"
                },
                {
                    "id": 3220347,
                    "image": "https://media.rawg.io/media/screenshots/eed/eed598a54476d85a19ab76cb8c39d4d4.jpg"
                },
                {
                    "id": 3220348,
                    "image": "https://media.rawg.io/media/screenshots/a98/a980cc3ec3539b5097da1b74a992f1aa.jpg"
                },
                {
                    "id": 3220349,
                    "image": "https://media.rawg.io/media/screenshots/3ee/3eec2c4c977a59365ca817ab2284d8c7.jpg"
                },
                {
                    "id": 3220350,
                    "image": "https://media.rawg.io/media/screenshots/034/034ceac84342bb41f5bb6088dab506d0.jpg"
                },
                {
                    "id": 3220351,
                    "image": "https://media.rawg.io/media/screenshots/efa/efae58ad0c8a26911fb97bd53a6b3405.jpg"
                },
                {
                    "id": 3220352,
                    "image": "https://media.rawg.io/media/screenshots/dc1/dc1f821cf6863d57810fe77d31440917.jpg"
                }
            ],
            "parent_platforms": [
                {
                    "platform": {
                        "id": 1,
                        "name": "PC",
                        "slug": "pc"
                    }
                }
            ],
            "genres": [
                {
                    "id": 1,
                    "name": "Racing",
                    "slug": "racing"
                }
            ]
        },
        {
            "slug": "forza-motorsport",
            "name": "Forza Motorsport (2005)",
            "playtime": 27,
            "platforms": [
                {
                    "platform": {
                        "id": 4,
                        "name": "PC",
                        "slug": "pc"
                    }
                },
                {
                    "platform": {
                        "id": 80,
                        "name": "Xbox",
                        "slug": "xbox-old"
                    }
                }
            ],
            "stores": [
                {
                    "store": {
                        "id": 1,
                        "name": "Steam",
                        "slug": "steam"
                    }
                }
            ],
            "released": "2005-05-03",
            "tba": false,
            "background_image": "https://media.rawg.io/media/games/ae9/ae9e6138ec47798de07b158a36dadd19.jpeg",
            "rating": 3.71,
            "rating_top": 4,
            "ratings": [
                {
                    "id": 4,
                    "title": "recommended",
                    "count": 8,
                    "percent": 47.06
                },
                {
                    "id": 3,
                    "title": "meh",
                    "count": 5,
                    "percent": 29.41
                },
                {
                    "id": 5,
                    "title": "exceptional",
                    "count": 3,
                    "percent": 17.65
                },
                {
                    "id": 1,
                    "title": "skip",
                    "count": 1,
                    "percent": 5.88
                }
            ],
            "ratings_count": 16,
            "reviews_text_count": 0,
            "added": 96,
            "added_by_status": {
                "yet": 12,
                "owned": 53,
                "beaten": 11,
                "toplay": 12,
                "dropped": 7,
                "playing": 1
            },
            "metacritic": 92,
            "suggestions_count": 142,
            "updated": "2025-03-17T16:15:49",
            "id": 316819,
            "score": null,
            "clip": null,
            "tags": [
                {
                    "id": 31,
                    "name": "Singleplayer",
                    "slug": "singleplayer",
                    "language": "eng",
                    "games_count": 236808,
                    "image_background": "https://media.rawg.io/media/games/4be/4be6a6ad0364751a96229c56bf69be59.jpg"
                },
                {
                    "id": 42396,
                    "name": "Для одного игрока",
                    "slug": "dlia-odnogo-igroka",
                    "language": "rus",
                    "games_count": 59339,
                    "image_background": "https://media.rawg.io/media/games/49c/49c3dfa4ce2f6f140cc4825868e858cb.jpg"
                },
                {
                    "id": 40847,
                    "name": "Steam Achievements",
                    "slug": "steam-achievements",
                    "language": "eng",
                    "games_count": 44261,
                    "image_background": "https://media.rawg.io/media/games/b8c/b8c243eaa0fbac8115e0cdccac3f91dc.jpg"
                },
                {
                    "id": 7,
                    "name": "Multiplayer",
                    "slug": "multiplayer",
                    "language": "eng",
                    "games_count": 40265,
                    "image_background": "https://media.rawg.io/media/games/021/021c4e21a1824d2526f925eff6324653.jpg"
                },
                {
                    "id": 40836,
                    "name": "Full controller support",
                    "slug": "full-controller-support",
                    "language": "eng",
                    "games_count": 20885,
                    "image_background": "https://media.rawg.io/media/games/562/562553814dd54e001a541e4ee83a591c.jpg"
                },
                {
                    "id": 42425,
                    "name": "Для нескольких игроков",
                    "slug": "dlia-neskolkikh-igrokov",
                    "language": "rus",
                    "games_count": 11352,
                    "image_background": "https://media.rawg.io/media/games/157/15742f2f67eacff546738e1ab5c19d20.jpg"
                },
                {
                    "id": 42429,
                    "name": "От первого лица",
                    "slug": "ot-pervogo-litsa",
                    "language": "rus",
                    "games_count": 13462,
                    "image_background": "https://media.rawg.io/media/games/b8c/b8c243eaa0fbac8115e0cdccac3f91dc.jpg"
                },
                {
                    "id": 8,
                    "name": "First-Person",
                    "slug": "first-person",
                    "language": "eng",
                    "games_count": 34382,
                    "image_background": "https://media.rawg.io/media/games/2ba/2bac0e87cf45e5b508f227d281c9252a.jpg"
                },
                {
                    "id": 42441,
                    "name": "От третьего лица",
                    "slug": "ot-tretego-litsa",
                    "language": "rus",
                    "games_count": 8583,
                    "image_background": "https://media.rawg.io/media/games/8a0/8a02f84a5916ede2f923b88d5f8217ba.jpg"
                },
                {
                    "id": 149,
                    "name": "Third Person",
                    "slug": "third-person",
                    "language": "eng",
                    "games_count": 13058,
                    "image_background": "https://media.rawg.io/media/games/6cd/6cd653e0aaef5ff8bbd295bf4bcb12eb.jpg"
                },
                {
                    "id": 42413,
                    "name": "Симулятор",
                    "slug": "simuliator",
                    "language": "rus",
                    "games_count": 22400,
                    "image_background": "https://media.rawg.io/media/screenshots/f2f/f2f3c93d6153da7aee590f3ab8ccd803.jpg"
                },
                {
                    "id": 157,
                    "name": "PvP",
                    "slug": "pvp",
                    "language": "eng",
                    "games_count": 10659,
                    "image_background": "https://media.rawg.io/media/games/9c4/9c47f320eb73c9a02d462e12f6206b26.jpg"
                },
                {
                    "id": 40832,
                    "name": "Cross-Platform Multiplayer",
                    "slug": "cross-platform-multiplayer",
                    "language": "eng",
                    "games_count": 2884,
                    "image_background": "https://media.rawg.io/media/games/12e/12ea6b35b65df38258e25885a0a392a6.jpg"
                },
                {
                    "id": 42562,
                    "name": "Для всей семьи",
                    "slug": "dlia-vsei-semi",
                    "language": "rus",
                    "games_count": 9185,
                    "image_background": "https://media.rawg.io/media/games/096/0962642c3f74cd6306ad8bfdfd3d6150.jpg"
                },
                {
                    "id": 42434,
                    "name": "Игрок против игрока",
                    "slug": "igrok-protiv-igroka",
                    "language": "rus",
                    "games_count": 6127,
                    "image_background": "https://media.rawg.io/media/games/48e/48e63bbddeddbe9ba81942772b156664.jpg"
                },
                {
                    "id": 42530,
                    "name": "Кастомизация персонажа",
                    "slug": "kastomizatsiia-personazha",
                    "language": "rus",
                    "games_count": 4895,
                    "image_background": "https://media.rawg.io/media/games/260/26023c855f1769a93411d6a7ea084632.jpeg"
                },
                {
                    "id": 42390,
                    "name": "Решения с последствиями",
                    "slug": "resheniia-s-posledstviiami",
                    "language": "rus",
                    "games_count": 7030,
                    "image_background": "https://media.rawg.io/media/games/a28/a289e23b4d4d84f26ab59125e3be4483.jpg"
                },
                {
                    "id": 121,
                    "name": "Character Customization",
                    "slug": "character-customization",
                    "language": "eng",
                    "games_count": 5667,
                    "image_background": "https://media.rawg.io/media/games/e3d/e3ddc524c6292a435d01d97cc5f42ea7.jpg"
                },
                {
                    "id": 37796,
                    "name": "exclusive",
                    "slug": "exclusive",
                    "language": "eng",
                    "games_count": 4491,
                    "image_background": "https://media.rawg.io/media/games/f24/f2493ea338fe7bd3c7d73750a85a0959.jpeg"
                },
                {
                    "id": 107,
                    "name": "Family Friendly",
                    "slug": "family-friendly",
                    "language": "eng",
                    "games_count": 8995,
                    "image_background": "https://media.rawg.io/media/games/1e5/1e5e33b88be978f451196a751424a72e.jpg"
                },
                {
                    "id": 145,
                    "name": "Choices Matter",
                    "slug": "choices-matter",
                    "language": "eng",
                    "games_count": 6818,
                    "image_background": "https://media.rawg.io/media/games/7ba/7baf4663962bad7197e2470d59a6e322.jpg"
                },
                {
                    "id": 42460,
                    "name": "Реализм",
                    "slug": "realizm",
                    "language": "rus",
                    "games_count": 7434,
                    "image_background": "https://media.rawg.io/media/games/c3b/c3be1d5f55cb9324c97ccb7aaaf42ad4.jpg"
                },
                {
                    "id": 77,
                    "name": "Realistic",
                    "slug": "realistic",
                    "language": "eng",
                    "games_count": 7455,
                    "image_background": "https://media.rawg.io/media/games/e44/e445335e611b4ccf03af71fffcbd30a4.jpg"
                },
                {
                    "id": 42500,
                    "name": "Физика",
                    "slug": "fizika",
                    "language": "rus",
                    "games_count": 6303,
                    "image_background": "https://media.rawg.io/media/games/ec3/ec3a7db7b8ab5a71aad622fe7c62632f.jpg"
                },
                {
                    "id": 114,
                    "name": "Physics",
                    "slug": "physics",
                    "language": "eng",
                    "games_count": 20367,
                    "image_background": "https://media.rawg.io/media/games/b34/b3419c2706f8f8dbe40d08e23642ad06.jpg"
                },
                {
                    "id": 42496,
                    "name": "Гонки",
                    "slug": "gonki",
                    "language": "rus",
                    "games_count": 4212,
                    "image_background": "https://media.rawg.io/media/games/a1c/a1cea552040aecf9414548e209f9c0d8.jpg"
                },
                {
                    "id": 42476,
                    "name": "Соревновательная",
                    "slug": "sorevnovatelnaia",
                    "language": "rus",
                    "games_count": 1028,
                    "image_background": "https://media.rawg.io/media/games/aa3/aa36ba4b486a03ddfaef274fb4f5afd4.jpg"
                },
                {
                    "id": 170,
                    "name": "Competitive",
                    "slug": "competitive",
                    "language": "eng",
                    "games_count": 1223,
                    "image_background": "https://media.rawg.io/media/screenshots/616/616437f375a1080756c917b1437404f3.jpg"
                },
                {
                    "id": 42531,
                    "name": "Спортивная игра",
                    "slug": "sportivnaia-igra",
                    "language": "rus",
                    "games_count": 4672,
                    "image_background": "https://media.rawg.io/media/screenshots/c02/c02c64324edc2045ea1fc0601cdaaa0c.jpg"
                },
                {
                    "id": 42551,
                    "name": "Менеджмент",
                    "slug": "menedzhment",
                    "language": "rus",
                    "games_count": 4342,
                    "image_background": "https://media.rawg.io/media/games/000/0002b2686a50b30762fb6040a8d9187f.jpg"
                },
                {
                    "id": 45878,
                    "name": "Online PvP",
                    "slug": "online-pvp",
                    "language": "eng",
                    "games_count": 5477,
                    "image_background": "https://media.rawg.io/media/games/998/9980c4296f311d8bcc5b451ca51e4fe1.jpg"
                },
                {
                    "id": 37797,
                    "name": "true exclusive",
                    "slug": "true-exclusive",
                    "language": "eng",
                    "games_count": 3980,
                    "image_background": "https://media.rawg.io/media/games/4be/4be6a6ad0364751a96229c56bf69be59.jpg"
                },
                {
                    "id": 40937,
                    "name": "Steam Trading Cards",
                    "slug": "steam-trading-cards-2",
                    "language": "eng",
                    "games_count": 736,
                    "image_background": "https://media.rawg.io/media/games/473/473bd9a5e9522629d6cb28b701fb836a.jpg"
                },
                {
                    "id": 67,
                    "name": "Management",
                    "slug": "management",
                    "language": "eng",
                    "games_count": 8290,
                    "image_background": "https://media.rawg.io/media/games/6cc/6cc68fa183b905ac9d85efb9797776f6.jpg"
                },
                {
                    "id": 130,
                    "name": "Driving",
                    "slug": "driving",
                    "language": "eng",
                    "games_count": 5349,
                    "image_background": "https://media.rawg.io/media/games/370/3703c683968a54f09630dcf03366ea35.jpg"
                },
                {
                    "id": 42600,
                    "name": "Вождение",
                    "slug": "vozhdenie",
                    "language": "rus",
                    "games_count": 1796,
                    "image_background": "https://media.rawg.io/media/games/7a6/7a6f90e85a2e264c3b440bb4787cf378.jpg"
                },
                {
                    "id": 42473,
                    "name": "Immersive Sim",
                    "slug": "immersive-sim-2",
                    "language": "eng",
                    "games_count": 3868,
                    "image_background": "https://media.rawg.io/media/games/df4/df415b18835f91a1b4db1da294996ee5.jpg"
                },
                {
                    "id": 87,
                    "name": "Science",
                    "slug": "science",
                    "language": "eng",
                    "games_count": 1863,
                    "image_background": "https://media.rawg.io/media/games/64d/64d9e33affb7a9a1df62229576d0bd6b.jpg"
                },
                {
                    "id": 42501,
                    "name": "Наука",
                    "slug": "nauka",
                    "language": "rus",
                    "games_count": 885,
                    "image_background": "https://media.rawg.io/media/screenshots/3b1/3b1855db98916d9d473922795f52a25a.jpeg"
                },
                {
                    "id": 58125,
                    "name": "Иммерсивный симулятор",
                    "slug": "immersivnyi-simuliator",
                    "language": "rus",
                    "games_count": 3743,
                    "image_background": "https://media.rawg.io/media/screenshots/234/2341a78cfc68acd460228fafcf7f9ccc.jpg"
                },
                {
                    "id": 58142,
                    "name": "Автосимулятор",
                    "slug": "avtosimuliator",
                    "language": "rus",
                    "games_count": 925,
                    "image_background": "https://media.rawg.io/media/games/9c7/9c7dd09596246993169b356d7c1facf0.jpg"
                },
                {
                    "id": 49951,
                    "name": "Automobile Sim",
                    "slug": "automobile-sim",
                    "language": "eng",
                    "games_count": 969,
                    "image_background": "https://media.rawg.io/media/games/8cb/8cbf9a1735ae48b70b9aba5f82ab56da.jpg"
                },
                {
                    "id": 4270,
                    "name": "transportation",
                    "slug": "transportation",
                    "language": "eng",
                    "games_count": 409,
                    "image_background": "https://media.rawg.io/media/screenshots/96b/96b1a0493c8acff875af544db11b0f4b.jpg"
                },
                {
                    "id": 58415,
                    "name": "Транспорт",
                    "slug": "transport-2",
                    "language": "rus",
                    "games_count": 344,
                    "image_background": "https://media.rawg.io/media/games/fab/fabb514d218bc2d3d8b3a554790bc722.jpg"
                }
            ],
            "esrb_rating": null,
            "user_game": null,
            "reviews_count": 17,
            "saturated_color": "0f0f0f",
            "dominant_color": "0f0f0f",
            "short_screenshots": [
                {
                    "id": -1,
                    "image": "https://media.rawg.io/media/games/ae9/ae9e6138ec47798de07b158a36dadd19.jpeg"
                },
                {
                    "id": 1922115,
                    "image": "https://media.rawg.io/media/screenshots/d85/d85f9ad46299ba0c9ed76ba5ce7ec788.jpg"
                },
                {
                    "id": 1922116,
                    "image": "https://media.rawg.io/media/screenshots/c72/c728ee6c6feab0efd4d8199b86df3353.jpg"
                },
                {
                    "id": 2022331,
                    "image": "https://media.rawg.io/media/screenshots/c04/c0441b35f59e9aeb6571ac42b20c4c50.jpg"
                },
                {
                    "id": 2022332,
                    "image": "https://media.rawg.io/media/screenshots/8e3/8e36791d37dbfde3fae7eb0215bbd3be.jpg"
                }
            ],
            "parent_platforms": [
                {
                    "platform": {
                        "id": 1,
                        "name": "PC",
                        "slug": "pc"
                    }
                },
                {
                    "platform": {
                        "id": 3,
                        "name": "Xbox",
                        "slug": "xbox"
                    }
                }
            ],
            "genres": [
                {
                    "id": 40,
                    "name": "Casual",
                    "slug": "casual"
                },
                {
                    "id": 1,
                    "name": "Racing",
                    "slug": "racing"
                }
            ]
        },
        {
            "slug": "forza-motorsport-5",
            "name": "Forza Motorsport 5",
            "playtime": 0,
            "platforms": [
                {
                    "platform": {
                        "id": 1,
                        "name": "Xbox One",
                        "slug": "xbox-one"
                    }
                }
            ],
            "stores": [
                {
                    "store": {
                        "id": 2,
                        "name": "Xbox Store",
                        "slug": "xbox-store"
                    }
                }
            ],
            "released": "2013-11-22",
            "tba": false,
            "background_image": "https://media.rawg.io/media/games/23d/23d69e394c94b3be23365eca161b2846.jpg",
            "rating": 3.57,
            "rating_top": 4,
            "ratings": [
                {
                    "id": 4,
                    "title": "recommended",
                    "count": 108,
                    "percent": 51.18
                },
                {
                    "id": 3,
                    "title": "meh",
                    "count": 65,
                    "percent": 30.81
                },
                {
                    "id": 5,
                    "title": "exceptional",
                    "count": 22,
                    "percent": 10.43
                },
                {
                    "id": 1,
                    "title": "skip",
                    "count": 16,
                    "percent": 7.58
                }
            ],
            "ratings_count": 210,
            "reviews_text_count": 1,
            "added": 1327,
            "added_by_status": {
                "yet": 33,
                "owned": 1102,
                "beaten": 64,
                "toplay": 13,
                "dropped": 110,
                "playing": 5
            },
            "metacritic": 79,
            "suggestions_count": 219,
            "updated": "2024-01-12T01:14:50",
            "id": 46431,
            "score": null,
            "clip": null,
            "tags": [
                {
                    "id": 31,
                    "name": "Singleplayer",
                    "slug": "singleplayer",
                    "language": "eng",
                    "games_count": 234049,
                    "image_background": "https://media.rawg.io/media/games/587/587588c64afbff80e6f444eb2e46f9da.jpg"
                },
                {
                    "id": 7,
                    "name": "Multiplayer",
                    "slug": "multiplayer",
                    "language": "eng",
                    "games_count": 39795,
                    "image_background": "https://media.rawg.io/media/games/6c5/6c55e22185876626881b76c11922b073.jpg"
                },
                {
                    "id": 8,
                    "name": "First-Person",
                    "slug": "first-person",
                    "language": "eng",
                    "games_count": 33839,
                    "image_background": "https://media.rawg.io/media/games/6c5/6c55e22185876626881b76c11922b073.jpg"
                },
                {
                    "id": 37796,
                    "name": "exclusive",
                    "slug": "exclusive",
                    "language": "eng",
                    "games_count": 4491,
                    "image_background": "https://media.rawg.io/media/games/f24/f2493ea338fe7bd3c7d73750a85a0959.jpeg"
                },
                {
                    "id": 77,
                    "name": "Realistic",
                    "slug": "realistic",
                    "language": "eng",
                    "games_count": 7120,
                    "image_background": "https://media.rawg.io/media/screenshots/ca8/ca840f2a8ebfc74aac1688367dc1f903.jpg"
                },
                {
                    "id": 37797,
                    "name": "true exclusive",
                    "slug": "true-exclusive",
                    "language": "eng",
                    "games_count": 3980,
                    "image_background": "https://media.rawg.io/media/screenshots/0f5/0f585fa72f534f62f9e5da051179f5de.jpg"
                },
                {
                    "id": 130,
                    "name": "Driving",
                    "slug": "driving",
                    "language": "eng",
                    "games_count": 5278,
                    "image_background": "https://media.rawg.io/media/games/345/3452d9d4483686c602372e0e6b3bb4cc.jpg"
                },
                {
                    "id": 478,
                    "name": "3rd-Person Perspective",
                    "slug": "3rd-person-perspective",
                    "language": "eng",
                    "games_count": 87,
                    "image_background": "https://media.rawg.io/media/games/21c/21cc15d233117c6809ec86870559e105.jpg"
                },
                {
                    "id": 1632,
                    "name": "cars",
                    "slug": "cars",
                    "language": "eng",
                    "games_count": 5833,
                    "image_background": "https://media.rawg.io/media/games/9de/9de9d9c51e2867486222a7b3e0fb6062.jpg"
                }
            ],
            "esrb_rating": {
                "id": 1,
                "name": "Everyone",
                "slug": "everyone",
                "name_en": "Everyone",
                "name_ru": "Для всех"
            },
            "user_game": null,
            "reviews_count": 211,
            "saturated_color": "0f0f0f",
            "dominant_color": "0f0f0f",
            "short_screenshots": [
                {
                    "id": -1,
                    "image": "https://media.rawg.io/media/games/23d/23d69e394c94b3be23365eca161b2846.jpg"
                },
                {
                    "id": 657937,
                    "image": "https://media.rawg.io/media/screenshots/843/8431e281cf2a6b29ab184c22c6475ed9.jpg"
                },
                {
                    "id": 657938,
                    "image": "https://media.rawg.io/media/screenshots/0cb/0cbc611dba76bb646b16aaf73bd9bb6f.jpg"
                },
                {
                    "id": 657939,
                    "image": "https://media.rawg.io/media/screenshots/ef6/ef6cde28e7859f281fd45498e24fa12a.jpg"
                },
                {
                    "id": 657940,
                    "image": "https://media.rawg.io/media/screenshots/834/83428e3a3c9490fdf1de216931c3ac37.jpg"
                },
                {
                    "id": 657941,
                    "image": "https://media.rawg.io/media/screenshots/816/8165f477dc338d793b10d5c7c18a0b08.jpg"
                }
            ],
            "parent_platforms": [
                {
                    "platform": {
                        "id": 3,
                        "name": "Xbox",
                        "slug": "xbox"
                    }
                }
            ],
            "genres": [
                {
                    "id": 1,
                    "name": "Racing",
                    "slug": "racing"
                },
                {
                    "id": 4,
                    "name": "Action",
                    "slug": "action"
                }
            ]
        },
        {
            "slug": "forza-motorsport-2020",
            "name": "Forza Motorsport",
            "playtime": 10,
            "platforms": [
                {
                    "platform": {
                        "id": 4,
                        "name": "PC",
                        "slug": "pc"
                    }
                },
                {
                    "platform": {
                        "id": 186,
                        "name": "Xbox Series S/X",
                        "slug": "xbox-series-x"
                    }
                }
            ],
            "stores": [
                {
                    "store": {
                        "id": 1,
                        "name": "Steam",
                        "slug": "steam"
                    }
                }
            ],
            "released": "2023-10-10",
            "tba": false,
            "background_image": "https://media.rawg.io/media/games/e9e/e9ecc560712ebfa6761e45d2523b0fb9.jpg",
            "rating": 3.48,
            "rating_top": 3,
            "ratings": [
                {
                    "id": 3,
                    "title": "meh",
                    "count": 26,
                    "percent": 59.09
                },
                {
                    "id": 4,
                    "title": "recommended",
                    "count": 11,
                    "percent": 25.0
                },
                {
                    "id": 5,
                    "title": "exceptional",
                    "count": 6,
                    "percent": 13.64
                },
                {
                    "id": 1,
                    "title": "skip",
                    "count": 1,
                    "percent": 2.27
                }
            ],
            "ratings_count": 44,
            "reviews_text_count": 0,
            "added": 164,
            "added_by_status": {
                "yet": 20,
                "owned": 29,
                "beaten": 9,
                "toplay": 49,
                "dropped": 42,
                "playing": 15
            },
            "metacritic": null,
            "suggestions_count": 466,
            "updated": "2025-03-07T12:17:18",
            "id": 472315,
            "score": null,
            "clip": null,
            "tags": [],
            "esrb_rating": null,
            "user_game": null,
            "reviews_count": 44,
            "saturated_color": "0f0f0f",
            "dominant_color": "0f0f0f",
            "short_screenshots": [
                {
                    "id": -1,
                    "image": "https://media.rawg.io/media/games/e9e/e9ecc560712ebfa6761e45d2523b0fb9.jpg"
                },
                {
                    "id": 3748621,
                    "image": "https://media.rawg.io/media/screenshots/3a1/3a1ac6fc1d4b0c38d563227e63a387ec.jpg"
                },
                {
                    "id": 3748622,
                    "image": "https://media.rawg.io/media/screenshots/df1/df1b9db351a4b69ff32d73f2cb1ddc8b_kQGt82C.jpg"
                },
                {
                    "id": 3748623,
                    "image": "https://media.rawg.io/media/screenshots/efc/efc2ca3cb72dc54e647461ac6bc767df.jpg"
                },
                {
                    "id": 3748624,
                    "image": "https://media.rawg.io/media/screenshots/718/71894804e5cc467be8da04e51a9ca364.jpg"
                },
                {
                    "id": 3748625,
                    "image": "https://media.rawg.io/media/screenshots/e2f/e2f5f29093157a520117d7efb73f509b.jpg"
                },
                {
                    "id": 3748626,
                    "image": "https://media.rawg.io/media/screenshots/fbf/fbf3da19d3046a3fdda9e9ccc2881f97.jpg"
                }
            ],
            "parent_platforms": [
                {
                    "platform": {
                        "id": 1,
                        "name": "PC",
                        "slug": "pc"
                    }
                },
                {
                    "platform": {
                        "id": 3,
                        "name": "Xbox",
                        "slug": "xbox"
                    }
                }
            ],
            "genres": [
                {
                    "id": 1,
                    "name": "Racing",
                    "slug": "racing"
                }
            ]
        }
    ],
    "user_platforms": false
}