id,slug,name,name_original,description,metacritic,metacritic_platforms,released,tba,updated,background_image,background_image_additional,website,rating,rating_top,ratings,added,playtime,screenshots_count,movies_count,creators_count,achievements_count,parent_achievements_count,reddit_url,reddit_name,reddit_description,reddit_logo,reddit_count,twitch_count,youtube_count,reviews_text_count,ratings_count,suggestions_count,alternative_names,metacritic_url,parents_count,additions_count,game_series_count,user_game,reviews_count,saturated_color,dominant_color,parent_platforms,platforms,stores,developers,genres,tags,publishers,esrb_rating,clip,description_raw,reactions.4,reactions.6,reactions.7,reactions.11,added_by_status.yet,added_by_status.owned,added_by_status.beaten,added_by_status.toplay,added_by_status.dropped,added_by_status.playing,reactions,reactions.15,community_rating
56681,the-oregon-trail-1971,The Oregon Trail (1971),The Oregon Trail (1971),"<p>The Oregon Trail is a computer game originally developed by Don Rawitsch, Bill Heinemann, and Paul Dillenberger in 1971 and produced by the Minnesota Educational Computing Consortium (MECC) in 1974. The original game was designed to teach school children about the realities of 19th-century pioneer life on the Oregon Trail. The player assumes the role of a wagon leader guiding a party of settlers from Independence, Missouri, to Oregon&#39;s Willamette Valley via a covered wagon in 1848.<br />
The game is the first entry in the Oregon Trail series, and has since been released in many editions by various developers and publishers who have acquired rights to it, as well as inspiring a number of spinoffs (such as The Yukon Trail and The Amazon Trail) and the parody/homage The Organ Trail.</p>",,[],1971-12-03,False,2025-03-02T14:08:10,https://media.rawg.io/media/screenshots/838/838b67befcf4002999fbcb4058479f78.jpg,https://media.rawg.io/media/screenshots/b1c/b1c841fa2d3b7b41b8c55e8e392d63f0.jpg,,3.62,4,"[{'id': 4, 'title': 'recommended', 'count': 25, 'percent': 67.57}, {'id': 3, 'title': 'meh', 'count': 9, 'percent': 24.32}, {'id': 1, 'title': 'skip', 'count': 2, 'percent': 5.41}, {'id': 5, 'title': 'exceptional', 'count': 1, 'percent': 2.7}]",87,0,10,0,5,0,0,,,,,0,0,0,3,34,249,[],,0,0,0,,37,0f0f0f,0f0f0f,"[{'platform': {'id': 1, 'name': 'PC', 'slug': 'pc'}}, {'platform': {'id': 5, 'name': 'Apple Macintosh', 'slug': 'mac'}}, {'platform': {'id': 10, 'name': 'Commodore / Amiga', 'slug': 'commodore-amiga'}}]","[{'platform': {'id': 166, 'name': 'Commodore / Amiga', 'slug': 'commodore-amiga', 'image': None, 'year_end': None, 'year_start': None, 'games_count': 2083, 'image_background': 'https://media.rawg.io/media/games/cce/cce8bebe861f295003f5a9fe5b11233f.jpg'}, 'released_at': '1971-12-03', 'requirements': {}}, {'platform': {'id': 55, 'name': 'Classic Macintosh', 'slug': 'macintosh', 'image': None, 'year_end': None, 'year_start': None, 'games_count': 675, 'image_background': 'https://media.rawg.io/media/games/38a/38af969459ad6e5de116ec8a4a84218c.jpg'}, 'released_at': '1971-12-03', 'requirements': {}}, {'platform': {'id': 41, 'name': 'Apple II', 'slug': 'apple-ii', 'image': None, 'year_end': None, 'year_start': None, 'games_count': 424, 'image_background': 'https://media.rawg.io/media/screenshots/3d2/3d2bb57b39e2efa39d1c385585b2ea8b.jpg'}, 'released_at': '1971-12-03', 'requirements': {}}, {'platform': {'id': 4, 'name': 'PC', 'slug': 'pc', 'image': None, 'year_end': None, 'year_start': None, 'games_count': 547196, 'image_background': 'https://media.rawg.io/media/games/6fc/6fcf4cd3b17c288821388e6085bb0fc9.jpg'}, 'released_at': '1971-12-03', 'requirements': {}}]",[],"[{'id': 15165, 'name': 'MECC', 'slug': 'mecc', 'games_count': 10, 'image_background': 'https://media.rawg.io/media/screenshots/b65/b650687344648ddea6063cfbf898f91b.jpg'}, {'id': 27546, 'name': 'Minnesota Educational Computing Consortium', 'slug': 'minnesota-educational-computing-consortium', 'games_count': 2, 'image_background': 'https://media.rawg.io/media/screenshots/b65/b650687344648ddea6063cfbf898f91b.jpg'}]","[{'id': 3, 'name': 'Adventure', 'slug': 'adventure', 'games_count': 146481, 'image_background': 'https://media.rawg.io/media/games/b6b/b6b20bfc4b34e312dbc8aac53c95a348.jpg'}, {'id': 14, 'name': 'Simulation', 'slug': 'simulation', 'games_count': 73491, 'image_background': 'https://media.rawg.io/media/games/48c/48cb04ca483be865e3a83119c94e6097.jpg'}]","[{'id': 31, 'name': 'Singleplayer', 'slug': 'singleplayer', 'language': 'eng', 'games_count': 238404, 'image_background': 'https://media.rawg.io/media/games/26d/26d4437715bee60138dab4a7c8c59c92.jpg'}]","[{'id': 35, 'name': 'Gameloft', 'slug': 'gameloft', 'games_count': 173, 'image_background': 'https://media.rawg.io/media/screenshots/8a0/8a08bbf37f602041183946d0b029d218.jpg'}, {'id': 19491, 'name': 'Brøderbund', 'slug': 'broderbund', 'games_count': 32, 'image_background': 'https://media.rawg.io/media/games/054/0540c8fc8eed3fc13d3990f419c61c6f.jpg'}, {'id': 10820, 'name': 'The Learning Company', 'slug': 'the-learning-company', 'games_count': 23, 'image_background': 'https://media.rawg.io/media/screenshots/881/881ce15d4e1cd5df139c554cae2f386e.jpg'}]",,,"The Oregon Trail is a computer game originally developed by Don Rawitsch, Bill Heinemann, and Paul Dillenberger in 1971 and produced by the Minnesota Educational Computing Consortium (MECC) in 1974. The original game was designed to teach school children about the realities of 19th-century pioneer life on the Oregon Trail. The player assumes the role of a wagon leader guiding a party of settlers from Independence, Missouri, to Oregon's Willamette Valley via a covered wagon in 1848.
The game is the first entry in the Oregon Trail series, and has since been released in many editions by various developers and publishers who have acquired rights to it, as well as inspiring a number of spinoffs (such as The Yukon Trail and The Amazon Trail) and the parody/homage The Organ Trail.",1.0,1.0,1.0,1.0,3.0,27,26,16.0,13,2.0,,,
55012,empire,Empire,Empire,"<p>Empire (or Classic Empire) is a turn-based wargame with simple rules. The game was conceived by Walter Bright starting in 1971, based on various war movies and board games, notably Battle of Britain and Risk. The first version on a computer was released in 1977, and ported to many platforms in the 1970s and 80s. Several commercial versions were also released, often adding basic graphics to the originally text-based user interface. The basic gameplay is strongly reminiscent of several later games, notably Civilization.</p>",,[],1971-01-01,False,2023-02-08T10:52:10,https://media.rawg.io/media/screenshots/6af/6af9893f70c2da5f0fa5b8bcdce7b27c.jpg,https://media.rawg.io/media/screenshots/bb0/bb06a3b0773a93b916920513b91ad53e.jpg,,3.43,3,"[{'id': 3, 'title': 'meh', 'count': 4, 'percent': 57.14}, {'id': 4, 'title': 'recommended', 'count': 3, 'percent': 42.86}]",31,0,8,0,3,0,0,,,,,0,0,0,0,6,264,[],,0,0,0,,7,0f0f0f,0f0f0f,"[{'platform': {'id': 1, 'name': 'PC', 'slug': 'pc'}}, {'platform': {'id': 9, 'name': 'Atari', 'slug': 'atari'}}, {'platform': {'id': 10, 'name': 'Commodore / Amiga', 'slug': 'commodore-amiga'}}]","[{'platform': {'id': 166, 'name': 'Commodore / Amiga', 'slug': 'commodore-amiga', 'image': None, 'year_end': None, 'year_start': None, 'games_count': 2083, 'image_background': 'https://media.rawg.io/media/games/cce/cce8bebe861f295003f5a9fe5b11233f.jpg'}, 'released_at': '1971-01-01', 'requirements': {}}, {'platform': {'id': 34, 'name': 'Atari ST', 'slug': 'atari-st', 'image': None, 'year_end': None, 'year_start': None, 'games_count': 836, 'image_background': 'https://media.rawg.io/media/games/637/637d7dc2f44d0f6ddd3ee2c0b1366962.jpg'}, 'released_at': '1971-01-01', 'requirements': {}}, {'platform': {'id': 4, 'name': 'PC', 'slug': 'pc', 'image': None, 'year_end': None, 'year_start': None, 'games_count': 547196, 'image_background': 'https://media.rawg.io/media/games/6fc/6fcf4cd3b17c288821388e6085bb0fc9.jpg'}, 'released_at': '1971-01-01', 'requirements': {}}]",[],"[{'id': 15528, 'name': 'Walter Bright', 'slug': 'walter-bright', 'games_count': 2, 'image_background': 'https://media.rawg.io/media/screenshots/411/41151cdb1c529c5f3a55e8c7e34825a9.jpg'}, {'id': 26946, 'name': 'Mark Baldwin', 'slug': 'mark-baldwin', 'games_count': 2, 'image_background': 'https://media.rawg.io/media/screenshots/3f5/3f5987a80ff253fb67f1f8eb246279ce.jpg'}, {'id': 27123, 'name': 'Peter Langston', 'slug': 'peter-langston', 'games_count': 1, 'image_background': 'https://media.rawg.io/media/screenshots/6af/6af9893f70c2da5f0fa5b8bcdce7b27c.jpg'}]","[{'id': 10, 'name': 'Strategy', 'slug': 'strategy', 'games_count': 59661, 'image_background': 'https://media.rawg.io/media/games/08b/08b2eee52a9876a48b955e5149affe5b.jpg'}]","[{'id': 31, 'name': 'Singleplayer', 'slug': 'singleplayer', 'language': 'eng', 'games_count': 238404, 'image_background': 'https://media.rawg.io/media/games/26d/26d4437715bee60138dab4a7c8c59c92.jpg'}, {'id': 7, 'name': 'Multiplayer', 'slug': 'multiplayer', 'language': 'eng', 'games_count': 40505, 'image_background': 'https://media.rawg.io/media/games/021/021c4e21a1824d2526f925eff6324653.jpg'}]","[{'id': 11457, 'name': 'New World Computing', 'slug': 'new-world-computing', 'games_count': 26, 'image_background': 'https://media.rawg.io/media/screenshots/2ba/2ba8f4d1f20dd8e33dfbd6c9550808a7.jpg'}, {'id': 18061, 'name': 'Killer Bee Software', 'slug': 'killer-bee-software', 'games_count': 3, 'image_background': 'https://media.rawg.io/media/screenshots/b64/b64019d0c8f1883d01fa1722ef520864.jpg'}, {'id': 20220, 'name': 'Interstel', 'slug': 'interstel', 'games_count': 1, 'image_background': 'https://media.rawg.io/media/screenshots/6af/6af9893f70c2da5f0fa5b8bcdce7b27c.jpg'}]",,,"Empire (or Classic Empire) is a turn-based wargame with simple rules. The game was conceived by Walter Bright starting in 1971, based on various war movies and board games, notably Battle of Britain and Risk. The first version on a computer was released in 1977, and ported to many platforms in the 1970s and 80s. Several commercial versions were also released, often adding basic graphics to the originally text-based user interface. The basic gameplay is strongly reminiscent of several later games, notably Civilization.",,,,,3.0,15,6,3.0,4,,,,
58174,computer-space,Computer Space,Computer Space,"<p>Computer Space is a space combat arcade game developed in 1971 as one of the last games created in the early history of video games. Created by Nolan Bushnell and Ted Dabney in partnership as Syzygy Engineering, it was the first arcade video game as well as the first commercially available video game. Computer Space is a derivative of the 1962 computer game Spacewar!, possibly the first video game to spread to multiple computer installations. It features a rocket, controlled by the player, engaged in a missile battle with a pair of flying saucers set against a background starfield. The goal is to score more hits than the enemy spaceships within a set time period, which awards a free round of gameplay. The game is enclosed in a custom fiberglass cabinet in one of four colors, which Bushnell designed himself to be futuristic.</p>",,[],1971-12-01,False,2024-06-04T07:33:04,https://media.rawg.io/media/screenshots/c56/c560e28ed7d30c8aa8d8221dab1b9a0e.jpg,https://media.rawg.io/media/screenshots/963/9634e6d2c1e511800b8713cf5fe1a4ae.jpg,,2.91,3,"[{'id': 3, 'title': 'meh', 'count': 6, 'percent': 54.55}, {'id': 4, 'title': 'recommended', 'count': 3, 'percent': 27.27}, {'id': 1, 'title': 'skip', 'count': 2, 'percent': 18.18}]",29,0,2,0,2,0,0,,,,,0,0,0,2,8,24,[],,0,0,0,,11,0f0f0f,0f0f0f,[],[],[],"[{'id': 27925, 'name': 'Syzygy Engineering', 'slug': 'syzygy-engineering', 'games_count': 1, 'image_background': 'https://media.rawg.io/media/screenshots/c56/c560e28ed7d30c8aa8d8221dab1b9a0e.jpg'}]","[{'id': 11, 'name': 'Arcade', 'slug': 'arcade', 'games_count': 22658, 'image_background': 'https://media.rawg.io/media/games/556/556157feed9ee1f55f2b12b2973e30a3.jpg'}]","[{'id': 25, 'name': 'Space', 'slug': 'space', 'language': 'eng', 'games_count': 43594, 'image_background': 'https://media.rawg.io/media/games/ebd/ebdbb7eb52bd58b0e7fa4538d9757b60.jpg'}, {'id': 1465, 'name': 'combat', 'slug': 'combat', 'language': 'eng', 'games_count': 14418, 'image_background': 'https://media.rawg.io/media/games/f54/f54e9fb2f4aac37810ea1a69a3e4480a.jpg'}, {'id': 981, 'name': 'battle', 'slug': 'battle', 'language': 'eng', 'games_count': 10682, 'image_background': 'https://media.rawg.io/media/games/075/0753492cda7ee3c9bd4a3ca673fd0c8c.jpg'}, {'id': 1221, 'name': 'history', 'slug': 'history', 'language': 'eng', 'games_count': 2382, 'image_background': 'https://media.rawg.io/media/games/3ac/3acc7d1846c7c8206fdbc01fd8f2de54.jpg'}, {'id': 2689, 'name': 'rocket', 'slug': 'rocket', 'language': 'eng', 'games_count': 1696, 'image_background': 'https://media.rawg.io/media/screenshots/294/294f3bd5a2aa79df10e10d6f3c6ed4a7.jpg'}, {'id': 4312, 'name': 'colors', 'slug': 'colors', 'language': 'eng', 'games_count': 3624, 'image_background': 'https://media.rawg.io/media/screenshots/16e/16e9e7a009a199f2b81b6684cf219278.jpg'}]","[{'id': 20889, 'name': 'Nutting Associates', 'slug': 'nutting-associates', 'games_count': 1, 'image_background': 'https://media.rawg.io/media/screenshots/c56/c560e28ed7d30c8aa8d8221dab1b9a0e.jpg'}]",,,"Computer Space is a space combat arcade game developed in 1971 as one of the last games created in the early history of video games. Created by Nolan Bushnell and Ted Dabney in partnership as Syzygy Engineering, it was the first arcade video game as well as the first commercially available video game. Computer Space is a derivative of the 1962 computer game Spacewar!, possibly the first video game to spread to multiple computer installations. It features a rocket, controlled by the player, engaged in a missile battle with a pair of flying saucers set against a background starfield. The goal is to score more hits than the enemy spaceships within a set time period, which awards a free round of gameplay. The game is enclosed in a custom fiberglass cabinet in one of four colors, which Bushnell designed himself to be futuristic.",,,,,1.0,10,10,3.0,5,,,1.0,
58173,galaxy-game,Galaxy Game,Galaxy Game,"<p>Galaxy Game is a space combat arcade game developed in 1971 during the early era of video games. Created by Bill Pitts and Hugh Tuck, it was one of the first coin-operated video games; its initial prototype display in November 1971 at the Tresidder student union building at Stanford University was only a few months after a similar display of a prototype of Computer Space, making it the second known video game to charge money to play. Galaxy Game is an expanded version of the 1962 Spacewar!, potentially the first video game to spread to multiple computer installations. It features two spaceships, &quot;the needle&quot; and &quot;the wedge&quot;, engaged in a dogfight while maneuvering in the gravity well of a star. Both ships are controlled by human players.</p>",,[],1971-11-01,False,2024-06-04T07:32:55,https://media.rawg.io/media/screenshots/ff1/ff1e63b665419444b55d7334a2385010.jpg,https://media.rawg.io/media/screenshots/b15/b15c537d98872ff4b1b67be8cc955383.jpg,,2.78,3,"[{'id': 3, 'title': 'meh', 'count': 5, 'percent': 55.56}, {'id': 4, 'title': 'recommended', 'count': 2, 'percent': 22.22}, {'id': 1, 'title': 'skip', 'count': 2, 'percent': 22.22}]",26,0,2,0,2,0,0,,,,,0,0,0,2,6,36,[],,0,0,0,,9,0f0f0f,0f0f0f,[],[],[],"[{'id': 27924, 'name': 'Bill Pitts, Hugh Tuck', 'slug': 'bill-pitts-hugh-tuck', 'games_count': 1, 'image_background': 'https://media.rawg.io/media/screenshots/ff1/ff1e63b665419444b55d7334a2385010.jpg'}]","[{'id': 11, 'name': 'Arcade', 'slug': 'arcade', 'games_count': 22658, 'image_background': 'https://media.rawg.io/media/games/556/556157feed9ee1f55f2b12b2973e30a3.jpg'}]","[{'id': 25, 'name': 'Space', 'slug': 'space', 'language': 'eng', 'games_count': 43594, 'image_background': 'https://media.rawg.io/media/games/ebd/ebdbb7eb52bd58b0e7fa4538d9757b60.jpg'}, {'id': 1465, 'name': 'combat', 'slug': 'combat', 'language': 'eng', 'games_count': 14418, 'image_background': 'https://media.rawg.io/media/games/f54/f54e9fb2f4aac37810ea1a69a3e4480a.jpg'}, {'id': 6903, 'name': 'galaxy', 'slug': 'galaxy', 'language': 'eng', 'games_count': 1203, 'image_background': 'https://media.rawg.io/media/games/c03/c03965311ed72ba0629b84f4db45aebf.jpg'}, {'id': 992, 'name': 'student', 'slug': 'student', 'language': 'eng', 'games_count': 1530, 'image_background': 'https://media.rawg.io/media/screenshots/fb2/fb210147a46c1d4ecba72f45115a8948.jpg'}, {'id': 1593, 'name': 'Gravity', 'slug': 'gravity', 'language': 'eng', 'games_count': 3296, 'image_background': 'https://media.rawg.io/media/screenshots/ce3/ce32109b5ccee88ad88443beee35a6a5.jpg'}, {'id': 2546, 'name': 'ships', 'slug': 'ships', 'language': 'eng', 'games_count': 1567, 'image_background': 'https://media.rawg.io/media/screenshots/4ea/4ead5620bbc512d788e651d0f8dac24d.jpg'}, {'id': 2664, 'name': 'prototype', 'slug': 'prototype', 'language': 'eng', 'games_count': 6079, 'image_background': 'https://media.rawg.io/media/screenshots/9d0/9d0d8cd84c55606b0cf980de29d37911.jpg'}]","[{'id': 20888, 'name': 'Bill Pitts, Hugh Tuck', 'slug': 'bill-pitts-hugh-tuck', 'games_count': 1, 'image_background': 'https://media.rawg.io/media/screenshots/ff1/ff1e63b665419444b55d7334a2385010.jpg'}]",,,"Galaxy Game is a space combat arcade game developed in 1971 during the early era of video games. Created by Bill Pitts and Hugh Tuck, it was one of the first coin-operated video games; its initial prototype display in November 1971 at the Tresidder student union building at Stanford University was only a few months after a similar display of a prototype of Computer Space, making it the second known video game to charge money to play. Galaxy Game is an expanded version of the 1962 Spacewar!, potentially the first video game to spread to multiple computer installations. It features two spaceships, ""the needle"" and ""the wedge"", engaged in a dogfight while maneuvering in the gravity well of a star. Both ships are controlled by human players.",,,,,1.0,10,8,3.0,4,,,1.0,
425207,star-trek-1971,Star Trek (1971),Star Trek (1971),"<p>Star Trek is a text-based strategy video game based on the Star Trek television series and originally developed by Mike Mayfield in 1971. In the game, the player commands the USS Enterprise on a mission to hunt down and destroy an invading fleet of Klingon warships. The player travels through the 64 quadrants of the galaxy to attack enemy ships with phasers and photon torpedoes in turn-based battles and refuel at starbases in order to eliminate all enemies before running out of time.</p>
<p>Mayfield originally wrote the game in the BASIC programming language for the SDS Sigma 7 mainframe computer with the goal of creating a game like Spacewar! (1962) that could be played with a teleprinter instead of a graphical display. He then rewrote it for the HP 2000C minicomputer in 1972, and it was included in Hewlett-Packard&#39;s public domain software catalog the following year. It was picked up from there by David H. Ahl, who ported it with Mary Cole to BASIC-PLUS and published the source code in the Digital Equipment Corporation Edu newsletter. It was republished with other computer games in his best-selling 101 BASIC Computer Games book. Bob Leedom then expanded the game in 1974 into Super Star Trek, which was later printed by Ahl in BASIC Computer Games, the first million-selling computer book.</p>
<p>Star Trek, especially the Super Star Trek version, was immensely popular during the early microcomputer era. This, along with the availability of the source code, led to numerous ports of both versions of the game. Additionally, dozens of variants and expansions were made for a variety of systems. Ahl claimed in 1978 that it was difficult to find a computer installation that did not contain a version of Star Trek, and by 1980, Star Trek was described by The Dragon magazine as &quot;one of the most popular (if not the most popular) computer games around&quot;, with &quot;literally scores of different versions of this game floating around&quot;.</p>",,[],1971-01-01,False,2023-02-08T10:52:10,https://media.rawg.io/media/screenshots/d70/d70332c3f3db6044bd7c49fdb5608f7e.jpg,https://media.rawg.io/media/screenshots/501/501ce7790e6a879cdb2d1a6afdda7204.jpg,,3.5,4,"[{'id': 4, 'title': 'recommended', 'count': 3, 'percent': 50.0}, {'id': 3, 'title': 'meh', 'count': 3, 'percent': 50.0}]",21,0,4,0,0,0,0,,,,,0,0,0,0,5,24,[],,0,0,0,,6,0f0f0f,0f0f0f,"[{'platform': {'id': 1, 'name': 'PC', 'slug': 'pc'}}, {'platform': {'id': 6, 'name': 'Linux', 'slug': 'linux'}}]","[{'platform': {'id': 6, 'name': 'Linux', 'slug': 'linux', 'image': None, 'year_end': None, 'year_start': None, 'games_count': 78810, 'image_background': 'https://media.rawg.io/media/games/d58/d588947d4286e7b5e0e12e1bea7d9844.jpg'}, 'released_at': '1971-01-01', 'requirements': {}}, {'platform': {'id': 4, 'name': 'PC', 'slug': 'pc', 'image': None, 'year_end': None, 'year_start': None, 'games_count': 547195, 'image_background': 'https://media.rawg.io/media/games/021/021c4e21a1824d2526f925eff6324653.jpg'}, 'released_at': '1971-01-01', 'requirements': {}}]",[],[],"[{'id': 10, 'name': 'Strategy', 'slug': 'strategy', 'games_count': 59661, 'image_background': 'https://media.rawg.io/media/games/08b/08b2eee52a9876a48b955e5149affe5b.jpg'}]","[{'id': 715, 'name': 'Text based', 'slug': 'text-based-2', 'language': 'eng', 'games_count': 6961, 'image_background': 'https://media.rawg.io/media/screenshots/2c9/2c99f6a2d11958cd83357422a6ce4bff.jpg'}]",[],,,"Star Trek is a text-based strategy video game based on the Star Trek television series and originally developed by Mike Mayfield in 1971. In the game, the player commands the USS Enterprise on a mission to hunt down and destroy an invading fleet of Klingon warships. The player travels through the 64 quadrants of the galaxy to attack enemy ships with phasers and photon torpedoes in turn-based battles and refuel at starbases in order to eliminate all enemies before running out of time.

Mayfield originally wrote the game in the BASIC programming language for the SDS Sigma 7 mainframe computer with the goal of creating a game like Spacewar! (1962) that could be played with a teleprinter instead of a graphical display. He then rewrote it for the HP 2000C minicomputer in 1972, and it was included in Hewlett-Packard's public domain software catalog the following year. It was picked up from there by David H. Ahl, who ported it with Mary Cole to BASIC-PLUS and published the source code in the Digital Equipment Corporation Edu newsletter. It was republished with other computer games in his best-selling 101 BASIC Computer Games book. Bob Leedom then expanded the game in 1974 into Super Star Trek, which was later printed by Ahl in BASIC Computer Games, the first million-selling computer book.

Star Trek, especially the Super Star Trek version, was immensely popular during the early microcomputer era. This, along with the availability of the source code, led to numerous ports of both versions of the game. Additionally, dozens of variants and expansions were made for a variety of systems. Ahl claimed in 1978 that it was difficult to find a computer installation that did not contain a version of Star Trek, and by 1980, Star Trek was described by The Dragon magazine as ""one of the most popular (if not the most popular) computer games around"", with ""literally scores of different versions of this game floating around"".",,,,,3.0,8,6,2.0,2,,,,
911404,baseball-1971,Baseball (1971),Baseball (1971),"<p>Baseball, a sports game that was created on a PDP-10 minicomputer at Pomona College in 1971 by English major Don Daglow. Baseball was the first baseball video game that allowed players to manage the game as it unfolded, rather than just picking players at the beginning of a game. The program is documented at the National Baseball Hall of Fame and Museum in Cooperstown, New York. Baseball was continually updated through 1974, and distributed to other PDP-10 installations. The text-based game had each player control the pitcher or the batter; they would enter their intention to, for example, pitch to or walk the batter, or switch hitters. The batting player could direct on-base players to steal, and the batter to hit. The results of the play would be printed out onto paper as a verbose description, like a radio description of the game. Daglow went on to develop more sophisticated baseball games in 1983 with Intellivision World Series Baseball, and 1987 with Earl Weaver Baseball, as well as numerous other games.</p>",,[],1971-01-01,False,2023-01-17T06:00:40,,,,0.0,0,[],5,0,0,0,0,0,0,,,,,0,0,0,0,0,0,[],,0,0,0,,0,0f0f0f,0f0f0f,"[{'platform': {'id': 1, 'name': 'PC', 'slug': 'pc'}}]","[{'platform': {'id': 4, 'name': 'PC', 'slug': 'pc', 'image': None, 'year_end': None, 'year_start': None, 'games_count': 547194, 'image_background': 'https://media.rawg.io/media/games/4be/4be6a6ad0364751a96229c56bf69be59.jpg'}, 'released_at': '1971-01-01', 'requirements': {}}]",[],"[{'id': 27120, 'name': 'Don Daglow', 'slug': 'don-daglow', 'games_count': 2, 'image_background': 'https://media.rawg.io/media/screenshots/901/901ecc65ec6e54ae24675ad49be5c574.jpg'}]","[{'id': 14, 'name': 'Simulation', 'slug': 'simulation', 'games_count': 73491, 'image_background': 'https://media.rawg.io/media/games/48c/48cb04ca483be865e3a83119c94e6097.jpg'}, {'id': 15, 'name': 'Sports', 'slug': 'sports', 'games_count': 22123, 'image_background': 'https://media.rawg.io/media/games/5eb/5eb49eb2fa0738fdb5bacea557b1bc57.jpg'}]",[],[],,,"Baseball, a sports game that was created on a PDP-10 minicomputer at Pomona College in 1971 by English major Don Daglow. Baseball was the first baseball video game that allowed players to manage the game as it unfolded, rather than just picking players at the beginning of a game. The program is documented at the National Baseball Hall of Fame and Museum in Cooperstown, New York. Baseball was continually updated through 1974, and distributed to other PDP-10 installations. The text-based game had each player control the pitcher or the batter; they would enter their intention to, for example, pitch to or walk the batter, or switch hitters. The batting player could direct on-base players to steal, and the batter to hit. The results of the play would be printed out onto paper as a verbose description, like a radio description of the game. Daglow went on to develop more sophisticated baseball games in 1983 with Intellivision World Series Baseball, and 1987 with Earl Weaver Baseball, as well as numerous other games.",,,,,,2,2,,1,,,,0.0
